{
    "Luke": {
        "mi": 247.9963264535115,
        "recent1": 4.139885568281237,
        "recent3": 10.231870874095284,
        "recent7": 12.293394078581088
    },
    "Brib": {
        "mi": 2931.851176628491,
        "recent1": 31.510913763620454,
        "recent3": 72.84036228425992,
        "recent7": 109.07661755348762
    },
    "Botond": {
        "mi": 210.9396747991727,
        "recent1": 0,
        "recent3": 12.027944305257298,
        "recent7": 40.28138173069275
    },
    "Justin": {
        "mi": 2649.494452397995,
        "recent1": 0,
        "recent3": 0,
        "recent7": 18.608948739362123
    },
    "Travis": {
        "mi": 905.4922999681855,
        "recent1": 0,
        "recent3": 0,
        "recent7": 4.189160303825658
    },
    "Jerome": {
        "mi": 1031.6958959675496,
        "recent1": 0,
        "recent3": 0,
        "recent7": 0
    },
    "conor": {
        "mi": 25.448381452318454,
        "recent1": 0,
        "recent3": 0,
        "recent7": 0
    },
    "Brendan": {
        "mi": 40.85061987990137,
        "recent1": 0,
        "recent3": 0,
        "recent7": 0
    },
    "Tyler": {
        "mi": 113.99986578382249,
        "recent1": 0,
        "recent3": 0,
        "recent7": 0
    },
    "_meta": {
        "num_activities": 655,
        "time": "2024-06-01 02:09:46"
    }
}