{
    "Brib": {
        "mi": 728.9002226994353,
        "recent1": 21.026455499880697,
        "recent3": 107.17907420663326,
        "recent7": 212.1520942694663
    },
    "Tyler": {
        "mi": 88.19991251093612,
        "recent1": 9.999975145152309,
        "recent3": 19.999950290304618,
        "recent7": 42.999942833850305
    },
    "Justin": {
        "mi": 660.0457702020203,
        "recent1": 21.015208681301196,
        "recent3": 71.3506248508709,
        "recent7": 153.11058418834008
    },
    "Travis": {
        "mi": 344.6408598783106,
        "recent1": 0,
        "recent3": 24.60008550067605,
        "recent7": 50.400163047800845
    },
    "Luke": {
        "mi": 67.42014137437364,
        "recent1": 0,
        "recent3": 19.54361528672552,
        "recent7": 27.92249512844985
    },
    "Brendan": {
        "mi": 35.08827199156923,
        "recent1": 0,
        "recent3": 22.79096327447705,
        "recent7": 35.08827199156923
    },
    "Jerome": {
        "mi": 527.8580589358149,
        "recent1": 0,
        "recent3": 28.208077328402133,
        "recent7": 116.57203183408892
    },
    "conor": {
        "mi": 7.710843672949971,
        "recent1": 0,
        "recent3": 0,
        "recent7": 0
    },
    "_meta": {
        "num_activities": 182,
        "time": "2024-01-29 18:17:58"
    }
}