{
    "Brib": {
        "mi": 1313.3335073172664,
        "recent1": 39.21796707229778,
        "recent3": 89.84872096953788,
        "recent7": 89.84872096953788
    },
    "Justin": {
        "mi": 1438.8726711007714,
        "recent1": 35.105235425117314,
        "recent3": 91.07406496062991,
        "recent7": 174.49861558498367
    },
    "Jerome": {
        "mi": 783.1421374174818,
        "recent1": 15.15797741191442,
        "recent3": 32.53468493995069,
        "recent7": 32.53468493995069
    },
    "Travis": {
        "mi": 607.7413529984888,
        "recent1": 13.099996023224369,
        "recent3": 40.90001888968424,
        "recent7": 50.200081523900415
    },
    "conor": {
        "mi": 25.448381452318454,
        "recent1": 0,
        "recent3": 0,
        "recent7": 8.93364004215382
    },
    "Luke": {
        "mi": 151.29742304939157,
        "recent1": 0,
        "recent3": 0,
        "recent7": 12.689642487870834
    },
    "Brendan": {
        "mi": 40.85061987990137,
        "recent1": 0,
        "recent3": 0,
        "recent7": 2.0000074564543064
    },
    "Tyler": {
        "mi": 113.99986578382249,
        "recent1": 0,
        "recent3": 0,
        "recent7": 0
    },
    "_meta": {
        "num_activities": 313,
        "time": "2024-02-29 17:13:16"
    }
}