{
    "Brib": {
        "mi": 3390.9071646583952,
        "recent1": 40.517875606458276,
        "recent3": 83.08944514038016,
        "recent7": 104.51277042074284
    },
    "Botond": {
        "mi": 368.72818987115255,
        "recent1": 2.50021126620536,
        "recent3": 9.894342042471962,
        "recent7": 24.70863904795991
    },
    "Luke": {
        "mi": 276.92886045494316,
        "recent1": 0,
        "recent3": 5.867173208462578,
        "recent7": 5.867173208462578
    },
    "Travis": {
        "mi": 949.1940815636681,
        "recent1": 0,
        "recent3": 0,
        "recent7": 0
    },
    "Justin": {
        "mi": 2781.8126516145703,
        "recent1": 0,
        "recent3": 0,
        "recent7": 0
    },
    "Jerome": {
        "mi": 1031.6958959675496,
        "recent1": 0,
        "recent3": 0,
        "recent7": 0
    },
    "conor": {
        "mi": 25.448381452318454,
        "recent1": 0,
        "recent3": 0,
        "recent7": 0
    },
    "Brendan": {
        "mi": 40.85061987990137,
        "recent1": 0,
        "recent3": 0,
        "recent7": 0
    },
    "Tyler": {
        "mi": 113.99986578382249,
        "recent1": 0,
        "recent3": 0,
        "recent7": 0
    },
    "_meta": {
        "num_activities": 769,
        "time": "2024-07-06 22:15:37"
    }
}