{
    "Justin": {
        "mi": 777.0003802791696,
        "recent1": 22.19612463214825,
        "recent3": 76.586112105305,
        "recent7": 137.96981875845063
    },
    "Brib": {
        "mi": 935.7684870357115,
        "recent1": 20.68047602004295,
        "recent3": 145.00405134017336,
        "recent7": 227.8947198361568
    },
    "Luke": {
        "mi": 123.49926429650837,
        "recent1": 4.253285810864551,
        "recent3": 51.017371053050184,
        "recent7": 56.07912292213473
    },
    "Travis": {
        "mi": 404.7410000596516,
        "recent1": 0,
        "recent3": 27.10011035552374,
        "recent7": 60.10014018134096
    },
    "Jerome": {
        "mi": 599.7578516463851,
        "recent1": 0,
        "recent3": 4.000014912908613,
        "recent7": 71.89979271057027
    },
    "Tyler": {
        "mi": 100.49989312415494,
        "recent1": 0,
        "recent3": 5.29998558418834,
        "recent7": 22.29995575837111
    },
    "Brendan": {
        "mi": 38.1951279527559,
        "recent1": 0,
        "recent3": 0,
        "recent7": 3.1068559611866697
    },
    "conor": {
        "mi": 7.710843672949971,
        "recent1": 0,
        "recent3": 0,
        "recent7": 0
    },
    "_meta": {
        "num_activities": 217,
        "time": "2024-02-04 21:26:49"
    }
}