{
    "Brib": {
        "mi": 2931.851176628491,
        "recent1": 31.510913763620454,
        "recent3": 72.84036228425992,
        "recent7": 109.07661755348762
    },
    "Luke": {
        "mi": 246.0296244929611,
        "recent1": 2.1731836077308517,
        "recent3": 8.265168913544898,
        "recent7": 10.3266921180307
    },
    "Botond": {
        "mi": 210.9396747991727,
        "recent1": 0,
        "recent3": 14.388782013043825,
        "recent7": 43.34045424719637
    },
    "Justin": {
        "mi": 2649.494452397995,
        "recent1": 0,
        "recent3": 0,
        "recent7": 18.608948739362123
    },
    "Travis": {
        "mi": 905.4922999681855,
        "recent1": 0,
        "recent3": 0,
        "recent7": 4.189160303825658
    },
    "Jerome": {
        "mi": 1031.6958959675496,
        "recent1": 0,
        "recent3": 0,
        "recent7": 0
    },
    "conor": {
        "mi": 25.448381452318454,
        "recent1": 0,
        "recent3": 0,
        "recent7": 0
    },
    "Brendan": {
        "mi": 40.85061987990137,
        "recent1": 0,
        "recent3": 0,
        "recent7": 0
    },
    "Tyler": {
        "mi": 113.99986578382249,
        "recent1": 0,
        "recent3": 0,
        "recent7": 0
    },
    "_meta": {
        "num_activities": 654,
        "time": "2024-05-31 22:46:49"
    }
}