{
    "Justin": {
        "mi": 1243.7358948739359,
        "recent1": 71.31458532172115,
        "recent3": 128.69858774755428,
        "recent7": 253.47787670007156
    },
    "Travis": {
        "mi": 557.5412714745884,
        "recent1": 10.000037282271533,
        "recent3": 30.60010787003897,
        "recent7": 60.00016155650997
    },
    "Jerome": {
        "mi": 750.6074524775311,
        "recent1": 15.11721546170365,
        "recent3": 15.11721546170365,
        "recent7": 15.11721546170365
    },
    "Brib": {
        "mi": 1223.4847863477287,
        "recent1": 20.043632685118904,
        "recent3": 77.48405561520718,
        "recent7": 77.48405561520718
    },
    "Tyler": {
        "mi": 113.99986578382249,
        "recent1": 9.999975145152309,
        "recent3": 9.999975145152309,
        "recent7": 9.999975145152309
    },
    "Luke": {
        "mi": 138.60778056152074,
        "recent1": 0,
        "recent3": 1.3739759802751927,
        "recent7": 9.04679173626024
    },
    "Brendan": {
        "mi": 38.85061242344706,
        "recent1": 0,
        "recent3": 0,
        "recent7": 0.6554844706911636
    },
    "conor": {
        "mi": 16.514741410164635,
        "recent1": 0,
        "recent3": 0,
        "recent7": 4.626108526206951
    },
    "_meta": {
        "num_activities": 286,
        "time": "2024-02-21 22:13:31"
    }
}