{
    "Botond": {
        "mi": 226.82776336196594,
        "recent1": 12.596374671916008,
        "recent3": 15.888088562793286,
        "recent7": 33.528257476338176
    },
    "Luke": {
        "mi": 257.8762526843236,
        "recent1": 3.4248116002545137,
        "recent3": 6.524024695776664,
        "recent7": 22.17332030939314
    },
    "Brib": {
        "mi": 2946.9078083989516,
        "recent1": 15.056631770460509,
        "recent3": 15.056631770460509,
        "recent7": 87.89699405472044
    },
    "Justin": {
        "mi": 2663.3066019446424,
        "recent1": 13.812149546647577,
        "recent3": 13.812149546647577,
        "recent7": 32.4210982860097
    },
    "Travis": {
        "mi": 912.2929591187462,
        "recent1": 6.800659150560725,
        "recent3": 6.800659150560725,
        "recent7": 10.989819454386383
    },
    "Jerome": {
        "mi": 1031.6958959675496,
        "recent1": 0,
        "recent3": 0,
        "recent7": 0
    },
    "conor": {
        "mi": 25.448381452318454,
        "recent1": 0,
        "recent3": 0,
        "recent7": 0
    },
    "Brendan": {
        "mi": 40.85061987990137,
        "recent1": 0,
        "recent3": 0,
        "recent7": 0
    },
    "Tyler": {
        "mi": 113.99986578382249,
        "recent1": 0,
        "recent3": 0,
        "recent7": 0
    },
    "_meta": {
        "num_activities": 672,
        "time": "2024-06-04 21:26:27"
    }
}