{
    "Botond": {
        "mi": 358.83384782868063,
        "recent1": 5.485029925236618,
        "recent3": 14.81429700548795,
        "recent7": 24.445550485166628
    },
    "Brib": {
        "mi": 3307.817719518015,
        "recent1": 21.42332528036268,
        "recent3": 21.42332528036268,
        "recent7": 67.04551668257376
    },
    "Travis": {
        "mi": 949.1940815636681,
        "recent1": 0,
        "recent3": 0,
        "recent7": 4.186985504652827
    },
    "Luke": {
        "mi": 271.0616872464806,
        "recent1": 0,
        "recent3": 0,
        "recent7": 0
    },
    "Justin": {
        "mi": 2781.8126516145703,
        "recent1": 0,
        "recent3": 0,
        "recent7": 0
    },
    "Jerome": {
        "mi": 1031.6958959675496,
        "recent1": 0,
        "recent3": 0,
        "recent7": 0
    },
    "conor": {
        "mi": 25.448381452318454,
        "recent1": 0,
        "recent3": 0,
        "recent7": 0
    },
    "Brendan": {
        "mi": 40.85061987990137,
        "recent1": 0,
        "recent3": 0,
        "recent7": 0
    },
    "Tyler": {
        "mi": 113.99986578382249,
        "recent1": 0,
        "recent3": 0,
        "recent7": 0
    },
    "_meta": {
        "num_activities": 761,
        "time": "2024-07-03 23:18:58"
    }
}