{
    "Brib": {
        "mi": 1562.5809646663486,
        "recent1": 108.70665314562952,
        "recent3": 249.26056828123754,
        "recent7": 339.09617831861925
    },
    "Justin": {
        "mi": 1632.8673670762753,
        "recent1": 92.28493100294281,
        "recent3": 193.99469597550308,
        "recent7": 326.7771216097988
    },
    "Jerome": {
        "mi": 867.547211783186,
        "recent1": 25.188524019724806,
        "recent3": 84.40507436570428,
        "recent7": 116.93975930565496
    },
    "Luke": {
        "mi": 161.23060079137838,
        "recent1": 9.933177741986796,
        "recent3": 9.933177741986796,
        "recent7": 9.933177741986796
    },
    "Travis": {
        "mi": 655.2414524178796,
        "recent1": 0,
        "recent3": 47.50009941939076,
        "recent7": 88.400118309075
    },
    "conor": {
        "mi": 25.448381452318454,
        "recent1": 0,
        "recent3": 0,
        "recent7": 8.93364004215382
    },
    "Brendan": {
        "mi": 40.85061987990137,
        "recent1": 0,
        "recent3": 0,
        "recent7": 0
    },
    "Tyler": {
        "mi": 113.99986578382249,
        "recent1": 0,
        "recent3": 0,
        "recent7": 0
    },
    "_meta": {
        "num_activities": 336,
        "time": "2024-03-03 17:12:27"
    }
}