{
    "Luke": {
        "mi": 214.18584218165913,
        "recent1": 4.203886801081683,
        "recent3": 7.82150988228744,
        "recent7": 12.23939692197566
    },
    "Botond": {
        "mi": 100.14900481189854,
        "recent1": 4.373831822158593,
        "recent3": 12.635645331265406,
        "recent7": 24.775933548079212
    },
    "Brib": {
        "mi": 2729.2529751252696,
        "recent1": 20.018529288952514,
        "recent3": 62.6835530501869,
        "recent7": 120.46597868448262
    },
    "Justin": {
        "mi": 2575.102277698242,
        "recent1": 0,
        "recent3": 19.830937326016063,
        "recent7": 70.53122265966753
    },
    "Travis": {
        "mi": 867.8941854569314,
        "recent1": 0,
        "recent3": 0,
        "recent7": 2.0504627972639784
    },
    "Jerome": {
        "mi": 1031.6958959675496,
        "recent1": 0,
        "recent3": 0,
        "recent7": 0
    },
    "conor": {
        "mi": 25.448381452318454,
        "recent1": 0,
        "recent3": 0,
        "recent7": 0
    },
    "Brendan": {
        "mi": 40.85061987990137,
        "recent1": 0,
        "recent3": 0,
        "recent7": 0
    },
    "Tyler": {
        "mi": 113.99986578382249,
        "recent1": 0,
        "recent3": 0,
        "recent7": 0
    },
    "_meta": {
        "num_activities": 569,
        "time": "2024-05-13 23:15:47"
    }
}