{
    "Justin": {
        "mi": 1030.7742160781036,
        "recent1": 40.516197904239235,
        "recent3": 75.87134882287441,
        "recent7": 167.72138212837032
    },
    "Travis": {
        "mi": 503.54113228744126,
        "recent1": 6.000022369362919,
        "recent3": 8.200049212598424,
        "recent7": 54.60013521037142
    },
    "Brib": {
        "mi": 1146.0007307325216,
        "recent1": 0,
        "recent3": 35.03228644714865,
        "recent7": 126.83236150878867
    },
    "Luke": {
        "mi": 129.56098882526047,
        "recent1": 0,
        "recent3": 2.8467499801161216,
        "recent7": 6.061724528752087
    },
    "Jerome": {
        "mi": 735.4902370158276,
        "recent1": 0,
        "recent3": 0,
        "recent7": 73.16875695935735
    },
    "conor": {
        "mi": 11.888632883957685,
        "recent1": 0,
        "recent3": 0,
        "recent7": 4.177789211007714
    },
    "Tyler": {
        "mi": 103.99989063867017,
        "recent1": 0,
        "recent3": 0,
        "recent7": 0
    },
    "Brendan": {
        "mi": 38.1951279527559,
        "recent1": 0,
        "recent3": 0,
        "recent7": 0
    },
    "_meta": {
        "num_activities": 258,
        "time": "2024-02-16 13:27:36"
    }
}