{
    "Justin": {
        "mi": 1172.421309552215,
        "recent1": 25.263274974150956,
        "recent3": 141.6470934741112,
        "recent7": 217.51844229698557
    },
    "Brib": {
        "mi": 1182.5054804939148,
        "recent1": 36.50474976139346,
        "recent3": 36.50474976139346,
        "recent7": 71.5370362085421
    },
    "Travis": {
        "mi": 533.2411839855243,
        "recent1": 6.300020380975105,
        "recent3": 19.60003579098067,
        "recent7": 37.900100910681616
    },
    "Luke": {
        "mi": 137.23380458124555,
        "recent1": 0,
        "recent3": 5.734137636204565,
        "recent7": 10.519565736101168
    },
    "Brendan": {
        "mi": 38.85061242344706,
        "recent1": 0,
        "recent3": 0.6554844706911636,
        "recent7": 0.6554844706911636
    },
    "conor": {
        "mi": 16.514741410164635,
        "recent1": 0,
        "recent3": 0,
        "recent7": 4.626108526206951
    },
    "Jerome": {
        "mi": 735.4902370158276,
        "recent1": 0,
        "recent3": 0,
        "recent7": 0
    },
    "Tyler": {
        "mi": 103.99989063867017,
        "recent1": 0,
        "recent3": 0,
        "recent7": 0
    },
    "_meta": {
        "num_activities": 277,
        "time": "2024-02-20 13:29:03"
    }
}