{
    "Botond": {
        "mi": 293.4038962459237,
        "recent1": 4.781327050027837,
        "recent3": 21.45029279010578,
        "recent7": 33.775128251014074
    },
    "Travis": {
        "mi": 933.1804138829236,
        "recent1": 5.017199554601129,
        "recent3": 5.017199554601129,
        "recent7": 9.583407897876402
    },
    "Brib": {
        "mi": 3110.7943360773093,
        "recent1": 17.198622544341045,
        "recent3": 17.198622544341045,
        "recent7": 92.10585182534001
    },
    "Justin": {
        "mi": 2781.8126516145703,
        "recent1": 0,
        "recent3": 27.1892771216098,
        "recent7": 44.76656327050028
    },
    "Luke": {
        "mi": 267.69839139425756,
        "recent1": 0,
        "recent3": 0,
        "recent7": 0
    },
    "Jerome": {
        "mi": 1031.6958959675496,
        "recent1": 0,
        "recent3": 0,
        "recent7": 0
    },
    "conor": {
        "mi": 25.448381452318454,
        "recent1": 0,
        "recent3": 0,
        "recent7": 0
    },
    "Brendan": {
        "mi": 40.85061987990137,
        "recent1": 0,
        "recent3": 0,
        "recent7": 0
    },
    "Tyler": {
        "mi": 113.99986578382249,
        "recent1": 0,
        "recent3": 0,
        "recent7": 0
    },
    "_meta": {
        "num_activities": 720,
        "time": "2024-06-17 22:15:21"
    }
}