{
    "Botond": {
        "mi": 366.2279786049472,
        "recent1": 4.184810705479997,
        "recent3": 15.987445816432036,
        "recent7": 25.54699306052652
    },
    "Brib": {
        "mi": 3328.823421220075,
        "recent1": 0,
        "recent3": 42.42902698242265,
        "recent7": 42.42902698242265
    },
    "Luke": {
        "mi": 274.48873578302715,
        "recent1": 0,
        "recent3": 3.4270485365465677,
        "recent7": 3.4270485365465677
    },
    "Travis": {
        "mi": 949.1940815636681,
        "recent1": 0,
        "recent3": 0,
        "recent7": 0
    },
    "Justin": {
        "mi": 2781.8126516145703,
        "recent1": 0,
        "recent3": 0,
        "recent7": 0
    },
    "Jerome": {
        "mi": 1031.6958959675496,
        "recent1": 0,
        "recent3": 0,
        "recent7": 0
    },
    "conor": {
        "mi": 25.448381452318454,
        "recent1": 0,
        "recent3": 0,
        "recent7": 0
    },
    "Brendan": {
        "mi": 40.85061987990137,
        "recent1": 0,
        "recent3": 0,
        "recent7": 0
    },
    "Tyler": {
        "mi": 113.99986578382249,
        "recent1": 0,
        "recent3": 0,
        "recent7": 0
    },
    "_meta": {
        "num_activities": 765,
        "time": "2024-07-05 20:18:29"
    }
}