{
    "Brib": {
        "mi": 1835.930913465362,
        "recent1": 16.00919380816034,
        "recent3": 57.65815139584824,
        "recent7": 143.32908315437842
    },
    "Justin": {
        "mi": 1862.2147906227635,
        "recent1": 22.96768124154935,
        "recent3": 63.67302453670563,
        "recent7": 83.88206623319812
    },
    "Luke": {
        "mi": 169.00041259047168,
        "recent1": 2.3965044142209497,
        "recent3": 7.7698117990932944,
        "recent7": 7.7698117990932944
    },
    "Travis": {
        "mi": 736.9415737095362,
        "recent1": 10.10001590710252,
        "recent3": 12.200001988387815,
        "recent7": 44.80005517776187
    },
    "Jerome": {
        "mi": 945.500029825817,
        "recent1": 0,
        "recent3": 4.000014912908613,
        "recent7": 21.028195339218957
    },
    "conor": {
        "mi": 25.448381452318454,
        "recent1": 0,
        "recent3": 0,
        "recent7": 0
    },
    "Brendan": {
        "mi": 40.85061987990137,
        "recent1": 0,
        "recent3": 0,
        "recent7": 0
    },
    "Tyler": {
        "mi": 113.99986578382249,
        "recent1": 0,
        "recent3": 0,
        "recent7": 0
    },
    "_meta": {
        "num_activities": 380,
        "time": "2024-03-13 17:14:30"
    }
}