{
    "Justin": {
        "mi": 1971.3083716097988,
        "recent1": 19.16010498687664,
        "recent3": 70.6449957249662,
        "recent7": 109.0935809870357
    },
    "Jerome": {
        "mi": 1012.2065263859062,
        "recent1": 15.223842758291575,
        "recent3": 30.335962976218877,
        "recent7": 66.70649656008908
    },
    "Travis": {
        "mi": 788.2416686550544,
        "recent1": 4.9999875725761544,
        "recent3": 11.099988566770062,
        "recent7": 51.30009494551817
    },
    "Brib": {
        "mi": 1924.9442008669369,
        "recent1": 0,
        "recent3": 13.258507814364112,
        "recent7": 105.02248120973513
    },
    "Luke": {
        "mi": 169.00041259047168,
        "recent1": 0,
        "recent3": 0,
        "recent7": 0
    },
    "conor": {
        "mi": 25.448381452318454,
        "recent1": 0,
        "recent3": 0,
        "recent7": 0
    },
    "Brendan": {
        "mi": 40.85061987990137,
        "recent1": 0,
        "recent3": 0,
        "recent7": 0
    },
    "Tyler": {
        "mi": 113.99986578382249,
        "recent1": 0,
        "recent3": 0,
        "recent7": 0
    },
    "_meta": {
        "num_activities": 408,
        "time": "2024-03-20 13:19:06"
    }
}