{
    "Justin": {
        "mi": 2630.885503658633,
        "recent1": 19.847527936848802,
        "recent3": 19.847527936848802,
        "recent7": 36.68140559134653
    },
    "Luke": {
        "mi": 235.7029323749304,
        "recent1": 0.9279557384872346,
        "recent3": 8.76736111111111,
        "recent7": 16.49933140459715
    },
    "Botond": {
        "mi": 165.494760598107,
        "recent1": 6.347306728704367,
        "recent3": 19.35894376839259,
        "recent7": 44.58493647100931
    },
    "Brib": {
        "mi": 2807.2624622206326,
        "recent1": 20.677990535274,
        "recent3": 58.78426240753996,
        "recent7": 58.78426240753996
    },
    "Travis": {
        "mi": 901.3031396643601,
        "recent1": 0,
        "recent3": 10.000534379225323,
        "recent7": 14.184102342320845
    },
    "Jerome": {
        "mi": 1031.6958959675496,
        "recent1": 0,
        "recent3": 0,
        "recent7": 0
    },
    "conor": {
        "mi": 25.448381452318454,
        "recent1": 0,
        "recent3": 0,
        "recent7": 0
    },
    "Brendan": {
        "mi": 40.85061987990137,
        "recent1": 0,
        "recent3": 0,
        "recent7": 0
    },
    "Tyler": {
        "mi": 113.99986578382249,
        "recent1": 0,
        "recent3": 0,
        "recent7": 0
    },
    "_meta": {
        "num_activities": 624,
        "time": "2024-05-24 13:17:47"
    }
}