{
    "Travis": {
        "mi": 562.6412998091148,
        "recent1": 5.100028334526366,
        "recent3": 29.40011582359023,
        "recent7": 59.10016752167341
    },
    "Justin": {
        "mi": 1264.3740555157876,
        "recent1": 0,
        "recent3": 91.95274596357274,
        "recent7": 233.59983943768393
    },
    "Jerome": {
        "mi": 750.6074524775311,
        "recent1": 0,
        "recent3": 15.11721546170365,
        "recent7": 15.11721546170365
    },
    "Brib": {
        "mi": 1223.4847863477287,
        "recent1": 0,
        "recent3": 40.97930585381373,
        "recent7": 77.48405561520718
    },
    "Tyler": {
        "mi": 113.99986578382249,
        "recent1": 0,
        "recent3": 9.999975145152309,
        "recent7": 9.999975145152309
    },
    "Luke": {
        "mi": 138.60778056152074,
        "recent1": 0,
        "recent3": 0,
        "recent7": 9.04679173626024
    },
    "Brendan": {
        "mi": 38.85061242344706,
        "recent1": 0,
        "recent3": 0,
        "recent7": 0.6554844706911636
    },
    "conor": {
        "mi": 16.514741410164635,
        "recent1": 0,
        "recent3": 0,
        "recent7": 4.626108526206951
    },
    "_meta": {
        "num_activities": 288,
        "time": "2024-02-22 19:26:33"
    }
}