{
    "Jerome": {
        "mi": 975.6043456215699,
        "recent1": 13.085455937326016,
        "recent3": 30.104315795752804,
        "recent7": 34.104330708661415
    },
    "Travis": {
        "mi": 767.1416428060127,
        "recent1": 25.100040761950208,
        "recent3": 40.30008500357909,
        "recent7": 72.90013819295315
    },
    "Brib": {
        "mi": 1880.0170752803626,
        "recent1": 21.013841664678278,
        "recent3": 60.095355623160735,
        "recent7": 112.26350612423447
    },
    "Justin": {
        "mi": 1878.4102093772374,
        "recent1": 16.19541875447387,
        "recent3": 39.16309999602322,
        "recent7": 100.07748498767198
    },
    "Luke": {
        "mi": 169.00041259047168,
        "recent1": 0,
        "recent3": 2.3965044142209497,
        "recent7": 7.7698117990932944
    },
    "conor": {
        "mi": 25.448381452318454,
        "recent1": 0,
        "recent3": 0,
        "recent7": 0
    },
    "Brendan": {
        "mi": 40.85061987990137,
        "recent1": 0,
        "recent3": 0,
        "recent7": 0
    },
    "Tyler": {
        "mi": 113.99986578382249,
        "recent1": 0,
        "recent3": 0,
        "recent7": 0
    },
    "_meta": {
        "num_activities": 389,
        "time": "2024-03-15 19:46:50"
    }
}