{
    "Brib": {
        "mi": 3593.555386542592,
        "recent1": 43.26048377475543,
        "recent3": 43.26048377475543,
        "recent7": 75.9336723534558
    },
    "Botond": {
        "mi": 440.669987274318,
        "recent1": 6.89262208701185,
        "recent3": 12.50385250139187,
        "recent7": 29.966557802433787
    },
    "Luke": {
        "mi": 308.4649397518492,
        "recent1": 0,
        "recent3": 10.248026525093454,
        "recent7": 14.304399805137994
    },
    "Travis": {
        "mi": 989.6744884872344,
        "recent1": 0,
        "recent3": 0,
        "recent7": 10.252003300723773
    },
    "Justin": {
        "mi": 2824.652839914897,
        "recent1": 0,
        "recent3": 0,
        "recent7": 21.430284637715737
    },
    "Jerome": {
        "mi": 1031.6958959675496,
        "recent1": 0,
        "recent3": 0,
        "recent7": 0
    },
    "conor": {
        "mi": 25.448381452318454,
        "recent1": 0,
        "recent3": 0,
        "recent7": 0
    },
    "Brendan": {
        "mi": 40.85061987990137,
        "recent1": 0,
        "recent3": 0,
        "recent7": 0
    },
    "Tyler": {
        "mi": 113.99986578382249,
        "recent1": 0,
        "recent3": 0,
        "recent7": 0
    },
    "_meta": {
        "num_activities": 834,
        "time": "2024-07-21 22:15:23"
    }
}