{
    "Botond": {
        "mi": 264.35094050743646,
        "recent1": 6.2573321800684,
        "recent3": 13.50662133142448,
        "recent7": 36.008460590153504
    },
    "Travis": {
        "mi": 928.1632143283225,
        "recent1": 11.307775093454227,
        "recent3": 11.307775093454227,
        "recent7": 15.870255209576076
    },
    "Brib": {
        "mi": 3045.2885150719803,
        "recent1": 26.60003082001113,
        "recent3": 41.71923466952994,
        "recent7": 98.3807066730295
    },
    "Justin": {
        "mi": 2737.04608834407,
        "recent1": 17.537083432752723,
        "recent3": 35.50042750338026,
        "recent7": 73.73948639942734
    },
    "Luke": {
        "mi": 267.69839139425756,
        "recent1": 0,
        "recent3": 0,
        "recent7": 9.822138709933984
    },
    "Jerome": {
        "mi": 1031.6958959675496,
        "recent1": 0,
        "recent3": 0,
        "recent7": 0
    },
    "conor": {
        "mi": 25.448381452318454,
        "recent1": 0,
        "recent3": 0,
        "recent7": 0
    },
    "Brendan": {
        "mi": 40.85061987990137,
        "recent1": 0,
        "recent3": 0,
        "recent7": 0
    },
    "Tyler": {
        "mi": 113.99986578382249,
        "recent1": 0,
        "recent3": 0,
        "recent7": 0
    },
    "_meta": {
        "num_activities": 703,
        "time": "2024-06-11 23:15:44"
    }
}