{
    "Justin": {
        "mi": 2719.5090049113173,
        "recent1": 17.963344070627535,
        "recent3": 38.77722848564383,
        "recent7": 70.01455251332219
    },
    "Botond": {
        "mi": 253.33794390757961,
        "recent1": 5.78465511413346,
        "recent3": 12.094679571303585,
        "recent7": 42.39826910840689
    },
    "Luke": {
        "mi": 267.69839139425756,
        "recent1": 0,
        "recent3": 5.546234987671995,
        "recent7": 16.34616340571065
    },
    "Brib": {
        "mi": 3003.5692804024507,
        "recent1": 0,
        "recent3": 22.26167929292929,
        "recent7": 71.71810377396007
    },
    "Travis": {
        "mi": 916.8554392348681,
        "recent1": 0,
        "recent3": 4.562480116121848,
        "recent7": 11.363139266682573
    },
    "Jerome": {
        "mi": 1031.6958959675496,
        "recent1": 0,
        "recent3": 0,
        "recent7": 0
    },
    "conor": {
        "mi": 25.448381452318454,
        "recent1": 0,
        "recent3": 0,
        "recent7": 0
    },
    "Brendan": {
        "mi": 40.85061987990137,
        "recent1": 0,
        "recent3": 0,
        "recent7": 0
    },
    "Tyler": {
        "mi": 113.99986578382249,
        "recent1": 0,
        "recent3": 0,
        "recent7": 0
    },
    "_meta": {
        "num_activities": 693,
        "time": "2024-06-09 21:15:32"
    }
}