{
    "Botond": {
        "mi": 378.9625462300167,
        "recent1": 10.23435635886423,
        "recent3": 12.734567625069591,
        "recent7": 31.05700210769108
    },
    "Brib": {
        "mi": 3425.944422075081,
        "recent1": 35.03725741668654,
        "recent3": 75.55513302314482,
        "recent7": 139.55002783742938
    },
    "Travis": {
        "mi": 956.3327045056865,
        "recent1": 0,
        "recent3": 7.1386229420186105,
        "recent7": 7.1386229420186105
    },
    "Luke": {
        "mi": 276.92886045494316,
        "recent1": 0,
        "recent3": 0,
        "recent7": 5.867173208462578
    },
    "Justin": {
        "mi": 2781.8126516145703,
        "recent1": 0,
        "recent3": 0,
        "recent7": 0
    },
    "Jerome": {
        "mi": 1031.6958959675496,
        "recent1": 0,
        "recent3": 0,
        "recent7": 0
    },
    "conor": {
        "mi": 25.448381452318454,
        "recent1": 0,
        "recent3": 0,
        "recent7": 0
    },
    "Brendan": {
        "mi": 40.85061987990137,
        "recent1": 0,
        "recent3": 0,
        "recent7": 0
    },
    "Tyler": {
        "mi": 113.99986578382249,
        "recent1": 0,
        "recent3": 0,
        "recent7": 0
    },
    "_meta": {
        "num_activities": 776,
        "time": "2024-07-08 22:16:15"
    }
}