{
    "Travis": {
        "mi": 231.84055118110234,
        "recent1": 18.100045732919746,
        "recent3": 44.10014266682573,
        "recent7": 83.60027439751849
    },
    "Jerome": {
        "mi": 329.2462643163922,
        "recent1": 0.0,
        "recent3": 15.239563449455181,
        "recent7": 175.5573699594369
    },
    "Luke": {
        "mi": 30.695053388212834,
        "recent1": 2.3556181897717328,
        "recent3": 7.9860489739918865,
        "recent7": 30.695053388212834
    },
    "Brib": {
        "mi": 414.98219150163044,
        "recent1": 20.430622663644318,
        "recent3": 58.50700658156367,
        "recent7": 224.7070856199793
    },
    "Justin": {
        "mi": 375.8997454863597,
        "recent1": 20.51997584108804,
        "recent3": 73.18721168376679,
        "recent7": 198.74880696731088
    },
    "Tyler": {
        "mi": 45.19996967708582,
        "recent1": 1.499990058060924,
        "recent3": 16.500014912908615,
        "recent7": 30.29998558418834
    },
    "conor": {
        "mi": 7.710843672949971,
        "recent1": 0,
        "recent3": 0,
        "recent7": 0
    },
    "_meta": {
        "num_activities": 119,
        "time": "2024-01-19 01:10:09"
    }
}