{
    "Botond": {
        "mi": 458.1400868925476,
        "recent1": 6.280944285373419,
        "recent3": 17.470099618229536,
        "recent7": 33.66160373419231
    },
    "Brib": {
        "mi": 3645.5896936888576,
        "recent1": 20.02803626819375,
        "recent3": 52.0343071462658,
        "recent7": 106.3720373021554
    },
    "Luke": {
        "mi": 310.0430361687744,
        "recent1": 0,
        "recent3": 1.5780964169251568,
        "recent7": 13.52725085500676
    },
    "Travis": {
        "mi": 989.6744884872344,
        "recent1": 0,
        "recent3": 0,
        "recent7": 3.506273363556828
    },
    "Justin": {
        "mi": 2824.652839914897,
        "recent1": 0,
        "recent3": 0,
        "recent7": 0
    },
    "Jerome": {
        "mi": 1031.6958959675496,
        "recent1": 0,
        "recent3": 0,
        "recent7": 0
    },
    "conor": {
        "mi": 25.448381452318454,
        "recent1": 0,
        "recent3": 0,
        "recent7": 0
    },
    "Brendan": {
        "mi": 40.85061987990137,
        "recent1": 0,
        "recent3": 0,
        "recent7": 0
    },
    "Tyler": {
        "mi": 113.99986578382249,
        "recent1": 0,
        "recent3": 0,
        "recent7": 0
    },
    "_meta": {
        "num_activities": 844,
        "time": "2024-07-24 22:46:52"
    }
}