{
    "Travis": {
        "mi": 692.1415185317744,
        "recent1": 18.600000994193906,
        "recent3": 20.80002783742941,
        "recent7": 97.50016155650997
    },
    "Jerome": {
        "mi": 924.471834486598,
        "recent1": 20.475920623558416,
        "recent3": 40.81930277181261,
        "recent7": 156.48767448103078
    },
    "Brib": {
        "mi": 1692.6018303109843,
        "recent1": 0,
        "recent3": 130.0208656446353,
        "recent7": 402.9749388570747
    },
    "Justin": {
        "mi": 1778.3327243895658,
        "recent1": 0,
        "recent3": 145.46535731329038,
        "recent7": 374.5652887139107
    },
    "Luke": {
        "mi": 161.23060079137838,
        "recent1": 0,
        "recent3": 0,
        "recent7": 9.933177741986796
    },
    "conor": {
        "mi": 25.448381452318454,
        "recent1": 0,
        "recent3": 0,
        "recent7": 0
    },
    "Brendan": {
        "mi": 40.85061987990137,
        "recent1": 0,
        "recent3": 0,
        "recent7": 0
    },
    "Tyler": {
        "mi": 113.99986578382249,
        "recent1": 0,
        "recent3": 0,
        "recent7": 0
    },
    "_meta": {
        "num_activities": 353,
        "time": "2024-03-05 23:14:03"
    }
}