{
    "Justin": {
        "mi": 2015.3840943887697,
        "recent1": 20.25794360932156,
        "recent3": 44.07572277897081,
        "recent7": 91.00670832339138
    },
    "Jerome": {
        "mi": 1015.206506502028,
        "recent1": 2.999980116121848,
        "recent3": 2.999980116121848,
        "recent7": 33.33594309234073
    },
    "Brib": {
        "mi": 2004.2762765449772,
        "recent1": 21.00271912033723,
        "recent3": 44.293637656088436,
        "recent7": 92.59058349240435
    },
    "Travis": {
        "mi": 808.4417004692593,
        "recent1": 0,
        "recent3": 10.10001590710252,
        "recent7": 30.200006959357346
    },
    "Luke": {
        "mi": 169.00041259047168,
        "recent1": 0,
        "recent3": 0,
        "recent7": 0
    },
    "conor": {
        "mi": 25.448381452318454,
        "recent1": 0,
        "recent3": 0,
        "recent7": 0
    },
    "Brendan": {
        "mi": 40.85061987990137,
        "recent1": 0,
        "recent3": 0,
        "recent7": 0
    },
    "Tyler": {
        "mi": 113.99986578382249,
        "recent1": 0,
        "recent3": 0,
        "recent7": 0
    },
    "_meta": {
        "num_activities": 418,
        "time": "2024-03-24 20:26:36"
    }
}