{
    "Brib": {
        "mi": 2212.757620496303,
        "recent1": 42.93662510936132,
        "recent3": 83.4579182573769,
        "recent7": 125.4749761393462
    },
    "Justin": {
        "mi": 2140.412801737851,
        "recent1": 0,
        "recent3": 38.61647975821204,
        "recent7": 77.65984152549112
    },
    "Luke": {
        "mi": 171.35528513481273,
        "recent1": 0,
        "recent3": 0,
        "recent7": 2.354872544341048
    },
    "Jerome": {
        "mi": 1031.6958959675496,
        "recent1": 0,
        "recent3": 0,
        "recent7": 16.489389465521352
    },
    "Travis": {
        "mi": 808.4417004692593,
        "recent1": 0,
        "recent3": 0,
        "recent7": 0
    },
    "conor": {
        "mi": 25.448381452318454,
        "recent1": 0,
        "recent3": 0,
        "recent7": 0
    },
    "Brendan": {
        "mi": 40.85061987990137,
        "recent1": 0,
        "recent3": 0,
        "recent7": 0
    },
    "Tyler": {
        "mi": 113.99986578382249,
        "recent1": 0,
        "recent3": 0,
        "recent7": 0
    },
    "_meta": {
        "num_activities": 442,
        "time": "2024-04-05 17:15:14"
    }
}