{
    "Jerome": {
        "mi": 314.006700866937,
        "recent1": 21.44998210450966,
        "recent3": 57.11985753201304,
        "recent7": 223.83064155332852
    },
    "Brib": {
        "mi": 356.4751849200668,
        "recent1": 18.01889465521355,
        "recent3": 86.91628390201224,
        "recent7": 219.78253251014075
    },
    "Travis": {
        "mi": 185.74040105782228,
        "recent1": 0,
        "recent3": 9.800017895490335,
        "recent7": 71.10021226039926
    },
    "Justin": {
        "mi": 302.7125338025928,
        "recent1": 0,
        "recent3": 69.22690239004214,
        "recent7": 166.57252893104268
    },
    "Tyler": {
        "mi": 28.6999547641772,
        "recent1": 0,
        "recent3": 12.299980613218802,
        "recent7": 23.099971168376676
    },
    "conor": {
        "mi": 7.710843672949971,
        "recent1": 0,
        "recent3": 0,
        "recent7": 0
    },
    "_meta": {
        "num_activities": 94,
        "time": "2024-01-15 20:46:38"
    }
}