{
    "Brib": {
        "mi": 1671.4317759285775,
        "recent1": 74.27392776187067,
        "recent3": 217.5574644078581,
        "recent7": 427.9078929054324
    },
    "Travis": {
        "mi": 673.5415175375806,
        "recent1": 2.2000268432355043,
        "recent3": 38.400118309075,
        "recent7": 103.2001859142607
    },
    "Jerome": {
        "mi": 903.9959138630396,
        "recent1": 15.2791447944007,
        "recent3": 61.637226099578456,
        "recent7": 153.38846138550863
    },
    "Justin": {
        "mi": 1678.1602317466006,
        "recent1": 0,
        "recent3": 137.5777956732681,
        "recent7": 299.72361409369285
    },
    "Luke": {
        "mi": 161.23060079137838,
        "recent1": 0,
        "recent3": 9.933177741986796,
        "recent7": 9.933177741986796
    },
    "conor": {
        "mi": 25.448381452318454,
        "recent1": 0,
        "recent3": 0,
        "recent7": 0
    },
    "Brendan": {
        "mi": 40.85061987990137,
        "recent1": 0,
        "recent3": 0,
        "recent7": 0
    },
    "Tyler": {
        "mi": 113.99986578382249,
        "recent1": 0,
        "recent3": 0,
        "recent7": 0
    },
    "_meta": {
        "num_activities": 347,
        "time": "2024-03-05 01:57:13"
    }
}