{
    "Jerome": {
        "mi": 374.45754294917685,
        "recent1": 45.211278632784534,
        "recent3": 60.45084208223972,
        "recent7": 180.37784339457568
    },
    "Travis": {
        "mi": 231.84055118110234,
        "recent1": 10.10001590710252,
        "recent3": 44.10014266682573,
        "recent7": 58.10019486200588
    },
    "Luke": {
        "mi": 30.695053388212834,
        "recent1": 2.3556181897717328,
        "recent3": 7.9860489739918865,
        "recent7": 30.695053388212834
    },
    "Brib": {
        "mi": 414.98219150163044,
        "recent1": 20.430622663644318,
        "recent3": 58.50700658156367,
        "recent7": 186.5326493279249
    },
    "Justin": {
        "mi": 375.8997454863597,
        "recent1": 0,
        "recent3": 52.710296866300794,
        "recent7": 142.41411407380895
    },
    "Tyler": {
        "mi": 45.19996967708582,
        "recent1": 0,
        "recent3": 16.500014912908615,
        "recent7": 28.799995526127418
    },
    "conor": {
        "mi": 7.710843672949971,
        "recent1": 0,
        "recent3": 0,
        "recent7": 0
    },
    "_meta": {
        "num_activities": 120,
        "time": "2024-01-19 02:07:40"
    }
}