{
    "Brib": {
        "mi": 2748.4781998130925,
        "recent1": 19.22522468782311,
        "recent3": 60.400511015668485,
        "recent7": 119.18284717251251
    },
    "Botond": {
        "mi": 109.22152131551739,
        "recent1": 6.6943425395689165,
        "recent3": 16.970579316789944,
        "recent7": 30.765392607174096
    },
    "Justin": {
        "mi": 2594.204098067287,
        "recent1": 19.101820369044777,
        "recent3": 19.101820369044777,
        "recent7": 58.20955619183965
    },
    "Travis": {
        "mi": 877.9022384275827,
        "recent1": 10.008052970651395,
        "recent3": 10.008052970651395,
        "recent7": 12.058515767915374
    },
    "Luke": {
        "mi": 217.81141881412552,
        "recent1": 1.5291945040960788,
        "recent3": 7.829463433548079,
        "recent7": 14.750544321164398
    },
    "Jerome": {
        "mi": 1031.6958959675496,
        "recent1": 0,
        "recent3": 0,
        "recent7": 0
    },
    "conor": {
        "mi": 25.448381452318454,
        "recent1": 0,
        "recent3": 0,
        "recent7": 0
    },
    "Brendan": {
        "mi": 40.85061987990137,
        "recent1": 0,
        "recent3": 0,
        "recent7": 0
    },
    "Tyler": {
        "mi": 113.99986578382249,
        "recent1": 0,
        "recent3": 0,
        "recent7": 0
    },
    "_meta": {
        "num_activities": 579,
        "time": "2024-05-15 16:47:18"
    }
}