{
    "Luke": {
        "mi": 204.55713632386863,
        "recent1": 1.4962618309075,
        "recent3": 2.6106910641851586,
        "recent7": 12.542315378191361
    },
    "Botond": {
        "mi": 83.66582905829954,
        "recent1": 0.7988348047403164,
        "recent3": 8.292757794480234,
        "recent7": 24.95246510379384
    },
    "Justin": {
        "mi": 2555.271340372226,
        "recent1": 19.27679849677881,
        "recent3": 35.907114948699586,
        "recent7": 79.40390618786287
    },
    "Travis": {
        "mi": 867.8941854569314,
        "recent1": 0,
        "recent3": 2.0504627972639784,
        "recent7": 59.45248498767199
    },
    "Brib": {
        "mi": 2644.972858506324,
        "recent1": 0,
        "recent3": 36.18586206553726,
        "recent7": 117.96806649168853
    },
    "Jerome": {
        "mi": 1031.6958959675496,
        "recent1": 0,
        "recent3": 0,
        "recent7": 0
    },
    "conor": {
        "mi": 25.448381452318454,
        "recent1": 0,
        "recent3": 0,
        "recent7": 0
    },
    "Brendan": {
        "mi": 40.85061987990137,
        "recent1": 0,
        "recent3": 0,
        "recent7": 0
    },
    "Tyler": {
        "mi": 113.99986578382249,
        "recent1": 0,
        "recent3": 0,
        "recent7": 0
    },
    "_meta": {
        "num_activities": 554,
        "time": "2024-05-09 22:14:37"
    }
}