{
    "Botond": {
        "mi": 354.9053527399985,
        "recent1": 4.664819951483337,
        "recent3": 10.885801916805853,
        "recent7": 22.063586156844032
    },
    "Brib": {
        "mi": 3307.817719518015,
        "recent1": 21.42332528036268,
        "recent3": 21.42332528036268,
        "recent7": 67.04551668257376
    },
    "Travis": {
        "mi": 949.1940815636681,
        "recent1": 0,
        "recent3": 0,
        "recent7": 4.186985504652827
    },
    "Luke": {
        "mi": 271.0616872464806,
        "recent1": 0,
        "recent3": 0,
        "recent7": 0
    },
    "Justin": {
        "mi": 2781.8126516145703,
        "recent1": 0,
        "recent3": 0,
        "recent7": 0
    },
    "Jerome": {
        "mi": 1031.6958959675496,
        "recent1": 0,
        "recent3": 0,
        "recent7": 0
    },
    "conor": {
        "mi": 25.448381452318454,
        "recent1": 0,
        "recent3": 0,
        "recent7": 0
    },
    "Brendan": {
        "mi": 40.85061987990137,
        "recent1": 0,
        "recent3": 0,
        "recent7": 0
    },
    "Tyler": {
        "mi": 113.99986578382249,
        "recent1": 0,
        "recent3": 0,
        "recent7": 0
    },
    "_meta": {
        "num_activities": 759,
        "time": "2024-07-03 20:17:16"
    }
}