{
    "Luke": {
        "mi": 190.746913027917,
        "recent1": 0,
        "recent3": 7.846054044380816,
        "recent7": 14.780370138391792
    },
    "Justin": {
        "mi": 2417.3553323590236,
        "recent1": 0,
        "recent3": 19.859333989501312,
        "recent7": 77.19331603435934
    },
    "Brib": {
        "mi": 2527.0047920146358,
        "recent1": 0,
        "recent3": 0,
        "recent7": 63.18027718126143
    },
    "Jerome": {
        "mi": 1031.6958959675496,
        "recent1": 0,
        "recent3": 0,
        "recent7": 0
    },
    "Travis": {
        "mi": 808.4417004692593,
        "recent1": 0,
        "recent3": 0,
        "recent7": 0
    },
    "conor": {
        "mi": 25.448381452318454,
        "recent1": 0,
        "recent3": 0,
        "recent7": 0
    },
    "Brendan": {
        "mi": 40.85061987990137,
        "recent1": 0,
        "recent3": 0,
        "recent7": 0
    },
    "Tyler": {
        "mi": 113.99986578382249,
        "recent1": 0,
        "recent3": 0,
        "recent7": 0
    },
    "_meta": {
        "num_activities": 484,
        "time": "2024-04-28 22:28:13"
    }
}