{
    "Travis": {
        "mi": 175.94038316233198,
        "recent1": 29.700113835202416,
        "recent3": 61.30019436490892,
        "recent7": 119.00035045335241
    },
    "Justin": {
        "mi": 233.48563141255062,
        "recent1": 56.33469289350194,
        "recent3": 97.34562654100054,
        "recent7": 194.17203531376754
    },
    "Jerome": {
        "mi": 194.0796995546011,
        "recent1": 40.39080519764575,
        "recent3": 103.90364024099259,
        "recent7": 155.0758569951483
    },
    "Brib": {
        "mi": 228.44954217370554,
        "recent1": 38.1744362920544,
        "recent3": 91.75688976377953,
        "recent7": 188.73454028473714
    },
    "Tyler": {
        "mi": 16.3999741509584,
        "recent1": 1.499990058060924,
        "recent3": 10.799990555157876,
        "recent7": 16.3999741509584
    },
    "conor": {
        "mi": 7.710843672949971,
        "recent1": 0,
        "recent3": 0,
        "recent7": 7.710843672949971
    },
    "_meta": {
        "num_activities": 65,
        "time": "2024-01-12 17:13:35"
    }
}