{
    "Travis": {
        "mi": 557.5412714745884,
        "recent1": 24.300087489063863,
        "recent3": 30.60010787003897,
        "recent7": 60.00016155650997
    },
    "Jerome": {
        "mi": 750.6074524775311,
        "recent1": 15.11721546170365,
        "recent3": 15.11721546170365,
        "recent7": 15.11721546170365
    },
    "Brib": {
        "mi": 1223.4847863477287,
        "recent1": 20.043632685118904,
        "recent3": 77.48405561520718,
        "recent7": 77.48405561520718
    },
    "Justin": {
        "mi": 1207.6091873458997,
        "recent1": 35.187877793684876,
        "recent3": 92.57188021951802,
        "recent7": 252.70632009067046
    },
    "Tyler": {
        "mi": 113.99986578382249,
        "recent1": 9.999975145152309,
        "recent3": 9.999975145152309,
        "recent7": 9.999975145152309
    },
    "Luke": {
        "mi": 138.60778056152074,
        "recent1": 0,
        "recent3": 1.3739759802751927,
        "recent7": 9.04679173626024
    },
    "Brendan": {
        "mi": 38.85061242344706,
        "recent1": 0,
        "recent3": 0,
        "recent7": 0.6554844706911636
    },
    "conor": {
        "mi": 16.514741410164635,
        "recent1": 0,
        "recent3": 0,
        "recent7": 4.626108526206951
    },
    "_meta": {
        "num_activities": 285,
        "time": "2024-02-21 20:26:35"
    }
}