{
    "Travis": {
        "mi": 778.241693509902,
        "recent1": 1.1000134216177522,
        "recent3": 36.20009146583949,
        "recent7": 53.500121788753674
    },
    "Justin": {
        "mi": 1900.6633758848327,
        "recent1": 22.253166507595637,
        "recent3": 38.44858526206951,
        "recent7": 102.12160979877514
    },
    "Brib": {
        "mi": 1911.6856930525726,
        "recent1": 0,
        "recent3": 75.75477958721069,
        "recent7": 133.41293098305894
    },
    "Jerome": {
        "mi": 981.8705634096873,
        "recent1": 0,
        "recent3": 36.3705335838702,
        "recent7": 40.37054849677881
    },
    "Luke": {
        "mi": 169.00041259047168,
        "recent1": 0,
        "recent3": 0,
        "recent7": 7.7698117990932944
    },
    "conor": {
        "mi": 25.448381452318454,
        "recent1": 0,
        "recent3": 0,
        "recent7": 0
    },
    "Brendan": {
        "mi": 40.85061987990137,
        "recent1": 0,
        "recent3": 0,
        "recent7": 0
    },
    "Tyler": {
        "mi": 113.99986578382249,
        "recent1": 0,
        "recent3": 0,
        "recent7": 0
    },
    "_meta": {
        "num_activities": 397,
        "time": "2024-03-17 16:46:28"
    }
}