{
    "Brib": {
        "mi": 1243.5238830231442,
        "recent1": 20.03909667541557,
        "recent3": 20.03909667541557,
        "recent7": 61.01840252922929
    },
    "Travis": {
        "mi": 570.3413316233198,
        "recent1": 3.4999975145152304,
        "recent3": 7.700031814205042,
        "recent7": 37.100147637795274
    },
    "Justin": {
        "mi": 1347.7986061401411,
        "recent1": 20.400424023701582,
        "recent3": 83.42455062435377,
        "recent7": 200.64057156207744
    },
    "conor": {
        "mi": 25.448381452318454,
        "recent1": 0,
        "recent3": 8.93364004215382,
        "recent7": 8.93364004215382
    },
    "Luke": {
        "mi": 151.29742304939157,
        "recent1": 0,
        "recent3": 12.689642487870834,
        "recent7": 14.063618468146027
    },
    "Brendan": {
        "mi": 40.85061987990137,
        "recent1": 0,
        "recent3": 0,
        "recent7": 2.0000074564543064
    },
    "Jerome": {
        "mi": 750.6074524775311,
        "recent1": 0,
        "recent3": 0,
        "recent7": 15.11721546170365
    },
    "Tyler": {
        "mi": 113.99986578382249,
        "recent1": 0,
        "recent3": 0,
        "recent7": 9.999975145152309
    },
    "_meta": {
        "num_activities": 300,
        "time": "2024-02-27 01:03:44"
    }
}