{
    "Travis": {
        "mi": 989.6744884872344,
        "recent1": 3.506273363556828,
        "recent3": 10.252003300723773,
        "recent7": 14.467696154457965
    },
    "Luke": {
        "mi": 296.5157853137676,
        "recent1": 1.1733352223017577,
        "recent3": 2.3552453670563906,
        "recent7": 16.90794510061242
    },
    "Botond": {
        "mi": 424.47848315835523,
        "recent1": 3.071313528990694,
        "recent3": 13.775053686471008,
        "recent7": 29.917034518412468
    },
    "Brib": {
        "mi": 3539.217656386702,
        "recent1": 11.489961127018212,
        "recent3": 21.59594219756621,
        "recent7": 71.02036606219677
    },
    "Justin": {
        "mi": 2824.652839914897,
        "recent1": 21.430284637715737,
        "recent3": 21.430284637715737,
        "recent7": 21.430284637715737
    },
    "Jerome": {
        "mi": 1031.6958959675496,
        "recent1": 0,
        "recent3": 0,
        "recent7": 0
    },
    "conor": {
        "mi": 25.448381452318454,
        "recent1": 0,
        "recent3": 0,
        "recent7": 0
    },
    "Brendan": {
        "mi": 40.85061987990137,
        "recent1": 0,
        "recent3": 0,
        "recent7": 0
    },
    "Tyler": {
        "mi": 113.99986578382249,
        "recent1": 0,
        "recent3": 0,
        "recent7": 0
    },
    "_meta": {
        "num_activities": 819,
        "time": "2024-07-18 01:13:58"
    }
}