{
    "Botond": {
        "mi": 157.6359063071661,
        "recent1": 5.231324067446114,
        "recent3": 20.214882585699513,
        "recent7": 42.40286725522945
    },
    "Brib": {
        "mi": 2786.5844716853585,
        "recent1": 17.828817207508152,
        "recent3": 38.106271872265964,
        "recent7": 38.106271872265964
    },
    "Luke": {
        "mi": 233.14766762109284,
        "recent1": 1.2285751212916567,
        "recent3": 9.615470651395848,
        "recent7": 15.33624880696731
    },
    "Travis": {
        "mi": 901.3031396643601,
        "recent1": 10.000534379225323,
        "recent3": 14.184102342320845,
        "recent7": 23.400901236777216
    },
    "Justin": {
        "mi": 2611.0379757217843,
        "recent1": 0,
        "recent3": 0,
        "recent7": 16.833877654497734
    },
    "Jerome": {
        "mi": 1031.6958959675496,
        "recent1": 0,
        "recent3": 0,
        "recent7": 0
    },
    "conor": {
        "mi": 25.448381452318454,
        "recent1": 0,
        "recent3": 0,
        "recent7": 0
    },
    "Brendan": {
        "mi": 40.85061987990137,
        "recent1": 0,
        "recent3": 0,
        "recent7": 0
    },
    "Tyler": {
        "mi": 113.99986578382249,
        "recent1": 0,
        "recent3": 0,
        "recent7": 0
    },
    "_meta": {
        "num_activities": 616,
        "time": "2024-05-22 21:28:22"
    }
}