{
    "Travis": {
        "mi": 295.5407296389088,
        "recent1": 11.40004871550147,
        "recent3": 63.70017845780641,
        "recent7": 107.80032112463215
    },
    "Tyler": {
        "mi": 49.19998458999443,
        "recent1": 4.000014912908613,
        "recent3": 4.000014912908613,
        "recent7": 20.500029825817226
    },
    "Jerome": {
        "mi": 411.28602710172595,
        "recent1": 25.17994909727193,
        "recent3": 25.924973156764494,
        "recent7": 111.422418078422
    },
    "Brib": {
        "mi": 516.7481284299688,
        "recent1": 21.599856836077304,
        "recent3": 85.23970015111746,
        "recent7": 160.27294350990215
    },
    "Justin": {
        "mi": 506.9351860136801,
        "recent1": 55.598802990535276,
        "recent3": 80.8546836474986,
        "recent7": 204.2226522110872
    },
    "Luke": {
        "mi": 39.49764624592379,
        "recent1": 0,
        "recent3": 7.265444802354251,
        "recent7": 16.788641831702854
    },
    "conor": {
        "mi": 7.710843672949971,
        "recent1": 0,
        "recent3": 0,
        "recent7": 0
    },
    "_meta": {
        "num_activities": 137,
        "time": "2024-01-23 01:11:13"
    }
}