{
    "Botond": {
        "mi": 473.5678636761314,
        "recent1": 4.069857034916089,
        "recent3": 15.427776783583868,
        "recent7": 32.897876401813406
    },
    "Luke": {
        "mi": 313.535639366102,
        "recent1": 3.4926031973276066,
        "recent3": 3.4926031973276066,
        "recent7": 5.070699614252764
    },
    "Brib": {
        "mi": 3712.0832463413676,
        "recent1": 2.926596178318619,
        "recent3": 66.49355265250934,
        "recent7": 139.28283822476735
    },
    "Travis": {
        "mi": 989.6744884872344,
        "recent1": 0,
        "recent3": 0,
        "recent7": 0
    },
    "Justin": {
        "mi": 2824.652839914897,
        "recent1": 0,
        "recent3": 0,
        "recent7": 0
    },
    "Jerome": {
        "mi": 1031.6958959675496,
        "recent1": 0,
        "recent3": 0,
        "recent7": 0
    },
    "conor": {
        "mi": 25.448381452318454,
        "recent1": 0,
        "recent3": 0,
        "recent7": 0
    },
    "Brendan": {
        "mi": 40.85061987990137,
        "recent1": 0,
        "recent3": 0,
        "recent7": 0
    },
    "Tyler": {
        "mi": 113.99986578382249,
        "recent1": 0,
        "recent3": 0,
        "recent7": 0
    },
    "_meta": {
        "num_activities": 857,
        "time": "2024-07-28 14:46:42"
    }
}