{
    "Brib": {
        "mi": 2044.8237915573052,
        "recent1": 20.01362045653384,
        "recent3": 61.550234132665224,
        "recent7": 119.87959069036825
    },
    "Justin": {
        "mi": 2047.8055654974949,
        "recent1": 16.571596874254354,
        "recent3": 52.6794147180466,
        "recent7": 95.65729887457249
    },
    "Jerome": {
        "mi": 1015.206506502028,
        "recent1": 0,
        "recent3": 2.999980116121848,
        "recent7": 2.999980116121848
    },
    "Travis": {
        "mi": 808.4417004692593,
        "recent1": 0,
        "recent3": 0,
        "recent7": 20.20003181420504
    },
    "Luke": {
        "mi": 169.00041259047168,
        "recent1": 0,
        "recent3": 0,
        "recent7": 0
    },
    "conor": {
        "mi": 25.448381452318454,
        "recent1": 0,
        "recent3": 0,
        "recent7": 0
    },
    "Brendan": {
        "mi": 40.85061987990137,
        "recent1": 0,
        "recent3": 0,
        "recent7": 0
    },
    "Tyler": {
        "mi": 113.99986578382249,
        "recent1": 0,
        "recent3": 0,
        "recent7": 0
    },
    "_meta": {
        "num_activities": 422,
        "time": "2024-03-26 20:27:05"
    }
}