{
    "Luke": {
        "mi": 186.01765688379865,
        "recent1": 1.5579018531774436,
        "recent3": 4.269441461862722,
        "recent7": 11.641575697924125
    },
    "Justin": {
        "mi": 2417.3553323590236,
        "recent1": 0,
        "recent3": 37.84181629284976,
        "recent7": 96.71847659667542
    },
    "Brib": {
        "mi": 2527.0047920146358,
        "recent1": 0,
        "recent3": 0,
        "recent7": 83.201043406506
    },
    "Jerome": {
        "mi": 1031.6958959675496,
        "recent1": 0,
        "recent3": 0,
        "recent7": 0
    },
    "Travis": {
        "mi": 808.4417004692593,
        "recent1": 0,
        "recent3": 0,
        "recent7": 0
    },
    "conor": {
        "mi": 25.448381452318454,
        "recent1": 0,
        "recent3": 0,
        "recent7": 0
    },
    "Brendan": {
        "mi": 40.85061987990137,
        "recent1": 0,
        "recent3": 0,
        "recent7": 0
    },
    "Tyler": {
        "mi": 113.99986578382249,
        "recent1": 0,
        "recent3": 0,
        "recent7": 0
    },
    "_meta": {
        "num_activities": 483,
        "time": "2024-04-28 17:27:07"
    }
}