{
    "Brib": {
        "mi": 1274.1155402449688,
        "recent1": 50.63075389724011,
        "recent3": 50.63075389724011,
        "recent7": 70.67438658235902
    },
    "Jerome": {
        "mi": 767.9841600055674,
        "recent1": 17.376707528036263,
        "recent3": 17.376707528036263,
        "recent7": 32.493922989739914
    },
    "Justin": {
        "mi": 1378.4366176529068,
        "recent1": 30.638011512765445,
        "recent3": 72.34637218643124,
        "recent7": 206.01530810069193
    },
    "Travis": {
        "mi": 570.3413316233198,
        "recent1": 0,
        "recent3": 3.4999975145152304,
        "recent7": 22.80009743100294
    },
    "conor": {
        "mi": 25.448381452318454,
        "recent1": 0,
        "recent3": 8.93364004215382,
        "recent7": 8.93364004215382
    },
    "Luke": {
        "mi": 151.29742304939157,
        "recent1": 0,
        "recent3": 1.9805585381372781,
        "recent7": 12.689642487870834
    },
    "Brendan": {
        "mi": 40.85061987990137,
        "recent1": 0,
        "recent3": 0,
        "recent7": 2.0000074564543064
    },
    "Tyler": {
        "mi": 113.99986578382249,
        "recent1": 0,
        "recent3": 0,
        "recent7": 9.999975145152309
    },
    "_meta": {
        "num_activities": 305,
        "time": "2024-02-27 23:46:28"
    }
}