{
    "Botond": {
        "mi": 329.569998707548,
        "recent1": 6.253355404438081,
        "recent3": 21.12121460669689,
        "recent7": 36.166102461624114
    },
    "Brib": {
        "mi": 3205.746937882765,
        "recent1": 33.38652270738885,
        "recent3": 53.40648115008351,
        "recent7": 73.94217768233516
    },
    "Luke": {
        "mi": 271.0616872464806,
        "recent1": 0,
        "recent3": 0.9956851984411039,
        "recent7": 3.3632958522230174
    },
    "Travis": {
        "mi": 945.0070960590151,
        "recent1": 0,
        "recent3": 1.682300365863358,
        "recent7": 11.826682176091623
    },
    "Justin": {
        "mi": 2781.8126516145703,
        "recent1": 0,
        "recent3": 0,
        "recent7": 0
    },
    "Jerome": {
        "mi": 1031.6958959675496,
        "recent1": 0,
        "recent3": 0,
        "recent7": 0
    },
    "conor": {
        "mi": 25.448381452318454,
        "recent1": 0,
        "recent3": 0,
        "recent7": 0
    },
    "Brendan": {
        "mi": 40.85061987990137,
        "recent1": 0,
        "recent3": 0,
        "recent7": 0
    },
    "Tyler": {
        "mi": 113.99986578382249,
        "recent1": 0,
        "recent3": 0,
        "recent7": 0
    },
    "_meta": {
        "num_activities": 742,
        "time": "2024-06-26 01:12:53"
    }
}