{
    "Brib": {
        "mi": 3093.595713532968,
        "recent1": 26.660614511254273,
        "recent3": 74.90722928099896,
        "recent7": 112.28811242344706
    },
    "Justin": {
        "mi": 2754.6233744929605,
        "recent1": 0,
        "recent3": 17.57728614889048,
        "recent7": 73.89159806728703
    },
    "Botond": {
        "mi": 268.74956504016535,
        "recent1": 0,
        "recent3": 9.120797045255706,
        "recent7": 27.506300703889284
    },
    "Travis": {
        "mi": 928.1632143283225,
        "recent1": 0,
        "recent3": 4.566208343275273,
        "recent7": 11.307775093454227
    },
    "Luke": {
        "mi": 267.69839139425756,
        "recent1": 0,
        "recent3": 0,
        "recent7": 5.546234987671995
    },
    "Jerome": {
        "mi": 1031.6958959675496,
        "recent1": 0,
        "recent3": 0,
        "recent7": 0
    },
    "conor": {
        "mi": 25.448381452318454,
        "recent1": 0,
        "recent3": 0,
        "recent7": 0
    },
    "Brendan": {
        "mi": 40.85061987990137,
        "recent1": 0,
        "recent3": 0,
        "recent7": 0
    },
    "Tyler": {
        "mi": 113.99986578382249,
        "recent1": 0,
        "recent3": 0,
        "recent7": 0
    },
    "_meta": {
        "num_activities": 709,
        "time": "2024-06-13 17:46:28"
    }
}