{
    "Brib": {
        "mi": 621.7211484928021,
        "recent1": 38.216440984649644,
        "recent3": 83.67241559293724,
        "recent7": 190.21272021395052
    },
    "Luke": {
        "mi": 44.11530412391632,
        "recent1": 4.6176578779925235,
        "recent3": 4.6176578779925235,
        "recent7": 11.883102680346774
    },
    "Justin": {
        "mi": 588.6951453511492,
        "recent1": 20.710177563031895,
        "recent3": 61.281180406426465,
        "recent7": 212.7953998647896
    },
    "Travis": {
        "mi": 320.0407743776346,
        "recent1": 10.499992543545691,
        "recent3": 14.500007456454302,
        "recent7": 88.20022319653225
    },
    "Jerome": {
        "mi": 487.1235733317427,
        "recent1": 20.324368189771732,
        "recent3": 75.8375462300167,
        "recent7": 126.809122226199
    },
    "Brendan": {
        "mi": 5.033106657122405,
        "recent1": 0,
        "recent3": 5.033106657122405,
        "recent7": 5.033106657122405
    },
    "Tyler": {
        "mi": 68.1999622206315,
        "recent1": 0,
        "recent3": 6.999995029030461,
        "recent7": 22.999992543545687
    },
    "conor": {
        "mi": 7.710843672949971,
        "recent1": 0,
        "recent3": 0,
        "recent7": 0
    },
    "_meta": {
        "num_activities": 162,
        "time": "2024-01-26 18:18:06"
    }
}