{
    "Tyler": {
        "mi": 45.19996967708582,
        "recent1": 1.499990058060924,
        "recent3": 16.500014912908615,
        "recent7": 30.29998558418834
    },
    "Travis": {
        "mi": 211.74049799172832,
        "recent1": 26.000096933905986,
        "recent3": 33.400130736498845,
        "recent7": 87.00029328720272
    },
    "Brib": {
        "mi": 394.5515688379861,
        "recent1": 20.581429452000318,
        "recent3": 56.0952785731329,
        "recent7": 229.74056509981702
    },
    "Jerome": {
        "mi": 329.2462643163922,
        "recent1": 0,
        "recent3": 36.68954555396484,
        "recent7": 206.98651127415891
    },
    "Justin": {
        "mi": 355.3797696452716,
        "recent1": 0,
        "recent3": 52.66723584267875,
        "recent7": 199.00052443728623
    },
    "conor": {
        "mi": 7.710843672949971,
        "recent1": 0,
        "recent3": 0,
        "recent7": 0
    },
    "_meta": {
        "num_activities": 105,
        "time": "2024-01-18 02:06:33"
    }
}