{
    "Justin": {
        "mi": 527.4139649447228,
        "recent1": 20.47877893104271,
        "recent3": 101.3334625785413,
        "recent7": 204.2245163246639
    },
    "Travis": {
        "mi": 305.5407669211803,
        "recent1": 21.400085997773004,
        "recent3": 23.60011284100851,
        "recent7": 117.80035840690365
    },
    "Tyler": {
        "mi": 61.19996719160105,
        "recent1": 15.99999751451523,
        "recent3": 15.99999751451523,
        "recent7": 32.50001242742384
    },
    "Jerome": {
        "mi": 411.28602710172595,
        "recent1": 25.17994909727193,
        "recent3": 25.17994909727193,
        "recent7": 111.422418078422
    },
    "Brib": {
        "mi": 516.7481284299688,
        "recent1": 21.599856836077304,
        "recent3": 85.23970015111746,
        "recent7": 160.27294350990215
    },
    "Luke": {
        "mi": 39.49764624592379,
        "recent1": 0,
        "recent3": 7.265444802354251,
        "recent7": 16.788641831702854
    },
    "conor": {
        "mi": 7.710843672949971,
        "recent1": 0,
        "recent3": 0,
        "recent7": 0
    },
    "_meta": {
        "num_activities": 140,
        "time": "2024-01-23 13:46:48"
    }
}