{
    "Brib": {
        "mi": 2838.9873762228594,
        "recent1": 16.212817147856516,
        "recent3": 16.212817147856516,
        "recent7": 90.50917640976695
    },
    "Botond": {
        "mi": 193.29950588562784,
        "recent1": 10.226029984888251,
        "recent3": 25.700285333651472,
        "recent7": 47.163689055913466
    },
    "Justin": {
        "mi": 2630.885503658633,
        "recent1": 0,
        "recent3": 0,
        "recent7": 19.847527936848802
    },
    "Luke": {
        "mi": 235.7029323749304,
        "recent1": 0,
        "recent3": 0,
        "recent7": 8.76736111111111
    },
    "Travis": {
        "mi": 901.3031396643601,
        "recent1": 0,
        "recent3": 0,
        "recent7": 10.000534379225323
    },
    "Jerome": {
        "mi": 1031.6958959675496,
        "recent1": 0,
        "recent3": 0,
        "recent7": 0
    },
    "conor": {
        "mi": 25.448381452318454,
        "recent1": 0,
        "recent3": 0,
        "recent7": 0
    },
    "Brendan": {
        "mi": 40.85061987990137,
        "recent1": 0,
        "recent3": 0,
        "recent7": 0
    },
    "Tyler": {
        "mi": 113.99986578382249,
        "recent1": 0,
        "recent3": 0,
        "recent7": 0
    },
    "_meta": {
        "num_activities": 633,
        "time": "2024-05-28 01:10:24"
    }
}