{
    "Luke": {
        "mi": 243.85644088523026,
        "recent1": 2.5298506720750815,
        "recent3": 8.153508510299847,
        "recent7": 8.153508510299847
    },
    "Botond": {
        "mi": 210.9396747991727,
        "recent1": 6.6480503857472355,
        "recent3": 17.640168913544898,
        "recent7": 45.44491420106577
    },
    "Brib": {
        "mi": 2900.3402628648705,
        "recent1": 0,
        "recent3": 41.32944852063946,
        "recent7": 77.56570378986716
    },
    "Justin": {
        "mi": 2649.494452397995,
        "recent1": 0,
        "recent3": 18.608948739362123,
        "recent7": 18.608948739362123
    },
    "Travis": {
        "mi": 905.4922999681855,
        "recent1": 0,
        "recent3": 4.189160303825658,
        "recent7": 4.189160303825658
    },
    "Jerome": {
        "mi": 1031.6958959675496,
        "recent1": 0,
        "recent3": 0,
        "recent7": 0
    },
    "conor": {
        "mi": 25.448381452318454,
        "recent1": 0,
        "recent3": 0,
        "recent7": 0
    },
    "Brendan": {
        "mi": 40.85061987990137,
        "recent1": 0,
        "recent3": 0,
        "recent7": 0
    },
    "Tyler": {
        "mi": 113.99986578382249,
        "recent1": 0,
        "recent3": 0,
        "recent7": 0
    },
    "_meta": {
        "num_activities": 652,
        "time": "2024-05-31 01:11:46"
    }
}