{
    "Jerome": {
        "mi": 466.79920514197096,
        "recent1": 23.17820180147936,
        "recent3": 80.6931271375169,
        "recent7": 151.6960326692118
    },
    "Brendan": {
        "mi": 5.033106657122405,
        "recent1": 1.6499890638670165,
        "recent3": 5.033106657122405,
        "recent7": 5.033106657122405
    },
    "Brib": {
        "mi": 561.2765201224846,
        "recent1": 23.2277872226199,
        "recent3": 66.128248528593,
        "recent7": 166.7249512844985
    },
    "Justin": {
        "mi": 547.7691531456295,
        "recent1": 20.355188200906703,
        "recent3": 96.4327701224847,
        "recent7": 192.38938350035792
    },
    "Tyler": {
        "mi": 68.1999622206315,
        "recent1": 6.999995029030461,
        "recent3": 22.999992543545687,
        "recent7": 24.49998260160661
    },
    "Travis": {
        "mi": 307.54077437763465,
        "recent1": 0,
        "recent3": 23.40009345422731,
        "recent7": 109.80032858108643
    },
    "Luke": {
        "mi": 39.49764624592379,
        "recent1": 0,
        "recent3": 0,
        "recent7": 11.1582110474827
    },
    "conor": {
        "mi": 7.710843672949971,
        "recent1": 0,
        "recent3": 0,
        "recent7": 0
    },
    "_meta": {
        "num_activities": 151,
        "time": "2024-01-24 23:46:39"
    }
}