{
    "Botond": {
        "mi": 421.4071696293645,
        "recent1": 6.909585520559929,
        "recent3": 18.16081583552056,
        "recent7": 37.671933408892066
    },
    "Brib": {
        "mi": 3527.727695259684,
        "recent1": 0,
        "recent3": 10.105981070548,
        "recent7": 59.53040493517855
    },
    "Luke": {
        "mi": 295.3424500914658,
        "recent1": 0,
        "recent3": 8.850127753917123,
        "recent7": 15.734609878310664
    },
    "Travis": {
        "mi": 979.4224851865106,
        "recent1": 0,
        "recent3": 0,
        "recent7": 10.474951284498527
    },
    "Justin": {
        "mi": 2803.222555277181,
        "recent1": 0,
        "recent3": 0,
        "recent7": 21.409903662610354
    },
    "Jerome": {
        "mi": 1031.6958959675496,
        "recent1": 0,
        "recent3": 0,
        "recent7": 0
    },
    "conor": {
        "mi": 25.448381452318454,
        "recent1": 0,
        "recent3": 0,
        "recent7": 0
    },
    "Brendan": {
        "mi": 40.85061987990137,
        "recent1": 0,
        "recent3": 0,
        "recent7": 0
    },
    "Tyler": {
        "mi": 113.99986578382249,
        "recent1": 0,
        "recent3": 0,
        "recent7": 0
    },
    "_meta": {
        "num_activities": 812,
        "time": "2024-07-16 22:32:17"
    }
}