{
    "Brib": {
        "mi": 516.7481284299688,
        "recent1": 42.742011651952595,
        "recent3": 85.23970015111746,
        "recent7": 160.27294350990215
    },
    "Travis": {
        "mi": 294.2406968305098,
        "recent1": 10.10001590710252,
        "recent3": 62.400145649407456,
        "recent7": 106.5002883162332
    },
    "Justin": {
        "mi": 506.9351860136801,
        "recent1": 55.598802990535276,
        "recent3": 110.30774029666745,
        "recent7": 204.2226522110872
    },
    "Luke": {
        "mi": 39.49764624592379,
        "recent1": 0,
        "recent3": 7.265444802354251,
        "recent7": 16.788641831702854
    },
    "Jerome": {
        "mi": 386.10607800445405,
        "recent1": 0,
        "recent3": 25.791626898910362,
        "recent7": 86.24246898115007
    },
    "Tyler": {
        "mi": 45.19996967708582,
        "recent1": 0,
        "recent3": 0,
        "recent7": 16.500014912908615
    },
    "conor": {
        "mi": 7.710843672949971,
        "recent1": 0,
        "recent3": 0,
        "recent7": 0
    },
    "_meta": {
        "num_activities": 134,
        "time": "2024-01-22 18:19:50"
    }
}