{
    "Travis": {
        "mi": 757.1416055237412,
        "recent1": 15.100003479678675,
        "recent3": 30.30004772130756,
        "recent7": 62.900100910681616
    },
    "Jerome": {
        "mi": 962.5188896842438,
        "recent1": 17.018859858426787,
        "recent3": 21.018874771335398,
        "recent7": 21.018874771335398
    },
    "Brib": {
        "mi": 1859.003233615684,
        "recent1": 23.07232015032212,
        "recent3": 60.21024715660542,
        "recent7": 116.38655253320606
    },
    "Justin": {
        "mi": 1862.2147906227635,
        "recent1": 0,
        "recent3": 43.313176051857155,
        "recent7": 83.88206623319812
    },
    "Luke": {
        "mi": 169.00041259047168,
        "recent1": 0,
        "recent3": 4.139885568281238,
        "recent7": 7.7698117990932944
    },
    "conor": {
        "mi": 25.448381452318454,
        "recent1": 0,
        "recent3": 0,
        "recent7": 0
    },
    "Brendan": {
        "mi": 40.85061987990137,
        "recent1": 0,
        "recent3": 0,
        "recent7": 0
    },
    "Tyler": {
        "mi": 113.99986578382249,
        "recent1": 0,
        "recent3": 0,
        "recent7": 0
    },
    "_meta": {
        "num_activities": 385,
        "time": "2024-03-14 21:26:44"
    }
}