{
    "Justin": {
        "mi": 2306.518059532332,
        "recent1": 16.518407500198837,
        "recent3": 34.07295146345343,
        "recent7": 64.53418287202736
    },
    "Brib": {
        "mi": 2443.80374860813,
        "recent1": 0,
        "recent3": 44.895311381531855,
        "recent7": 120.15249691799889
    },
    "Luke": {
        "mi": 172.17537083432757,
        "recent1": 0,
        "recent3": 0,
        "recent7": 0
    },
    "Jerome": {
        "mi": 1031.6958959675496,
        "recent1": 0,
        "recent3": 0,
        "recent7": 0
    },
    "Travis": {
        "mi": 808.4417004692593,
        "recent1": 0,
        "recent3": 0,
        "recent7": 0
    },
    "conor": {
        "mi": 25.448381452318454,
        "recent1": 0,
        "recent3": 0,
        "recent7": 0
    },
    "Brendan": {
        "mi": 40.85061987990137,
        "recent1": 0,
        "recent3": 0,
        "recent7": 0
    },
    "Tyler": {
        "mi": 113.99986578382249,
        "recent1": 0,
        "recent3": 0,
        "recent7": 0
    },
    "_meta": {
        "num_activities": 464,
        "time": "2024-04-20 20:15:02"
    }
}