{
    "Brib": {
        "mi": 2786.5844716853585,
        "recent1": 17.828817207508152,
        "recent3": 38.106271872265964,
        "recent7": 38.106271872265964
    },
    "Luke": {
        "mi": 233.14766762109284,
        "recent1": 5.042862184840532,
        "recent3": 9.615470651395848,
        "recent7": 15.33624880696731
    },
    "Travis": {
        "mi": 901.3031396643601,
        "recent1": 10.000534379225323,
        "recent3": 14.184102342320845,
        "recent7": 23.400901236777216
    },
    "Botond": {
        "mi": 152.40458223971999,
        "recent1": 4.759703332537978,
        "recent3": 17.372979300882843,
        "recent7": 38.73690149526763
    },
    "Justin": {
        "mi": 2611.0379757217843,
        "recent1": 0,
        "recent3": 0,
        "recent7": 16.833877654497734
    },
    "Jerome": {
        "mi": 1031.6958959675496,
        "recent1": 0,
        "recent3": 0,
        "recent7": 0
    },
    "conor": {
        "mi": 25.448381452318454,
        "recent1": 0,
        "recent3": 0,
        "recent7": 0
    },
    "Brendan": {
        "mi": 40.85061987990137,
        "recent1": 0,
        "recent3": 0,
        "recent7": 0
    },
    "Tyler": {
        "mi": 113.99986578382249,
        "recent1": 0,
        "recent3": 0,
        "recent7": 0
    },
    "_meta": {
        "num_activities": 613,
        "time": "2024-05-22 16:46:41"
    }
}