{
    "Brib": {
        "mi": 3527.727695259684,
        "recent1": 10.105981070548,
        "recent3": 10.105981070548,
        "recent7": 80.37976964527161
    },
    "Botond": {
        "mi": 414.49758410880463,
        "recent1": 3.7941546369203847,
        "recent3": 11.25123031496063,
        "recent7": 35.53503787878787
    },
    "Luke": {
        "mi": 295.3424500914658,
        "recent1": 1.1819101447546327,
        "recent3": 15.056569633341285,
        "recent7": 18.413589636522705
    },
    "Travis": {
        "mi": 979.4224851865106,
        "recent1": 0,
        "recent3": 0,
        "recent7": 23.089780680823985
    },
    "Justin": {
        "mi": 2803.222555277181,
        "recent1": 0,
        "recent3": 0,
        "recent7": 21.409903662610354
    },
    "Jerome": {
        "mi": 1031.6958959675496,
        "recent1": 0,
        "recent3": 0,
        "recent7": 0
    },
    "conor": {
        "mi": 25.448381452318454,
        "recent1": 0,
        "recent3": 0,
        "recent7": 0
    },
    "Brendan": {
        "mi": 40.85061987990137,
        "recent1": 0,
        "recent3": 0,
        "recent7": 0
    },
    "Tyler": {
        "mi": 113.99986578382249,
        "recent1": 0,
        "recent3": 0,
        "recent7": 0
    },
    "_meta": {
        "num_activities": 810,
        "time": "2024-07-15 17:15:06"
    }
}