{
    "Justin": {
        "mi": 2863.8468841962936,
        "recent1": 39.194044281396636,
        "recent3": 39.194044281396636,
        "recent7": 39.194044281396636
    },
    "Botond": {
        "mi": 475.0865570070787,
        "recent1": 5.588550365863357,
        "recent3": 8.804394834168455,
        "recent7": 31.812775888809348
    },
    "Luke": {
        "mi": 313.535639366102,
        "recent1": 0,
        "recent3": 3.4926031973276066,
        "recent7": 5.070699614252764
    },
    "Brib": {
        "mi": 3712.0832463413676,
        "recent1": 0,
        "recent3": 46.47788167104112,
        "recent7": 118.52785979877514
    },
    "Travis": {
        "mi": 989.6744884872344,
        "recent1": 0,
        "recent3": 0,
        "recent7": 0
    },
    "Jerome": {
        "mi": 1031.6958959675496,
        "recent1": 0,
        "recent3": 0,
        "recent7": 0
    },
    "conor": {
        "mi": 25.448381452318454,
        "recent1": 0,
        "recent3": 0,
        "recent7": 0
    },
    "Brendan": {
        "mi": 40.85061987990137,
        "recent1": 0,
        "recent3": 0,
        "recent7": 0
    },
    "Tyler": {
        "mi": 113.99986578382249,
        "recent1": 0,
        "recent3": 0,
        "recent7": 0
    },
    "_meta": {
        "num_activities": 859,
        "time": "2024-07-28 23:29:24"
    }
}