{
    "Justin": {
        "mi": 1061.3800405631112,
        "recent1": 30.605824485007556,
        "recent3": 106.47717330788197,
        "recent7": 198.32720661337785
    },
    "Travis": {
        "mi": 524.841177523264,
        "recent1": 21.300045235822793,
        "recent3": 27.30006760518571,
        "recent7": 65.8001645390917
    },
    "Luke": {
        "mi": 131.49966694504096,
        "recent1": 1.9386781197804819,
        "recent3": 1.9386781197804819,
        "recent7": 8.00040264853257
    },
    "conor": {
        "mi": 16.514741410164635,
        "recent1": 4.626108526206951,
        "recent3": 4.626108526206951,
        "recent7": 8.803897737214665
    },
    "Brib": {
        "mi": 1146.0007307325216,
        "recent1": 0,
        "recent3": 0,
        "recent7": 55.23629503698401
    },
    "Jerome": {
        "mi": 735.4902370158276,
        "recent1": 0,
        "recent3": 0,
        "recent7": 40.142815954823824
    },
    "Tyler": {
        "mi": 103.99989063867017,
        "recent1": 0,
        "recent3": 0,
        "recent7": 0
    },
    "Brendan": {
        "mi": 38.1951279527559,
        "recent1": 0,
        "recent3": 0,
        "recent7": 0
    },
    "_meta": {
        "num_activities": 263,
        "time": "2024-02-17 15:46:44"
    }
}