{
    "Travis": {
        "mi": 284.1406809234074,
        "recent1": 52.30012974230494,
        "recent3": 86.40023512685914,
        "recent7": 103.80030621172354
    },
    "Jerome": {
        "mi": 386.10607800445405,
        "recent1": 25.791626898910362,
        "recent3": 71.00290553169489,
        "recent7": 143.3623265131631
    },
    "Justin": {
        "mi": 426.0805023661815,
        "recent1": 50.180756879821836,
        "recent3": 70.70073272090988,
        "recent7": 148.5587295196055
    },
    "Brib": {
        "mi": 431.50842827885145,
        "recent1": 16.52623677722103,
        "recent3": 57.538288892865666,
        "recent7": 161.9495272607969
    },
    "Luke": {
        "mi": 32.23220144356955,
        "recent1": 0,
        "recent3": 7.822628350433467,
        "recent7": 29.23029507675177
    },
    "Tyler": {
        "mi": 45.19996967708582,
        "recent1": 0,
        "recent3": 1.499990058060924,
        "recent7": 28.799995526127418
    },
    "conor": {
        "mi": 7.710843672949971,
        "recent1": 0,
        "recent3": 0,
        "recent7": 0
    },
    "_meta": {
        "num_activities": 124,
        "time": "2024-01-20 16:04:12"
    }
}