{
    "Brib": {
        "mi": 977.4411810029429,
        "recent1": 41.67269396723137,
        "recent3": 162.46663236697685,
        "recent7": 248.5409583035075
    },
    "Tyler": {
        "mi": 103.99989063867017,
        "recent1": 3.4999975145152304,
        "recent3": 3.4999975145152304,
        "recent7": 15.799978127734033
    },
    "Travis": {
        "mi": 419.541005527718,
        "recent1": 14.80000546806649,
        "recent3": 14.80000546806649,
        "recent7": 68.30012725682016
    },
    "Jerome": {
        "mi": 620.880743955301,
        "recent1": 21.12289230891593,
        "recent3": 21.12289230891593,
        "recent7": 62.68715700310187
    },
    "Justin": {
        "mi": 797.2236513759644,
        "recent1": 0,
        "recent3": 76.60425614411835,
        "recent7": 137.17788117394417
    },
    "Luke": {
        "mi": 123.49926429650837,
        "recent1": 0,
        "recent3": 25.166216793923486,
        "recent7": 56.07912292213473
    },
    "Brendan": {
        "mi": 38.1951279527559,
        "recent1": 0,
        "recent3": 0,
        "recent7": 3.1068559611866697
    },
    "conor": {
        "mi": 7.710843672949971,
        "recent1": 0,
        "recent3": 0,
        "recent7": 0
    },
    "_meta": {
        "num_activities": 224,
        "time": "2024-02-06 18:16:18"
    }
}