{
    "Travis": {
        "mi": 916.8554392348681,
        "recent1": 4.562480116121848,
        "recent3": 4.562480116121848,
        "recent7": 11.363139266682573
    },
    "Botond": {
        "mi": 241.24326433627598,
        "recent1": 6.585602580927384,
        "recent3": 23.945408812534794,
        "recent7": 30.303589537103313
    },
    "Luke": {
        "mi": 262.15215640658556,
        "recent1": 1.629421677403961,
        "recent3": 6.597160085102998,
        "recent7": 20.825566193430365
    },
    "Brib": {
        "mi": 2981.307601109522,
        "recent1": 13.227563528990693,
        "recent3": 49.45642448103078,
        "recent7": 80.96733824465123
    },
    "Justin": {
        "mi": 2680.731776425673,
        "recent1": 17.425174481030776,
        "recent3": 31.237324027678355,
        "recent7": 31.237324027678355
    },
    "Jerome": {
        "mi": 1031.6958959675496,
        "recent1": 0,
        "recent3": 0,
        "recent7": 0
    },
    "conor": {
        "mi": 25.448381452318454,
        "recent1": 0,
        "recent3": 0,
        "recent7": 0
    },
    "Brendan": {
        "mi": 40.85061987990137,
        "recent1": 0,
        "recent3": 0,
        "recent7": 0
    },
    "Tyler": {
        "mi": 113.99986578382249,
        "recent1": 0,
        "recent3": 0,
        "recent7": 0
    },
    "_meta": {
        "num_activities": 684,
        "time": "2024-06-06 23:19:55"
    }
}