{
    "Luke": {
        "mi": 246.0296244929611,
        "recent1": 4.703034279805934,
        "recent3": 10.3266921180307,
        "recent7": 10.3266921180307
    },
    "Botond": {
        "mi": 210.9396747991727,
        "recent1": 4.352580927384077,
        "recent3": 17.640168913544898,
        "recent7": 43.34045424719637
    },
    "Brib": {
        "mi": 2900.3402628648705,
        "recent1": 0,
        "recent3": 41.32944852063946,
        "recent7": 77.56570378986716
    },
    "Justin": {
        "mi": 2649.494452397995,
        "recent1": 0,
        "recent3": 18.608948739362123,
        "recent7": 18.608948739362123
    },
    "Travis": {
        "mi": 905.4922999681855,
        "recent1": 0,
        "recent3": 4.189160303825658,
        "recent7": 4.189160303825658
    },
    "Jerome": {
        "mi": 1031.6958959675496,
        "recent1": 0,
        "recent3": 0,
        "recent7": 0
    },
    "conor": {
        "mi": 25.448381452318454,
        "recent1": 0,
        "recent3": 0,
        "recent7": 0
    },
    "Brendan": {
        "mi": 40.85061987990137,
        "recent1": 0,
        "recent3": 0,
        "recent7": 0
    },
    "Tyler": {
        "mi": 113.99986578382249,
        "recent1": 0,
        "recent3": 0,
        "recent7": 0
    },
    "_meta": {
        "num_activities": 653,
        "time": "2024-05-31 17:30:44"
    }
}