{
    "Travis": {
        "mi": 437.94098713513074,
        "recent1": 10.199994531933507,
        "recent3": 33.1999870754792,
        "recent7": 60.30009743100294
    },
    "Jerome": {
        "mi": 662.3214800564701,
        "recent1": 20.113536944245602,
        "recent3": 62.56362841008509,
        "recent7": 70.56365823590232
    },
    "Brib": {
        "mi": 997.6877535194465,
        "recent1": 20.24657251650362,
        "recent3": 61.91926648373499,
        "recent7": 226.99447725284335
    },
    "Justin": {
        "mi": 842.6897543346854,
        "recent1": 0,
        "recent3": 45.466102958721066,
        "recent7": 142.27548616082078
    },
    "Tyler": {
        "mi": 103.99989063867017,
        "recent1": 0,
        "recent3": 3.4999975145152304,
        "recent7": 8.79998309870357
    },
    "Luke": {
        "mi": 123.49926429650837,
        "recent1": 0,
        "recent3": 0,
        "recent7": 52.670404835759165
    },
    "Brendan": {
        "mi": 38.1951279527559,
        "recent1": 0,
        "recent3": 0,
        "recent7": 0
    },
    "conor": {
        "mi": 7.710843672949971,
        "recent1": 0,
        "recent3": 0,
        "recent7": 0
    },
    "_meta": {
        "num_activities": 231,
        "time": "2024-02-08 01:03:35"
    }
}