{
    "Botond": {
        "mi": 375.14335033404916,
        "recent1": 6.415160462896683,
        "recent3": 13.10018243458204,
        "recent7": 31.123799510856593
    },
    "Brib": {
        "mi": 3413.4158390002385,
        "recent1": 22.50867434184363,
        "recent3": 84.59241778016383,
        "recent7": 127.02144476258647
    },
    "Travis": {
        "mi": 956.3327045056865,
        "recent1": 0,
        "recent3": 7.1386229420186105,
        "recent7": 7.1386229420186105
    },
    "Luke": {
        "mi": 276.92886045494316,
        "recent1": 0,
        "recent3": 2.4401246719160103,
        "recent7": 5.867173208462578
    },
    "Justin": {
        "mi": 2781.8126516145703,
        "recent1": 0,
        "recent3": 0,
        "recent7": 0
    },
    "Jerome": {
        "mi": 1031.6958959675496,
        "recent1": 0,
        "recent3": 0,
        "recent7": 0
    },
    "conor": {
        "mi": 25.448381452318454,
        "recent1": 0,
        "recent3": 0,
        "recent7": 0
    },
    "Brendan": {
        "mi": 40.85061987990137,
        "recent1": 0,
        "recent3": 0,
        "recent7": 0
    },
    "Tyler": {
        "mi": 113.99986578382249,
        "recent1": 0,
        "recent3": 0,
        "recent7": 0
    },
    "_meta": {
        "num_activities": 773,
        "time": "2024-07-08 13:20:28"
    }
}