{
    "Botond": {
        "mi": 150.90745048914337,
        "recent1": 6.32307325220711,
        "recent3": 25.947963890877276,
        "recent7": 46.81733675336038
    },
    "Luke": {
        "mi": 229.5709929014555,
        "recent1": 2.6354216376362043,
        "recent3": 6.761202079853653,
        "recent7": 11.759574087329991
    },
    "Brib": {
        "mi": 2768.7556544778504,
        "recent1": 20.277454664757812,
        "recent3": 20.277454664757812,
        "recent7": 34.43943619263501
    },
    "Travis": {
        "mi": 891.3026052851346,
        "recent1": 4.183567963095522,
        "recent3": 4.183567963095522,
        "recent7": 23.40841982820329
    },
    "Justin": {
        "mi": 2611.0379757217843,
        "recent1": 0,
        "recent3": 0,
        "recent7": 35.935698023542514
    },
    "Jerome": {
        "mi": 1031.6958959675496,
        "recent1": 0,
        "recent3": 0,
        "recent7": 0
    },
    "conor": {
        "mi": 25.448381452318454,
        "recent1": 0,
        "recent3": 0,
        "recent7": 0
    },
    "Brendan": {
        "mi": 40.85061987990137,
        "recent1": 0,
        "recent3": 0,
        "recent7": 0
    },
    "Tyler": {
        "mi": 113.99986578382249,
        "recent1": 0,
        "recent3": 0,
        "recent7": 0
    },
    "_meta": {
        "num_activities": 607,
        "time": "2024-05-21 19:13:50"
    }
}