{
    "Travis": {
        "mi": 901.3031396643601,
        "recent1": 10.000534379225323,
        "recent3": 14.184102342320845,
        "recent7": 23.400901236777216
    },
    "Botond": {
        "mi": 152.40458223971999,
        "recent1": 6.2687654100055665,
        "recent3": 27.445095641453907,
        "recent7": 46.779184562157
    },
    "Luke": {
        "mi": 231.91909249980117,
        "recent1": 4.983521235981866,
        "recent3": 9.109301678199316,
        "recent7": 14.107673685675653
    },
    "Brib": {
        "mi": 2768.7556544778504,
        "recent1": 20.277454664757812,
        "recent3": 20.277454664757812,
        "recent7": 34.43943619263501
    },
    "Justin": {
        "mi": 2611.0379757217843,
        "recent1": 0,
        "recent3": 0,
        "recent7": 35.935698023542514
    },
    "Jerome": {
        "mi": 1031.6958959675496,
        "recent1": 0,
        "recent3": 0,
        "recent7": 0
    },
    "conor": {
        "mi": 25.448381452318454,
        "recent1": 0,
        "recent3": 0,
        "recent7": 0
    },
    "Brendan": {
        "mi": 40.85061987990137,
        "recent1": 0,
        "recent3": 0,
        "recent7": 0
    },
    "Tyler": {
        "mi": 113.99986578382249,
        "recent1": 0,
        "recent3": 0,
        "recent7": 0
    },
    "_meta": {
        "num_activities": 611,
        "time": "2024-05-21 23:46:54"
    }
}