{
    "Travis": {
        "mi": 294.2406968305098,
        "recent1": 10.10001590710252,
        "recent3": 62.400145649407456,
        "recent7": 106.5002883162332
    },
    "Justin": {
        "mi": 506.9351860136801,
        "recent1": 55.598802990535276,
        "recent3": 131.03544052732042,
        "recent7": 204.2226522110872
    },
    "Brib": {
        "mi": 495.1482715938916,
        "recent1": 21.142154815875287,
        "recent3": 80.16608009226118,
        "recent7": 156.6919813290384
    },
    "Luke": {
        "mi": 39.49764624592379,
        "recent1": 0,
        "recent3": 7.265444802354251,
        "recent7": 19.333281138153183
    },
    "Jerome": {
        "mi": 386.10607800445405,
        "recent1": 0,
        "recent3": 25.791626898910362,
        "recent7": 107.69245108565973
    },
    "Tyler": {
        "mi": 45.19996967708582,
        "recent1": 0,
        "recent3": 0,
        "recent7": 16.500014912908615
    },
    "conor": {
        "mi": 7.710843672949971,
        "recent1": 0,
        "recent3": 0,
        "recent7": 0
    },
    "_meta": {
        "num_activities": 133,
        "time": "2024-01-22 15:16:54"
    }
}