{
    "Travis": {
        "mi": 377.64088970412786,
        "recent1": 13.000017398393382,
        "recent3": 33.00002982581722,
        "recent7": 68.10010787003895
    },
    "Brendan": {
        "mi": 38.1951279527559,
        "recent1": 3.1068559611866697,
        "recent3": 3.1068559611866697,
        "recent7": 33.162021295633494
    },
    "Luke": {
        "mi": 70.82885946074921,
        "recent1": 1.6767701622524456,
        "recent3": 3.4087180863755666,
        "recent7": 31.331213214825418
    },
    "Brib": {
        "mi": 770.6932762666032,
        "recent1": 21.509447327606775,
        "recent3": 62.81950906704843,
        "recent7": 209.41675614411832
    },
    "Jerome": {
        "mi": 591.7578218205679,
        "recent1": 12.554494253559213,
        "recent3": 63.899762884753045,
        "recent7": 124.95861667859698
    },
    "Justin": {
        "mi": 680.1778240077945,
        "recent1": 0,
        "recent3": 41.14726248707547,
        "recent7": 132.40867086216494
    },
    "Tyler": {
        "mi": 95.1999075399666,
        "recent1": 0,
        "recent3": 16.99997017418277,
        "recent7": 26.99994531933508
    },
    "conor": {
        "mi": 7.710843672949971,
        "recent1": 0,
        "recent3": 0,
        "recent7": 0
    },
    "_meta": {
        "num_activities": 196,
        "time": "2024-01-31 22:14:35"
    }
}