{
    "Brib": {
        "mi": 2900.3402628648705,
        "recent1": 20.633811043505926,
        "recent3": 77.56570378986716,
        "recent7": 113.75579117951162
    },
    "Botond": {
        "mi": 204.2916244134255,
        "recent1": 5.379893919510061,
        "recent3": 10.992118527797661,
        "recent7": 41.883152390042156
    },
    "Luke": {
        "mi": 241.32659021315516,
        "recent1": 2.592360614014157,
        "recent3": 5.623657838224767,
        "recent7": 6.551613576712001
    },
    "Justin": {
        "mi": 2649.494452397995,
        "recent1": 0,
        "recent3": 18.608948739362123,
        "recent7": 38.456476676210926
    },
    "Travis": {
        "mi": 905.4922999681855,
        "recent1": 0,
        "recent3": 4.189160303825658,
        "recent7": 4.189160303825658
    },
    "Jerome": {
        "mi": 1031.6958959675496,
        "recent1": 0,
        "recent3": 0,
        "recent7": 0
    },
    "conor": {
        "mi": 25.448381452318454,
        "recent1": 0,
        "recent3": 0,
        "recent7": 0
    },
    "Brendan": {
        "mi": 40.85061987990137,
        "recent1": 0,
        "recent3": 0,
        "recent7": 0
    },
    "Tyler": {
        "mi": 113.99986578382249,
        "recent1": 0,
        "recent3": 0,
        "recent7": 0
    },
    "_meta": {
        "num_activities": 647,
        "time": "2024-05-30 16:47:39"
    }
}