{
    "Jerome": {
        "mi": 750.6074524775311,
        "recent1": 15.11721546170365,
        "recent3": 15.11721546170365,
        "recent7": 15.11721546170365
    },
    "Brib": {
        "mi": 1223.4847863477287,
        "recent1": 20.043632685118904,
        "recent3": 77.48405561520718,
        "recent7": 77.48405561520718
    },
    "Justin": {
        "mi": 1207.6091873458997,
        "recent1": 35.187877793684876,
        "recent3": 125.82095561918396,
        "recent7": 252.70632009067046
    },
    "Tyler": {
        "mi": 113.99986578382249,
        "recent1": 9.999975145152309,
        "recent3": 9.999975145152309,
        "recent7": 9.999975145152309
    },
    "Travis": {
        "mi": 547.5412341923169,
        "recent1": 14.300050206792331,
        "recent3": 22.70005666905273,
        "recent7": 50.00012427423844
    },
    "Luke": {
        "mi": 138.60778056152074,
        "recent1": 0,
        "recent3": 1.3739759802751927,
        "recent7": 9.04679173626024
    },
    "Brendan": {
        "mi": 38.85061242344706,
        "recent1": 0,
        "recent3": 0,
        "recent7": 0.6554844706911636
    },
    "conor": {
        "mi": 16.514741410164635,
        "recent1": 0,
        "recent3": 0,
        "recent7": 4.626108526206951
    },
    "_meta": {
        "num_activities": 284,
        "time": "2024-02-21 19:46:49"
    }
}