{
    "Justin": {
        "mi": 2047.8055654974949,
        "recent1": 16.571596874254354,
        "recent3": 76.49719388769584,
        "recent7": 95.65729887457249
    },
    "Brib": {
        "mi": 2024.810171100771,
        "recent1": 20.53389455579416,
        "recent3": 41.53661367613139,
        "recent7": 113.1244780481985
    },
    "Jerome": {
        "mi": 1015.206506502028,
        "recent1": 0,
        "recent3": 2.999980116121848,
        "recent7": 18.223822874413422
    },
    "Travis": {
        "mi": 808.4417004692593,
        "recent1": 0,
        "recent3": 10.10001590710252,
        "recent7": 25.200019386781193
    },
    "Luke": {
        "mi": 169.00041259047168,
        "recent1": 0,
        "recent3": 0,
        "recent7": 0
    },
    "conor": {
        "mi": 25.448381452318454,
        "recent1": 0,
        "recent3": 0,
        "recent7": 0
    },
    "Brendan": {
        "mi": 40.85061987990137,
        "recent1": 0,
        "recent3": 0,
        "recent7": 0
    },
    "Tyler": {
        "mi": 113.99986578382249,
        "recent1": 0,
        "recent3": 0,
        "recent7": 0
    },
    "_meta": {
        "num_activities": 421,
        "time": "2024-03-26 13:16:24"
    }
}