{
    "Jerome": {
        "mi": 599.7578516463851,
        "recent1": 4.000014912908613,
        "recent3": 20.55452407937644,
        "recent7": 92.03681748588244
    },
    "Travis": {
        "mi": 393.6409493557623,
        "recent1": 4.500032311301996,
        "recent3": 29.000077050027834,
        "recent7": 63.5001590710252
    },
    "Luke": {
        "mi": 98.33304750258488,
        "recent1": 25.851154259126698,
        "recent3": 29.180958204088125,
        "recent7": 50.456521414936766
    },
    "Brib": {
        "mi": 811.8924853853496,
        "recent1": 21.1280496898115,
        "recent3": 62.7086564463533,
        "recent7": 190.17133689254752
    },
    "Justin": {
        "mi": 720.619395231846,
        "recent1": 0,
        "recent3": 40.441571224051536,
        "recent7": 131.92424988069672
    },
    "Tyler": {
        "mi": 100.49989312415494,
        "recent1": 0,
        "recent3": 5.29998558418834,
        "recent7": 22.29995575837111
    },
    "Brendan": {
        "mi": 38.1951279527559,
        "recent1": 0,
        "recent3": 3.1068559611866697,
        "recent7": 25.897819235663718
    },
    "conor": {
        "mi": 7.710843672949971,
        "recent1": 0,
        "recent3": 0,
        "recent7": 0
    },
    "_meta": {
        "num_activities": 209,
        "time": "2024-02-03 01:03:32"
    }
}