{
    "Brib": {
        "mi": 915.0880110156686,
        "recent1": 103.19552563031893,
        "recent3": 144.39473474906544,
        "recent7": 237.30880408414856
    },
    "Luke": {
        "mi": 119.24597848564382,
        "recent1": 20.912930983058935,
        "recent3": 48.41711902489461,
        "recent7": 54.326545474429324
    },
    "Justin": {
        "mi": 754.8042556470214,
        "recent1": 34.18486041517537,
        "recent3": 54.38998747315676,
        "recent7": 145.8516016463851
    },
    "Travis": {
        "mi": 404.7410000596516,
        "recent1": 11.100050703889286,
        "recent3": 27.10011035552374,
        "recent7": 73.60017497812773
    },
    "Jerome": {
        "mi": 599.7578516463851,
        "recent1": 0,
        "recent3": 8.000029825817226,
        "recent7": 71.89979271057027
    },
    "Tyler": {
        "mi": 100.49989312415494,
        "recent1": 0,
        "recent3": 5.29998558418834,
        "recent7": 22.29995575837111
    },
    "Brendan": {
        "mi": 38.1951279527559,
        "recent1": 0,
        "recent3": 0,
        "recent7": 4.711422790901137
    },
    "conor": {
        "mi": 7.710843672949971,
        "recent1": 0,
        "recent3": 0,
        "recent7": 0
    },
    "_meta": {
        "num_activities": 214,
        "time": "2024-02-03 21:46:41"
    }
}