{
    "Brib": {
        "mi": 2302.113904795993,
        "recent1": 26.32395559930009,
        "recent3": 68.84475910681618,
        "recent7": 101.0962230573451
    },
    "Luke": {
        "mi": 172.17537083432757,
        "recent1": 0,
        "recent3": 0.8200856995148332,
        "recent7": 0.8200856995148332
    },
    "Justin": {
        "mi": 2223.4622927105706,
        "recent1": 0,
        "recent3": 16.157639385985842,
        "recent7": 83.04949097271931
    },
    "Jerome": {
        "mi": 1031.6958959675496,
        "recent1": 0,
        "recent3": 0,
        "recent7": 0
    },
    "Travis": {
        "mi": 808.4417004692593,
        "recent1": 0,
        "recent3": 0,
        "recent7": 0
    },
    "conor": {
        "mi": 25.448381452318454,
        "recent1": 0,
        "recent3": 0,
        "recent7": 0
    },
    "Brendan": {
        "mi": 40.85061987990137,
        "recent1": 0,
        "recent3": 0,
        "recent7": 0
    },
    "Tyler": {
        "mi": 113.99986578382249,
        "recent1": 0,
        "recent3": 0,
        "recent7": 0
    },
    "_meta": {
        "num_activities": 453,
        "time": "2024-04-11 17:14:46"
    }
}