{
    "Jerome": {
        "mi": 507.7210341605027,
        "recent1": 20.597460828760042,
        "recent3": 96.43500705877673,
        "recent7": 147.40658305495901
    },
    "Brendan": {
        "mi": 12.29730871709218,
        "recent1": 7.264202059969776,
        "recent3": 8.914191123836792,
        "recent7": 12.29730871709218
    },
    "Luke": {
        "mi": 47.87652608764812,
        "recent1": 7.072260498687664,
        "recent3": 8.378879841724329,
        "recent7": 15.64432464407858
    },
    "Brib": {
        "mi": 621.7211484928021,
        "recent1": 38.216440984649644,
        "recent3": 83.67241559293724,
        "recent7": 190.21272021395052
    },
    "Justin": {
        "mi": 588.6951453511492,
        "recent1": 20.710177563031895,
        "recent3": 61.281180406426465,
        "recent7": 162.6146429849678
    },
    "Travis": {
        "mi": 320.0407743776346,
        "recent1": 10.499992543545691,
        "recent3": 12.499999999999996,
        "recent7": 88.20022319653225
    },
    "Tyler": {
        "mi": 68.1999622206315,
        "recent1": 0,
        "recent3": 6.999995029030461,
        "recent7": 22.999992543545687
    },
    "conor": {
        "mi": 7.710843672949971,
        "recent1": 0,
        "recent3": 0,
        "recent7": 0
    },
    "_meta": {
        "num_activities": 166,
        "time": "2024-01-26 23:14:54"
    }
}