{
    "Botond": {
        "mi": 113.66768074445243,
        "recent1": 9.57756700866937,
        "recent3": 17.892507754712476,
        "recent7": 35.21155203610912
    },
    "Brib": {
        "mi": 2748.4781998130925,
        "recent1": 14.161981527877195,
        "recent3": 60.400511015668485,
        "recent7": 103.50534130676846
    },
    "Justin": {
        "mi": 2594.204098067287,
        "recent1": 19.101820369044777,
        "recent3": 19.101820369044777,
        "recent7": 58.20955619183965
    },
    "Travis": {
        "mi": 877.9022384275827,
        "recent1": 10.008052970651395,
        "recent3": 10.008052970651395,
        "recent7": 12.058515767915374
    },
    "Luke": {
        "mi": 217.81141881412552,
        "recent1": 0,
        "recent3": 7.829463433548079,
        "recent7": 14.750544321164398
    },
    "Jerome": {
        "mi": 1031.6958959675496,
        "recent1": 0,
        "recent3": 0,
        "recent7": 0
    },
    "conor": {
        "mi": 25.448381452318454,
        "recent1": 0,
        "recent3": 0,
        "recent7": 0
    },
    "Brendan": {
        "mi": 40.85061987990137,
        "recent1": 0,
        "recent3": 0,
        "recent7": 0
    },
    "Tyler": {
        "mi": 113.99986578382249,
        "recent1": 0,
        "recent3": 0,
        "recent7": 0
    },
    "_meta": {
        "num_activities": 580,
        "time": "2024-05-15 17:46:51"
    }
}