{
    "Travis": {
        "mi": 427.74099260319724,
        "recent1": 22.99999254354569,
        "recent3": 22.99999254354569,
        "recent7": 76.50011433229936
    },
    "Brib": {
        "mi": 977.4411810029429,
        "recent1": 21.161914419788435,
        "recent3": 162.46663236697685,
        "recent7": 228.25735206394654
    },
    "Tyler": {
        "mi": 103.99989063867017,
        "recent1": 3.4999975145152304,
        "recent3": 3.4999975145152304,
        "recent7": 15.799978127734033
    },
    "Jerome": {
        "mi": 620.880743955301,
        "recent1": 5.078093931440388,
        "recent3": 21.12289230891593,
        "recent7": 62.68715700310187
    },
    "Justin": {
        "mi": 797.2236513759644,
        "recent1": 0,
        "recent3": 42.41939572894297,
        "recent7": 137.17788117394417
    },
    "Luke": {
        "mi": 123.49926429650837,
        "recent1": 0,
        "recent3": 4.253285810864551,
        "recent7": 54.34717499801161
    },
    "Brendan": {
        "mi": 38.1951279527559,
        "recent1": 0,
        "recent3": 0,
        "recent7": 3.1068559611866697
    },
    "conor": {
        "mi": 7.710843672949971,
        "recent1": 0,
        "recent3": 0,
        "recent7": 0
    },
    "_meta": {
        "num_activities": 225,
        "time": "2024-02-06 21:12:52"
    }
}