{
    "Luke": {
        "mi": 302.76398333731015,
        "recent1": 2.7516801877038093,
        "recent3": 7.421533245844268,
        "recent7": 22.478102879185553
    },
    "Botond": {
        "mi": 430.54008341286885,
        "recent1": 2.3739486399427343,
        "recent3": 9.132913783504335,
        "recent7": 27.293729619024894
    },
    "Brib": {
        "mi": 3550.2949027678364,
        "recent1": 0,
        "recent3": 22.567207508152386,
        "recent7": 32.67318857870038
    },
    "Travis": {
        "mi": 989.6744884872344,
        "recent1": 0,
        "recent3": 3.506273363556828,
        "recent7": 10.252003300723773
    },
    "Justin": {
        "mi": 2824.652839914897,
        "recent1": 0,
        "recent3": 0,
        "recent7": 21.430284637715737
    },
    "Jerome": {
        "mi": 1031.6958959675496,
        "recent1": 0,
        "recent3": 0,
        "recent7": 0
    },
    "conor": {
        "mi": 25.448381452318454,
        "recent1": 0,
        "recent3": 0,
        "recent7": 0
    },
    "Brendan": {
        "mi": 40.85061987990137,
        "recent1": 0,
        "recent3": 0,
        "recent7": 0
    },
    "Tyler": {
        "mi": 113.99986578382249,
        "recent1": 0,
        "recent3": 0,
        "recent7": 0
    },
    "_meta": {
        "num_activities": 828,
        "time": "2024-07-20 02:09:01"
    }
}