{
    "Justin": {
        "mi": 2663.3066019446424,
        "recent1": 13.812149546647577,
        "recent3": 13.812149546647577,
        "recent7": 32.4210982860097
    },
    "Luke": {
        "mi": 257.04237254434105,
        "recent1": 3.9216600055674853,
        "recent3": 9.046046090829554,
        "recent7": 21.33944016941064
    },
    "Botond": {
        "mi": 219.57648582279472,
        "recent1": 5.34509713274477,
        "recent3": 8.636811023622046,
        "recent7": 26.276979937166942
    },
    "Travis": {
        "mi": 912.2929591187462,
        "recent1": 6.800659150560725,
        "recent3": 6.800659150560725,
        "recent7": 10.989819454386383
    },
    "Brib": {
        "mi": 2931.851176628491,
        "recent1": 0,
        "recent3": 0,
        "recent7": 92.86380040563111
    },
    "Jerome": {
        "mi": 1031.6958959675496,
        "recent1": 0,
        "recent3": 0,
        "recent7": 0
    },
    "conor": {
        "mi": 25.448381452318454,
        "recent1": 0,
        "recent3": 0,
        "recent7": 0
    },
    "Brendan": {
        "mi": 40.85061987990137,
        "recent1": 0,
        "recent3": 0,
        "recent7": 0
    },
    "Tyler": {
        "mi": 113.99986578382249,
        "recent1": 0,
        "recent3": 0,
        "recent7": 0
    },
    "_meta": {
        "num_activities": 666,
        "time": "2024-06-04 13:18:56"
    }
}