{
    "Travis": {
        "mi": 736.9415737095362,
        "recent1": 12.200001988387815,
        "recent3": 32.70003181420504,
        "recent7": 63.400056171955775
    },
    "Jerome": {
        "mi": 945.500029825817,
        "recent1": 4.000014912908613,
        "recent3": 4.000014912908613,
        "recent7": 41.50411596277738
    },
    "Brib": {
        "mi": 1819.921719657202,
        "recent1": 21.128733198122962,
        "recent3": 41.6489575876879,
        "recent7": 127.31988934621808
    },
    "Luke": {
        "mi": 166.60390817625074,
        "recent1": 3.452276206951403,
        "recent3": 5.373307384872344,
        "recent7": 5.373307384872344
    },
    "Justin": {
        "mi": 1839.2471093812144,
        "recent1": 20.3454948103078,
        "recent3": 40.70534329515628,
        "recent7": 60.91438499164876
    },
    "conor": {
        "mi": 25.448381452318454,
        "recent1": 0,
        "recent3": 0,
        "recent7": 0
    },
    "Brendan": {
        "mi": 40.85061987990137,
        "recent1": 0,
        "recent3": 0,
        "recent7": 0
    },
    "Tyler": {
        "mi": 113.99986578382249,
        "recent1": 0,
        "recent3": 0,
        "recent7": 0
    },
    "_meta": {
        "num_activities": 376,
        "time": "2024-03-12 21:26:22"
    }
}