{
    "Luke": {
        "mi": 234.77497663644317,
        "recent1": 2.8558841366420102,
        "recent3": 11.2427796667462,
        "recent7": 15.571375666109915
    },
    "Botond": {
        "mi": 157.6359063071661,
        "recent1": 5.231324067446114,
        "recent3": 20.214882585699513,
        "recent7": 42.40286725522945
    },
    "Brib": {
        "mi": 2786.5844716853585,
        "recent1": 17.828817207508152,
        "recent3": 38.106271872265964,
        "recent7": 38.106271872265964
    },
    "Travis": {
        "mi": 901.3031396643601,
        "recent1": 10.000534379225323,
        "recent3": 14.184102342320845,
        "recent7": 18.33946005328879
    },
    "Justin": {
        "mi": 2611.0379757217843,
        "recent1": 0,
        "recent3": 0,
        "recent7": 16.833877654497734
    },
    "Jerome": {
        "mi": 1031.6958959675496,
        "recent1": 0,
        "recent3": 0,
        "recent7": 0
    },
    "conor": {
        "mi": 25.448381452318454,
        "recent1": 0,
        "recent3": 0,
        "recent7": 0
    },
    "Brendan": {
        "mi": 40.85061987990137,
        "recent1": 0,
        "recent3": 0,
        "recent7": 0
    },
    "Tyler": {
        "mi": 113.99986578382249,
        "recent1": 0,
        "recent3": 0,
        "recent7": 0
    },
    "_meta": {
        "num_activities": 617,
        "time": "2024-05-22 22:46:46"
    }
}