{
    "Luke": {
        "mi": 67.42014137437364,
        "recent1": 19.54361528672552,
        "recent3": 27.92249512844985,
        "recent7": 27.92249512844985
    },
    "Brendan": {
        "mi": 35.08827199156923,
        "recent1": 22.79096327447705,
        "recent3": 30.055165334446826,
        "recent7": 35.08827199156923
    },
    "Travis": {
        "mi": 331.1408250815239,
        "recent1": 1.0000347967867653,
        "recent3": 21.600043247434975,
        "recent7": 47.0001441581166
    },
    "Jerome": {
        "mi": 527.8580589358149,
        "recent1": 20.137024775312177,
        "recent3": 61.05885379384395,
        "recent7": 141.75198093136083
    },
    "Brib": {
        "mi": 677.77920693152,
        "recent1": 56.05805843871788,
        "recent3": 94.27449942336753,
        "recent7": 203.77309015350352
    },
    "Justin": {
        "mi": 608.9526540006362,
        "recent1": 0,
        "recent3": 40.967686212518885,
        "recent7": 157.61627097749144
    },
    "Tyler": {
        "mi": 78.19993736578381,
        "recent1": 0,
        "recent3": 9.999975145152309,
        "recent7": 32.999967688698
    },
    "conor": {
        "mi": 7.710843672949971,
        "recent1": 0,
        "recent3": 0,
        "recent7": 0
    },
    "_meta": {
        "num_activities": 176,
        "time": "2024-01-28 17:46:42"
    }
}