{
    "Luke": {
        "mi": 123.49926429650837,
        "recent1": 25.166216793923486,
        "recent3": 51.017371053050184,
        "recent7": 56.07912292213473
    },
    "Brib": {
        "mi": 915.0880110156686,
        "recent1": 100.11346237970253,
        "recent3": 124.32357532013043,
        "recent7": 237.30880408414856
    },
    "Justin": {
        "mi": 754.8042556470214,
        "recent1": 34.18486041517537,
        "recent3": 54.38998747315676,
        "recent7": 145.8516016463851
    },
    "Travis": {
        "mi": 404.7410000596516,
        "recent1": 0,
        "recent3": 27.10011035552374,
        "recent7": 60.10014018134096
    },
    "Jerome": {
        "mi": 599.7578516463851,
        "recent1": 0,
        "recent3": 6.000022369362919,
        "recent7": 71.89979271057027
    },
    "Tyler": {
        "mi": 100.49989312415494,
        "recent1": 0,
        "recent3": 5.29998558418834,
        "recent7": 22.29995575837111
    },
    "Brendan": {
        "mi": 38.1951279527559,
        "recent1": 0,
        "recent3": 0,
        "recent7": 3.1068559611866697
    },
    "conor": {
        "mi": 7.710843672949971,
        "recent1": 0,
        "recent3": 0,
        "recent7": 0
    },
    "_meta": {
        "num_activities": 215,
        "time": "2024-02-04 18:19:18"
    }
}