{
    "Luke": {
        "mi": 164.86052702219044,
        "recent1": 1.7088950528911155,
        "recent3": 3.629926230812057,
        "recent7": 3.629926230812057
    },
    "Travis": {
        "mi": 726.8415578024337,
        "recent1": 2.0999860812852935,
        "recent3": 32.60005318937405,
        "recent7": 53.30004026485325
    },
    "Brib": {
        "mi": 1798.792986459079,
        "recent1": 20.520224389564937,
        "recent3": 31.039417302950763,
        "recent7": 175.61515748031496
    },
    "Justin": {
        "mi": 1818.9016145709068,
        "recent1": 20.35984848484848,
        "recent3": 40.56889018134096,
        "recent7": 140.74138282430604
    },
    "Jerome": {
        "mi": 941.5000149129085,
        "recent1": 0,
        "recent3": 0,
        "recent7": 37.504101049868765
    },
    "conor": {
        "mi": 25.448381452318454,
        "recent1": 0,
        "recent3": 0,
        "recent7": 0
    },
    "Brendan": {
        "mi": 40.85061987990137,
        "recent1": 0,
        "recent3": 0,
        "recent7": 0
    },
    "Tyler": {
        "mi": 113.99986578382249,
        "recent1": 0,
        "recent3": 0,
        "recent7": 0
    },
    "_meta": {
        "num_activities": 370,
        "time": "2024-03-11 22:13:45"
    }
}