{
    "Brib": {
        "mi": 1019.1683692237334,
        "recent1": 41.72718822079058,
        "recent3": 62.88910264057901,
        "recent7": 248.47509295713036
    },
    "Travis": {
        "mi": 437.94098713513074,
        "recent1": 10.199994531933507,
        "recent3": 33.1999870754792,
        "recent7": 60.30009743100294
    },
    "Jerome": {
        "mi": 662.3214800564701,
        "recent1": 20.113536944245602,
        "recent3": 62.56362841008509,
        "recent7": 68.56365077944801
    },
    "Justin": {
        "mi": 842.6897543346854,
        "recent1": 0,
        "recent3": 45.466102958721066,
        "recent7": 142.27548616082078
    },
    "Tyler": {
        "mi": 103.99989063867017,
        "recent1": 0,
        "recent3": 3.4999975145152304,
        "recent7": 8.79998309870357
    },
    "Luke": {
        "mi": 123.49926429650837,
        "recent1": 0,
        "recent3": 0,
        "recent7": 51.017371053050184
    },
    "Brendan": {
        "mi": 38.1951279527559,
        "recent1": 0,
        "recent3": 0,
        "recent7": 0
    },
    "conor": {
        "mi": 7.710843672949971,
        "recent1": 0,
        "recent3": 0,
        "recent7": 0
    },
    "_meta": {
        "num_activities": 232,
        "time": "2024-02-08 18:17:55"
    }
}