{
    "Botond": {
        "mi": 288.6225691958959,
        "recent1": 10.76059562157003,
        "recent3": 19.873004155730534,
        "recent7": 35.284625288316235
    },
    "Justin": {
        "mi": 2781.8126516145703,
        "recent1": 27.1892771216098,
        "recent3": 27.1892771216098,
        "recent7": 62.303646703253
    },
    "Brib": {
        "mi": 3093.595713532968,
        "recent1": 0,
        "recent3": 0,
        "recent7": 90.02643313051777
    },
    "Travis": {
        "mi": 928.1632143283225,
        "recent1": 0,
        "recent3": 0,
        "recent7": 11.307775093454227
    },
    "Luke": {
        "mi": 267.69839139425756,
        "recent1": 0,
        "recent3": 0,
        "recent7": 0
    },
    "Jerome": {
        "mi": 1031.6958959675496,
        "recent1": 0,
        "recent3": 0,
        "recent7": 0
    },
    "conor": {
        "mi": 25.448381452318454,
        "recent1": 0,
        "recent3": 0,
        "recent7": 0
    },
    "Brendan": {
        "mi": 40.85061987990137,
        "recent1": 0,
        "recent3": 0,
        "recent7": 0
    },
    "Tyler": {
        "mi": 113.99986578382249,
        "recent1": 0,
        "recent3": 0,
        "recent7": 0
    },
    "_meta": {
        "num_activities": 716,
        "time": "2024-06-17 13:19:36"
    }
}