{
    "Justin": {
        "mi": 2083.457918257377,
        "recent1": 20.7049580450171,
        "recent3": 20.7049580450171,
        "recent7": 88.33176747792889
    },
    "Brib": {
        "mi": 2107.288497673587,
        "recent1": 0,
        "recent3": 42.44766811818977,
        "recent7": 103.01222112860891
    },
    "Jerome": {
        "mi": 1015.206506502028,
        "recent1": 0,
        "recent3": 0,
        "recent7": 0
    },
    "Travis": {
        "mi": 808.4417004692593,
        "recent1": 0,
        "recent3": 0,
        "recent7": 0
    },
    "Luke": {
        "mi": 169.00041259047168,
        "recent1": 0,
        "recent3": 0,
        "recent7": 0
    },
    "conor": {
        "mi": 25.448381452318454,
        "recent1": 0,
        "recent3": 0,
        "recent7": 0
    },
    "Brendan": {
        "mi": 40.85061987990137,
        "recent1": 0,
        "recent3": 0,
        "recent7": 0
    },
    "Tyler": {
        "mi": 113.99986578382249,
        "recent1": 0,
        "recent3": 0,
        "recent7": 0
    },
    "_meta": {
        "num_activities": 428,
        "time": "2024-03-31 01:11:06"
    }
}