{
    "Luke": {
        "mi": 267.69839139425756,
        "recent1": 5.546234987671995,
        "recent3": 9.822138709933984,
        "recent7": 16.34616340571065
    },
    "Botond": {
        "mi": 247.55328879344611,
        "recent1": 6.310024457170126,
        "recent3": 15.988440010339614,
        "recent7": 36.613613994273436
    },
    "Justin": {
        "mi": 2701.5456608406894,
        "recent1": 20.8138844150163,
        "recent3": 38.23905889604708,
        "recent7": 52.05120844269465
    },
    "Brib": {
        "mi": 3003.5692804024507,
        "recent1": 0,
        "recent3": 35.48924282191999,
        "recent7": 71.71810377396007
    },
    "Travis": {
        "mi": 916.8554392348681,
        "recent1": 0,
        "recent3": 4.562480116121848,
        "recent7": 11.363139266682573
    },
    "Jerome": {
        "mi": 1031.6958959675496,
        "recent1": 0,
        "recent3": 0,
        "recent7": 0
    },
    "conor": {
        "mi": 25.448381452318454,
        "recent1": 0,
        "recent3": 0,
        "recent7": 0
    },
    "Brendan": {
        "mi": 40.85061987990137,
        "recent1": 0,
        "recent3": 0,
        "recent7": 0
    },
    "Tyler": {
        "mi": 113.99986578382249,
        "recent1": 0,
        "recent3": 0,
        "recent7": 0
    },
    "_meta": {
        "num_activities": 690,
        "time": "2024-06-08 14:46:43"
    }
}