{
    "Tyler": {
        "mi": 88.19991251093612,
        "recent1": 9.999975145152309,
        "recent3": 19.999950290304618,
        "recent7": 42.999942833850305
    },
    "Justin": {
        "mi": 660.0457702020203,
        "recent1": 51.09311620138391,
        "recent3": 71.3506248508709,
        "recent7": 153.11058418834008
    },
    "Brib": {
        "mi": 707.8737671995547,
        "recent1": 30.094560268034677,
        "recent3": 107.78279845701104,
        "recent7": 212.7254956056629
    },
    "Travis": {
        "mi": 344.6408598783106,
        "recent1": 13.500034796786764,
        "recent3": 24.60008550067605,
        "recent7": 60.50017895490336
    },
    "Luke": {
        "mi": 67.42014137437364,
        "recent1": 2.5007083631591502,
        "recent3": 26.615875785413184,
        "recent7": 27.92249512844985
    },
    "Brendan": {
        "mi": 35.08827199156923,
        "recent1": 1.6045668297144675,
        "recent3": 30.055165334446826,
        "recent7": 35.08827199156923
    },
    "Jerome": {
        "mi": 527.8580589358149,
        "recent1": 0,
        "recent3": 40.73448560407222,
        "recent7": 141.75198093136083
    },
    "conor": {
        "mi": 7.710843672949971,
        "recent1": 0,
        "recent3": 0,
        "recent7": 0
    },
    "_meta": {
        "num_activities": 181,
        "time": "2024-01-29 15:14:24"
    }
}