{
    "Tyler": {
        "mi": 95.1999075399666,
        "recent1": 6.999995029030461,
        "recent3": 16.99997017418277,
        "recent7": 26.99994531933508
    },
    "Travis": {
        "mi": 364.64087230573443,
        "recent1": 20.000012427423844,
        "recent3": 34.50008202099737,
        "recent7": 57.10009792809988
    },
    "Jerome": {
        "mi": 579.2033275670086,
        "recent1": 51.34526863119383,
        "recent3": 51.34526863119383,
        "recent7": 135.58232422651713
    },
    "Luke": {
        "mi": 69.15208929849678,
        "recent1": 1.731947924123121,
        "recent3": 4.232656287282271,
        "recent7": 29.654443052572972
    },
    "Brib": {
        "mi": 749.1838289389963,
        "recent1": 20.28360623956096,
        "recent3": 71.40462200747633,
        "recent7": 211.13509603913144
    },
    "Justin": {
        "mi": 660.0457702020203,
        "recent1": 0,
        "recent3": 51.09311620138391,
        "recent7": 132.63180525729737
    },
    "Brendan": {
        "mi": 35.08827199156923,
        "recent1": 0,
        "recent3": 1.6045668297144675,
        "recent7": 31.705154398313844
    },
    "conor": {
        "mi": 7.710843672949971,
        "recent1": 0,
        "recent3": 0,
        "recent7": 0
    },
    "_meta": {
        "num_activities": 190,
        "time": "2024-01-31 01:04:56"
    }
}