{
    "Brib": {
        "mi": 356.4751849200668,
        "recent1": 34.43713711922373,
        "recent3": 128.02564274636126,
        "recent7": 240.35184522389244
    },
    "Travis": {
        "mi": 185.74040105782228,
        "recent1": 7.400033802592857,
        "recent3": 9.800017895490335,
        "recent7": 81.50022617911397
    },
    "Justin": {
        "mi": 302.7125338025928,
        "recent1": 0,
        "recent3": 69.22690239004214,
        "recent7": 186.73055605265247
    },
    "Jerome": {
        "mi": 292.55671876242735,
        "recent1": 0,
        "recent3": 98.4770192078263,
        "recent7": 243.27216555316946
    },
    "Tyler": {
        "mi": 28.6999547641772,
        "recent1": 0,
        "recent3": 12.299980613218802,
        "recent7": 24.899959238049785
    },
    "conor": {
        "mi": 7.710843672949971,
        "recent1": 0,
        "recent3": 0,
        "recent7": 0
    },
    "_meta": {
        "num_activities": 93,
        "time": "2024-01-15 17:29:10"
    }
}