{
    "Brib": {
        "mi": 338.4562902648533,
        "recent1": 16.418242464010177,
        "recent3": 148.1811843832021,
        "recent7": 252.31746599856834
    },
    "Justin": {
        "mi": 302.7125338025928,
        "recent1": 25.19076095601686,
        "recent3": 125.56159528354408,
        "recent7": 216.85630915453746
    },
    "Jerome": {
        "mi": 292.55671876242735,
        "recent1": 0,
        "recent3": 138.86782440547205,
        "recent7": 243.27216555316946
    },
    "Tyler": {
        "mi": 28.6999547641772,
        "recent1": 0,
        "recent3": 13.799970671279725,
        "recent7": 24.899959238049785
    },
    "Travis": {
        "mi": 178.34036725522944,
        "recent1": 0,
        "recent3": 32.10009792809989,
        "recent7": 96.20025302234947
    },
    "conor": {
        "mi": 7.710843672949971,
        "recent1": 0,
        "recent3": 0,
        "recent7": 0
    },
    "_meta": {
        "num_activities": 90,
        "time": "2024-01-14 21:13:31"
    }
}