{
    "Jerome": {
        "mi": 579.2033275670086,
        "recent1": 51.34526863119383,
        "recent3": 71.48229340650602,
        "recent7": 167.91730046528272
    },
    "Luke": {
        "mi": 69.15208929849678,
        "recent1": 1.731947924123121,
        "recent3": 4.232656287282271,
        "recent7": 29.654443052572972
    },
    "Brib": {
        "mi": 749.1838289389963,
        "recent1": 20.28360623956096,
        "recent3": 71.40462200747633,
        "recent7": 211.13509603913144
    },
    "Travis": {
        "mi": 351.2408782708979,
        "recent1": 6.60001839258729,
        "recent3": 21.10008798616082,
        "recent7": 45.700111349717645
    },
    "Tyler": {
        "mi": 88.19991251093612,
        "recent1": 0,
        "recent3": 9.999975145152309,
        "recent7": 26.99994531933508
    },
    "Justin": {
        "mi": 660.0457702020203,
        "recent1": 0,
        "recent3": 51.09311620138391,
        "recent7": 132.63180525729737
    },
    "Brendan": {
        "mi": 35.08827199156923,
        "recent1": 0,
        "recent3": 1.6045668297144675,
        "recent7": 31.705154398313844
    },
    "conor": {
        "mi": 7.710843672949971,
        "recent1": 0,
        "recent3": 0,
        "recent7": 0
    },
    "_meta": {
        "num_activities": 187,
        "time": "2024-01-30 21:46:43"
    }
}