{
    "Travis": {
        "mi": 788.2416686550544,
        "recent1": 9.999975145152309,
        "recent3": 11.099988566770062,
        "recent7": 61.400110852620685
    },
    "Brib": {
        "mi": 1924.9442008669369,
        "recent1": 13.258507814364112,
        "recent3": 13.258507814364112,
        "recent7": 105.02248120973513
    },
    "Justin": {
        "mi": 1952.1482666229224,
        "recent1": 18.56414787640181,
        "recent3": 51.48489073808955,
        "recent7": 112.90115724170842
    },
    "Jerome": {
        "mi": 996.9826836276146,
        "recent1": 0,
        "recent3": 15.112120217927302,
        "recent7": 51.4826538017975
    },
    "Luke": {
        "mi": 169.00041259047168,
        "recent1": 0,
        "recent3": 0,
        "recent7": 2.3965044142209497
    },
    "conor": {
        "mi": 25.448381452318454,
        "recent1": 0,
        "recent3": 0,
        "recent7": 0
    },
    "Brendan": {
        "mi": 40.85061987990137,
        "recent1": 0,
        "recent3": 0,
        "recent7": 0
    },
    "Tyler": {
        "mi": 113.99986578382249,
        "recent1": 0,
        "recent3": 0,
        "recent7": 0
    },
    "_meta": {
        "num_activities": 405,
        "time": "2024-03-19 19:12:36"
    }
}