{
    "Justin": {
        "mi": 2422.3066665672472,
        "recent1": 4.9513342082239715,
        "recent3": 24.810668197725285,
        "recent7": 82.14465024258331
    },
    "Luke": {
        "mi": 190.746913027917,
        "recent1": 0,
        "recent3": 7.846054044380816,
        "recent7": 14.780370138391792
    },
    "Brib": {
        "mi": 2527.0047920146358,
        "recent1": 0,
        "recent3": 0,
        "recent7": 63.18027718126143
    },
    "Jerome": {
        "mi": 1031.6958959675496,
        "recent1": 0,
        "recent3": 0,
        "recent7": 0
    },
    "Travis": {
        "mi": 808.4417004692593,
        "recent1": 0,
        "recent3": 0,
        "recent7": 0
    },
    "conor": {
        "mi": 25.448381452318454,
        "recent1": 0,
        "recent3": 0,
        "recent7": 0
    },
    "Brendan": {
        "mi": 40.85061987990137,
        "recent1": 0,
        "recent3": 0,
        "recent7": 0
    },
    "Tyler": {
        "mi": 113.99986578382249,
        "recent1": 0,
        "recent3": 0,
        "recent7": 0
    },
    "_meta": {
        "num_activities": 485,
        "time": "2024-04-29 23:46:48"
    }
}