{
    "Jerome": {
        "mi": 292.55671876242735,
        "recent1": 35.66987542750338,
        "recent3": 138.86782440547205,
        "recent7": 243.27216555316946
    },
    "Tyler": {
        "mi": 28.6999547641772,
        "recent1": 12.299980613218802,
        "recent3": 13.799970671279725,
        "recent7": 24.899959238049785
    },
    "Brib": {
        "mi": 322.0380478008431,
        "recent1": 52.47914678278851,
        "recent3": 131.76294191919192,
        "recent7": 235.89922353455816
    },
    "Travis": {
        "mi": 178.34036725522944,
        "recent1": 2.3999840928974785,
        "recent3": 32.10009792809989,
        "recent7": 96.20025302234947
    },
    "Justin": {
        "mi": 277.52177284657597,
        "recent1": 44.03614143402529,
        "recent3": 100.37083432752723,
        "recent7": 191.6655481985206
    },
    "conor": {
        "mi": 7.710843672949971,
        "recent1": 0,
        "recent3": 0,
        "recent7": 0
    },
    "_meta": {
        "num_activities": 88,
        "time": "2024-01-14 02:10:14"
    }
}