{
    "Travis": {
        "mi": 495.3410830748428,
        "recent1": 24.30002535194464,
        "recent3": 36.30007009067048,
        "recent7": 90.60008301519127
    },
    "Brib": {
        "mi": 1110.968444285373,
        "recent1": 20.20400858983536,
        "recent3": 70.71465143561599,
        "recent7": 154.689177702219
    },
    "Justin": {
        "mi": 954.9028672552292,
        "recent1": 0,
        "recent3": 91.85003330549588,
        "recent7": 157.6792158792651
    },
    "Luke": {
        "mi": 126.71423884514432,
        "recent1": 0,
        "recent3": 3.2149745486359658,
        "recent7": 3.2149745486359658
    },
    "conor": {
        "mi": 11.888632883957685,
        "recent1": 0,
        "recent3": 4.177789211007714,
        "recent7": 4.177789211007714
    },
    "Jerome": {
        "mi": 714.357154219359,
        "recent1": 0,
        "recent3": 52.035674162888725,
        "recent7": 93.4764102640579
    },
    "Tyler": {
        "mi": 103.99989063867017,
        "recent1": 0,
        "recent3": 0,
        "recent7": 3.4999975145152304
    },
    "Brendan": {
        "mi": 38.1951279527559,
        "recent1": 0,
        "recent3": 0,
        "recent7": 0
    },
    "_meta": {
        "num_activities": 248,
        "time": "2024-02-12 22:13:30"
    }
}