{
    "Brib": {
        "mi": 1382.174165374214,
        "recent1": 43.792750338025925,
        "recent3": 126.1334431917601,
        "recent7": 158.6893790264853
    },
    "Justin": {
        "mi": 1479.9584178398156,
        "recent1": 41.085746739043984,
        "recent3": 101.52180018690845,
        "recent7": 215.58436232402767
    },
    "Jerome": {
        "mi": 798.2622111866697,
        "recent1": 0,
        "recent3": 30.27805118110236,
        "recent7": 47.65475870913862
    },
    "Travis": {
        "mi": 620.6413917720513,
        "recent1": 0,
        "recent3": 50.300060148731404,
        "recent7": 58.000091962936445
    },
    "conor": {
        "mi": 25.448381452318454,
        "recent1": 0,
        "recent3": 0,
        "recent7": 8.93364004215382
    },
    "Luke": {
        "mi": 151.29742304939157,
        "recent1": 0,
        "recent3": 0,
        "recent7": 12.689642487870834
    },
    "Brendan": {
        "mi": 40.85061987990137,
        "recent1": 0,
        "recent3": 0,
        "recent7": 2.0000074564543064
    },
    "Tyler": {
        "mi": 113.99986578382249,
        "recent1": 0,
        "recent3": 0,
        "recent7": 0
    },
    "_meta": {
        "num_activities": 321,
        "time": "2024-03-01 18:20:25"
    }
}