{
    "Luke": {
        "mi": 98.33304750258488,
        "recent1": 25.851154259126698,
        "recent3": 29.180958204088125,
        "recent7": 50.456521414936766
    },
    "Brib": {
        "mi": 811.8924853853496,
        "recent1": 21.1280496898115,
        "recent3": 62.7086564463533,
        "recent7": 190.17133689254752
    },
    "Justin": {
        "mi": 720.619395231846,
        "recent1": 20.205127057981386,
        "recent3": 60.57362502982581,
        "recent7": 131.92424988069672
    },
    "Tyler": {
        "mi": 100.49989312415494,
        "recent1": 5.29998558418834,
        "recent3": 12.2999806132188,
        "recent7": 32.29993090352342
    },
    "Travis": {
        "mi": 389.1409170444603,
        "recent1": 11.500027340332457,
        "recent3": 27.400046230016702,
        "recent7": 69.10014266682573
    },
    "Jerome": {
        "mi": 595.7578367334764,
        "recent1": 2.0000074564543064,
        "recent3": 16.554509166467824,
        "recent7": 108.63426340173388
    },
    "Brendan": {
        "mi": 38.1951279527559,
        "recent1": 0,
        "recent3": 3.1068559611866697,
        "recent7": 25.897819235663718
    },
    "conor": {
        "mi": 7.710843672949971,
        "recent1": 0,
        "recent3": 0,
        "recent7": 0
    },
    "_meta": {
        "num_activities": 207,
        "time": "2024-02-02 20:46:35"
    }
}