{
    "Botond": {
        "mi": 406.6663808359183,
        "recent1": 3.420027042074286,
        "recent3": 12.104932195975502,
        "recent7": 37.93819096476577
    },
    "Luke": {
        "mi": 294.1605399467112,
        "recent1": 7.6682176091624905,
        "recent3": 14.55269973355603,
        "recent7": 17.231679491768073
    },
    "Brib": {
        "mi": 3517.6217141891357,
        "recent1": 0,
        "recent3": 20.68234013361966,
        "recent7": 126.71454953074047
    },
    "Travis": {
        "mi": 979.4224851865106,
        "recent1": 0,
        "recent3": 4.215692853734192,
        "recent7": 23.089780680823985
    },
    "Justin": {
        "mi": 2803.222555277181,
        "recent1": 0,
        "recent3": 0,
        "recent7": 21.409903662610354
    },
    "Jerome": {
        "mi": 1031.6958959675496,
        "recent1": 0,
        "recent3": 0,
        "recent7": 0
    },
    "conor": {
        "mi": 25.448381452318454,
        "recent1": 0,
        "recent3": 0,
        "recent7": 0
    },
    "Brendan": {
        "mi": 40.85061987990137,
        "recent1": 0,
        "recent3": 0,
        "recent7": 0
    },
    "Tyler": {
        "mi": 113.99986578382249,
        "recent1": 0,
        "recent3": 0,
        "recent7": 0
    },
    "_meta": {
        "num_activities": 804,
        "time": "2024-07-14 18:29:29"
    }
}