{
    "Brib": {
        "mi": 1767.7535691561282,
        "recent1": 25.136888073649885,
        "recent3": 75.15173884514435,
        "recent7": 385.57940378191364
    },
    "Jerome": {
        "mi": 941.5000149129085,
        "recent1": 0,
        "recent3": 20.31069802354251,
        "recent7": 143.23780372623875
    },
    "Travis": {
        "mi": 694.2415046130598,
        "recent1": 0,
        "recent3": 20.6999870754792,
        "recent7": 73.6001128410085
    },
    "Justin": {
        "mi": 1778.3327243895658,
        "recent1": 0,
        "recent3": 0,
        "recent7": 298.3743065497494
    },
    "Luke": {
        "mi": 161.23060079137838,
        "recent1": 0,
        "recent3": 0,
        "recent7": 9.933177741986796
    },
    "conor": {
        "mi": 25.448381452318454,
        "recent1": 0,
        "recent3": 0,
        "recent7": 0
    },
    "Brendan": {
        "mi": 40.85061987990137,
        "recent1": 0,
        "recent3": 0,
        "recent7": 0
    },
    "Tyler": {
        "mi": 113.99986578382249,
        "recent1": 0,
        "recent3": 0,
        "recent7": 0
    },
    "_meta": {
        "num_activities": 359,
        "time": "2024-03-08 18:19:07"
    }
}