{
    "Brendan": {
        "mi": 0.3831374771335401,
        "recent1": 0.3831374771335401,
        "recent3": 0.3831374771335401,
        "recent7": 0.3831374771335401
    },
    "Brib": {
        "mi": 538.0487328998646,
        "recent1": 21.300604469895806,
        "recent3": 64.0426161218484,
        "recent7": 164.07859351387893
    },
    "Justin": {
        "mi": 527.4139649447228,
        "recent1": 20.47877893104271,
        "recent3": 76.07758192157797,
        "recent7": 204.2245163246639
    },
    "Travis": {
        "mi": 305.5407669211803,
        "recent1": 11.300070090670483,
        "recent3": 21.400085997773004,
        "recent7": 117.80035840690365
    },
    "Tyler": {
        "mi": 61.19996719160105,
        "recent1": 15.99999751451523,
        "recent3": 15.99999751451523,
        "recent7": 17.499987572576153
    },
    "Jerome": {
        "mi": 411.28602710172595,
        "recent1": 25.17994909727193,
        "recent3": 25.17994909727193,
        "recent7": 111.422418078422
    },
    "Luke": {
        "mi": 39.49764624592379,
        "recent1": 0,
        "recent3": 1.9051240753996659,
        "recent7": 15.088073152787718
    },
    "conor": {
        "mi": 7.710843672949971,
        "recent1": 0,
        "recent3": 0,
        "recent7": 0
    },
    "_meta": {
        "num_activities": 142,
        "time": "2024-01-23 21:13:46"
    }
}