{
    "Justin": {
        "mi": 1115.0373071263818,
        "recent1": 33.24907539966595,
        "recent3": 104.48959327527241,
        "recent7": 190.2888381849996
    },
    "Travis": {
        "mi": 526.9411636045493,
        "recent1": 2.0999860812852935,
        "recent3": 23.400031317108088,
        "recent7": 55.90010588165115
    },
    "Luke": {
        "mi": 137.23380458124555,
        "recent1": 1.664094189930804,
        "recent3": 7.672815755985047,
        "recent7": 10.519565736101168
    },
    "Brendan": {
        "mi": 38.85061242344706,
        "recent1": 0.6554844706911636,
        "recent3": 0.6554844706911636,
        "recent7": 0.6554844706911636
    },
    "conor": {
        "mi": 16.514741410164635,
        "recent1": 0,
        "recent3": 4.626108526206951,
        "recent7": 4.626108526206951
    },
    "Brib": {
        "mi": 1146.0007307325216,
        "recent1": 0,
        "recent3": 0,
        "recent7": 55.23629503698401
    },
    "Jerome": {
        "mi": 735.4902370158276,
        "recent1": 0,
        "recent3": 0,
        "recent7": 21.13308279646862
    },
    "Tyler": {
        "mi": 103.99989063867017,
        "recent1": 0,
        "recent3": 0,
        "recent7": 0
    },
    "_meta": {
        "num_activities": 269,
        "time": "2024-02-18 21:46:24"
    }
}