{
    "Luke": {
        "mi": 175.96654288952521,
        "recent1": 1.5904617036506798,
        "recent3": 3.791172055197645,
        "recent7": 3.791172055197645
    },
    "Brib": {
        "mi": 2463.8245148333745,
        "recent1": 20.020766225244568,
        "recent3": 20.020766225244568,
        "recent7": 87.49540185317744
    },
    "Justin": {
        "mi": 2340.162016324665,
        "recent1": 19.525160562316074,
        "recent3": 50.162364292531606,
        "recent7": 82.82380895569871
    },
    "Jerome": {
        "mi": 1031.6958959675496,
        "recent1": 0,
        "recent3": 0,
        "recent7": 0
    },
    "Travis": {
        "mi": 808.4417004692593,
        "recent1": 0,
        "recent3": 0,
        "recent7": 0
    },
    "conor": {
        "mi": 25.448381452318454,
        "recent1": 0,
        "recent3": 0,
        "recent7": 0
    },
    "Brendan": {
        "mi": 40.85061987990137,
        "recent1": 0,
        "recent3": 0,
        "recent7": 0
    },
    "Tyler": {
        "mi": 113.99986578382249,
        "recent1": 0,
        "recent3": 0,
        "recent7": 0
    },
    "_meta": {
        "num_activities": 469,
        "time": "2024-04-22 22:15:46"
    }
}