{
    "Justin": {
        "mi": 1889.995985942098,
        "recent1": 11.58577656486121,
        "recent3": 27.78119531933508,
        "recent7": 111.66326155253319
    },
    "Brib": {
        "mi": 1911.6856930525726,
        "recent1": 31.66861777221029,
        "recent3": 75.75477958721069,
        "recent7": 133.41293098305894
    },
    "Jerome": {
        "mi": 981.8705634096873,
        "recent1": 19.35167372544341,
        "recent3": 36.3705335838702,
        "recent7": 40.37054849677881
    },
    "Travis": {
        "mi": 777.1416800882844,
        "recent1": 10.000037282271533,
        "recent3": 40.2001063787481,
        "recent7": 72.90013819295314
    },
    "Luke": {
        "mi": 169.00041259047168,
        "recent1": 0,
        "recent3": 0,
        "recent7": 7.7698117990932944
    },
    "conor": {
        "mi": 25.448381452318454,
        "recent1": 0,
        "recent3": 0,
        "recent7": 0
    },
    "Brendan": {
        "mi": 40.85061987990137,
        "recent1": 0,
        "recent3": 0,
        "recent7": 0
    },
    "Tyler": {
        "mi": 113.99986578382249,
        "recent1": 0,
        "recent3": 0,
        "recent7": 0
    },
    "_meta": {
        "num_activities": 395,
        "time": "2024-03-16 19:46:43"
    }
}