{
    "Travis": {
        "mi": 307.54077437763465,
        "recent1": 13.30007754712479,
        "recent3": 23.40009345422731,
        "recent7": 119.80036586335797
    },
    "Brendan": {
        "mi": 3.3831175932553883,
        "recent1": 3.3831175932553883,
        "recent3": 3.3831175932553883,
        "recent7": 3.3831175932553883
    },
    "Brib": {
        "mi": 538.0487328998646,
        "recent1": 21.300604469895806,
        "recent3": 64.0426161218484,
        "recent7": 164.07859351387893
    },
    "Justin": {
        "mi": 527.4139649447228,
        "recent1": 20.47877893104271,
        "recent3": 76.07758192157797,
        "recent7": 172.03419529945117
    },
    "Tyler": {
        "mi": 61.19996719160105,
        "recent1": 15.99999751451523,
        "recent3": 15.99999751451523,
        "recent7": 17.499987572576153
    },
    "Jerome": {
        "mi": 411.28602710172595,
        "recent1": 0,
        "recent3": 25.17994909727193,
        "recent7": 96.18285462896682
    },
    "Luke": {
        "mi": 39.49764624592379,
        "recent1": 0,
        "recent3": 0,
        "recent7": 15.088073152787718
    },
    "conor": {
        "mi": 7.710843672949971,
        "recent1": 0,
        "recent3": 0,
        "recent7": 0
    },
    "_meta": {
        "num_activities": 144,
        "time": "2024-01-23 22:14:46"
    }
}