{
    "Travis": {
        "mi": 742.0416020440628,
        "recent1": 5.100028334526366,
        "recent3": 17.30003032291418,
        "recent7": 47.80009743100294
    },
    "Brib": {
        "mi": 1835.930913465362,
        "recent1": 16.00919380816034,
        "recent3": 57.65815139584824,
        "recent7": 118.32206165990614
    },
    "Justin": {
        "mi": 1862.2147906227635,
        "recent1": 12.063238188976378,
        "recent3": 43.313176051857155,
        "recent7": 83.88206623319812
    },
    "Luke": {
        "mi": 169.00041259047168,
        "recent1": 0,
        "recent3": 5.848780621172353,
        "recent7": 7.7698117990932944
    },
    "Jerome": {
        "mi": 945.500029825817,
        "recent1": 0,
        "recent3": 4.000014912908613,
        "recent7": 6.000022369362919
    },
    "conor": {
        "mi": 25.448381452318454,
        "recent1": 0,
        "recent3": 0,
        "recent7": 0
    },
    "Brendan": {
        "mi": 40.85061987990137,
        "recent1": 0,
        "recent3": 0,
        "recent7": 0
    },
    "Tyler": {
        "mi": 113.99986578382249,
        "recent1": 0,
        "recent3": 0,
        "recent7": 0
    },
    "_meta": {
        "num_activities": 382,
        "time": "2024-03-13 22:14:06"
    }
}