{
    "Botond": {
        "mi": 140.63121371192236,
        "recent1": 5.599610773085182,
        "recent3": 19.721389584824625,
        "recent7": 44.856040722182456
    },
    "Luke": {
        "mi": 225.12234798775154,
        "recent1": 1.5901510180545613,
        "recent3": 3.4091530462101325,
        "recent7": 15.1403926071741
    },
    "Justin": {
        "mi": 2611.0379757217843,
        "recent1": 0,
        "recent3": 16.833877654497734,
        "recent7": 35.935698023542514
    },
    "Travis": {
        "mi": 887.119037322039,
        "recent1": 0,
        "recent3": 0,
        "recent7": 19.22485186510777
    },
    "Brib": {
        "mi": 2748.4781998130925,
        "recent1": 0,
        "recent3": 0,
        "recent7": 19.22522468782311
    },
    "Jerome": {
        "mi": 1031.6958959675496,
        "recent1": 0,
        "recent3": 0,
        "recent7": 0
    },
    "conor": {
        "mi": 25.448381452318454,
        "recent1": 0,
        "recent3": 0,
        "recent7": 0
    },
    "Brendan": {
        "mi": 40.85061987990137,
        "recent1": 0,
        "recent3": 0,
        "recent7": 0
    },
    "Tyler": {
        "mi": 113.99986578382249,
        "recent1": 0,
        "recent3": 0,
        "recent7": 0
    },
    "_meta": {
        "num_activities": 598,
        "time": "2024-05-20 17:16:39"
    }
}