{
    "Brib": {
        "mi": 677.77920693152,
        "recent1": 56.05805843871788,
        "recent3": 116.50268680903523,
        "recent7": 225.83127038097507
    },
    "Justin": {
        "mi": 608.9526540006362,
        "recent1": 20.257508649486994,
        "recent3": 61.183500855006756,
        "recent7": 157.61627097749144
    },
    "Tyler": {
        "mi": 78.19993736578381,
        "recent1": 9.999975145152309,
        "recent3": 9.999975145152309,
        "recent7": 32.999967688698
    },
    "Travis": {
        "mi": 330.1407902847371,
        "recent1": 10.10001590710252,
        "recent3": 22.600015907102517,
        "recent7": 46.000109361329834
    },
    "Jerome": {
        "mi": 507.7210341605027,
        "recent1": 20.597460828760042,
        "recent3": 64.10003082001113,
        "recent7": 121.61495615604866
    },
    "Brendan": {
        "mi": 12.29730871709218,
        "recent1": 7.264202059969776,
        "recent3": 8.914191123836792,
        "recent7": 12.29730871709218
    },
    "Luke": {
        "mi": 47.87652608764812,
        "recent1": 3.7612219637318063,
        "recent3": 8.378879841724329,
        "recent7": 10.284003917123995
    },
    "conor": {
        "mi": 7.710843672949971,
        "recent1": 0,
        "recent3": 0,
        "recent7": 0
    },
    "_meta": {
        "num_activities": 170,
        "time": "2024-01-27 19:46:48"
    }
}