{
    "Justin": {
        "mi": 1306.0902454664754,
        "recent1": 41.716189950687976,
        "recent3": 98.48105812057582,
        "recent7": 224.3020137397598
    },
    "Travis": {
        "mi": 566.8413341088046,
        "recent1": 4.200034299689811,
        "recent3": 9.300062634216177,
        "recent7": 42.000156585540445
    },
    "Luke": {
        "mi": 149.3168645112543,
        "recent1": 10.709083949733555,
        "recent3": 10.709083949733555,
        "recent7": 13.747154119939552
    },
    "Brendan": {
        "mi": 40.85061987990137,
        "recent1": 2.0000074564543064,
        "recent3": 2.0000074564543064,
        "recent7": 2.65549192714547
    },
    "Jerome": {
        "mi": 750.6074524775311,
        "recent1": 0,
        "recent3": 0,
        "recent7": 15.11721546170365
    },
    "Brib": {
        "mi": 1223.4847863477287,
        "recent1": 0,
        "recent3": 0,
        "recent7": 77.48405561520718
    },
    "Tyler": {
        "mi": 113.99986578382249,
        "recent1": 0,
        "recent3": 0,
        "recent7": 9.999975145152309
    },
    "conor": {
        "mi": 16.514741410164635,
        "recent1": 0,
        "recent3": 0,
        "recent7": 0
    },
    "_meta": {
        "num_activities": 294,
        "time": "2024-02-24 20:14:03"
    }
}