{
    "Jerome": {
        "mi": 283.6085386343752,
        "recent1": 87.6010349558578,
        "recent3": 161.3487855921419,
        "recent7": 234.32398542511729
    },
    "Tyler": {
        "mi": 28.6999547641772,
        "recent1": 12.299980613218802,
        "recent3": 13.799970671279725,
        "recent7": 24.899959238049785
    },
    "Brib": {
        "mi": 322.0380478008431,
        "recent1": 52.47914678278851,
        "recent3": 157.22704406267397,
        "recent7": 261.3958855285135
    },
    "Travis": {
        "mi": 178.34036725522944,
        "recent1": 2.3999840928974785,
        "recent3": 53.600162550703885,
        "recent7": 110.20030521752962
    },
    "Justin": {
        "mi": 277.52177284657597,
        "recent1": 44.03614143402529,
        "recent3": 121.14252763859062,
        "recent7": 216.95871112701818
    },
    "conor": {
        "mi": 7.710843672949971,
        "recent1": 0,
        "recent3": 0,
        "recent7": 0
    },
    "_meta": {
        "num_activities": 86,
        "time": "2024-01-14 01:14:49"
    }
}