{
    "Luke": {
        "mi": 182.90085898353618,
        "recent1": 1.1526435616002544,
        "recent3": 5.529209417004692,
        "recent7": 10.72548814920862
    },
    "Brib": {
        "mi": 2527.0047920146358,
        "recent1": 0,
        "recent3": 41.17584556191839,
        "recent7": 83.201043406506
    },
    "Justin": {
        "mi": 2379.5135160661744,
        "recent1": 0,
        "recent3": 22.358364650441423,
        "recent7": 89.51386403404119
    },
    "Jerome": {
        "mi": 1031.6958959675496,
        "recent1": 0,
        "recent3": 0,
        "recent7": 0
    },
    "Travis": {
        "mi": 808.4417004692593,
        "recent1": 0,
        "recent3": 0,
        "recent7": 0
    },
    "conor": {
        "mi": 25.448381452318454,
        "recent1": 0,
        "recent3": 0,
        "recent7": 0
    },
    "Brendan": {
        "mi": 40.85061987990137,
        "recent1": 0,
        "recent3": 0,
        "recent7": 0
    },
    "Tyler": {
        "mi": 113.99986578382249,
        "recent1": 0,
        "recent3": 0,
        "recent7": 0
    },
    "_meta": {
        "num_activities": 479,
        "time": "2024-04-25 22:46:54"
    }
}