{
    "Jerome": {
        "mi": 941.5000149129085,
        "recent1": 17.028180426310346,
        "recent3": 37.504101049868765,
        "recent7": 148.27252594846098
    },
    "Brib": {
        "mi": 1742.6166810824782,
        "recent1": 50.014850771494466,
        "recent3": 119.4388521037143,
        "recent7": 404.23526604628967
    },
    "Travis": {
        "mi": 694.2415046130598,
        "recent1": 2.0999860812852935,
        "recent3": 20.6999870754792,
        "recent7": 73.6001128410085
    },
    "Justin": {
        "mi": 1778.3327243895658,
        "recent1": 0,
        "recent3": 100.17249264296508,
        "recent7": 339.4600532887934
    },
    "Luke": {
        "mi": 161.23060079137838,
        "recent1": 0,
        "recent3": 0,
        "recent7": 9.933177741986796
    },
    "conor": {
        "mi": 25.448381452318454,
        "recent1": 0,
        "recent3": 0,
        "recent7": 0
    },
    "Brendan": {
        "mi": 40.85061987990137,
        "recent1": 0,
        "recent3": 0,
        "recent7": 0
    },
    "Tyler": {
        "mi": 113.99986578382249,
        "recent1": 0,
        "recent3": 0,
        "recent7": 0
    },
    "_meta": {
        "num_activities": 358,
        "time": "2024-03-07 19:26:43"
    }
}