{
    "Jerome": {
        "mi": 883.6525317147855,
        "recent1": 16.105319931599457,
        "recent3": 100.51039429730375,
        "recent7": 133.04507923725444
    },
    "Travis": {
        "mi": 671.3414906943451,
        "recent1": 16.10003827646544,
        "recent3": 62.70014366101964,
        "recent7": 104.50015658554042
    },
    "Brib": {
        "mi": 1562.5809646663486,
        "recent1": 80.5239898989899,
        "recent3": 224.19954963015985,
        "recent7": 339.09617831861925
    },
    "Justin": {
        "mi": 1632.8673670762753,
        "recent1": 92.28493100294281,
        "recent3": 193.99469597550308,
        "recent7": 326.7771216097988
    },
    "Luke": {
        "mi": 161.23060079137838,
        "recent1": 0,
        "recent3": 9.933177741986796,
        "recent7": 9.933177741986796
    },
    "conor": {
        "mi": 25.448381452318454,
        "recent1": 0,
        "recent3": 0,
        "recent7": 0
    },
    "Brendan": {
        "mi": 40.85061987990137,
        "recent1": 0,
        "recent3": 0,
        "recent7": 0
    },
    "Tyler": {
        "mi": 113.99986578382249,
        "recent1": 0,
        "recent3": 0,
        "recent7": 0
    },
    "_meta": {
        "num_activities": 338,
        "time": "2024-03-03 20:46:43"
    }
}