{
    "Luke": {
        "mi": 211.97991231209738,
        "recent1": 1.9979569315199235,
        "recent3": 5.615580012725681,
        "recent7": 14.023726437604388
    },
    "Brib": {
        "mi": 2729.2529751252696,
        "recent1": 41.17528632784538,
        "recent3": 62.6835530501869,
        "recent7": 120.46597868448262
    },
    "Botond": {
        "mi": 95.77517298973994,
        "recent1": 3.5242309910124865,
        "recent3": 12.109343931440385,
        "recent7": 27.64349946313529
    },
    "Justin": {
        "mi": 2575.102277698242,
        "recent1": 0,
        "recent3": 19.830937326016063,
        "recent7": 80.52691034359341
    },
    "Travis": {
        "mi": 867.8941854569314,
        "recent1": 0,
        "recent3": 0,
        "recent7": 59.45248498767199
    },
    "Jerome": {
        "mi": 1031.6958959675496,
        "recent1": 0,
        "recent3": 0,
        "recent7": 0
    },
    "conor": {
        "mi": 25.448381452318454,
        "recent1": 0,
        "recent3": 0,
        "recent7": 0
    },
    "Brendan": {
        "mi": 40.85061987990137,
        "recent1": 0,
        "recent3": 0,
        "recent7": 0
    },
    "Tyler": {
        "mi": 113.99986578382249,
        "recent1": 0,
        "recent3": 0,
        "recent7": 0
    },
    "_meta": {
        "num_activities": 566,
        "time": "2024-05-13 18:18:53"
    }
}