{
    "Luke": {
        "mi": 72.4818932434582,
        "recent1": 3.329803944961425,
        "recent3": 5.061751869084546,
        "recent7": 32.9842469975344
    },
    "Justin": {
        "mi": 700.4142681738647,
        "recent1": 20.23644416607015,
        "recent3": 40.36849797184443,
        "recent7": 132.42930038574724
    },
    "Travis": {
        "mi": 377.64088970412786,
        "recent1": 13.000017398393382,
        "recent3": 33.00002982581722,
        "recent7": 68.10010787003895
    },
    "Brendan": {
        "mi": 38.1951279527559,
        "recent1": 3.1068559611866697,
        "recent3": 3.1068559611866697,
        "recent7": 33.162021295633494
    },
    "Brib": {
        "mi": 770.6932762666032,
        "recent1": 0,
        "recent3": 62.81950906704843,
        "recent7": 209.41675614411832
    },
    "Jerome": {
        "mi": 591.7578218205679,
        "recent1": 0,
        "recent3": 63.899762884753045,
        "recent7": 124.95861667859698
    },
    "Tyler": {
        "mi": 95.1999075399666,
        "recent1": 0,
        "recent3": 6.999995029030461,
        "recent7": 26.99994531933508
    },
    "conor": {
        "mi": 7.710843672949971,
        "recent1": 0,
        "recent3": 0,
        "recent7": 0
    },
    "_meta": {
        "num_activities": 198,
        "time": "2024-02-01 17:15:27"
    }
}