{
    "Brib": {
        "mi": 3645.5896936888576,
        "recent1": 40.6629657798457,
        "recent3": 72.78928557225801,
        "recent7": 106.3720373021554
    },
    "Botond": {
        "mi": 451.85914260717414,
        "recent1": 3.199315994591585,
        "recent3": 11.189155332856119,
        "recent7": 30.45197297780959
    },
    "Luke": {
        "mi": 310.0430361687744,
        "recent1": 0,
        "recent3": 1.5780964169251568,
        "recent7": 14.700586077308516
    },
    "Travis": {
        "mi": 989.6744884872344,
        "recent1": 0,
        "recent3": 0,
        "recent7": 3.506273363556828
    },
    "Justin": {
        "mi": 2824.652839914897,
        "recent1": 0,
        "recent3": 0,
        "recent7": 0
    },
    "Jerome": {
        "mi": 1031.6958959675496,
        "recent1": 0,
        "recent3": 0,
        "recent7": 0
    },
    "conor": {
        "mi": 25.448381452318454,
        "recent1": 0,
        "recent3": 0,
        "recent7": 0
    },
    "Brendan": {
        "mi": 40.85061987990137,
        "recent1": 0,
        "recent3": 0,
        "recent7": 0
    },
    "Tyler": {
        "mi": 113.99986578382249,
        "recent1": 0,
        "recent3": 0,
        "recent7": 0
    },
    "_meta": {
        "num_activities": 841,
        "time": "2024-07-24 17:29:31"
    }
}