{
    "Brib": {
        "mi": 373.9701393859858,
        "recent1": 17.494954465919033,
        "recent3": 104.41123836793126,
        "recent7": 237.27748697605978
    },
    "Tyler": {
        "mi": 43.69997961902489,
        "recent1": 15.00002485484769,
        "recent3": 27.30000546806649,
        "recent7": 38.099996023224364
    },
    "Justin": {
        "mi": 323.18944862005884,
        "recent1": 20.476914817465996,
        "recent3": 45.667675773482856,
        "recent7": 187.04944374850868
    },
    "Jerome": {
        "mi": 314.006700866937,
        "recent1": 21.44998210450966,
        "recent3": 57.11985753201304,
        "recent7": 223.83064155332852
    },
    "Travis": {
        "mi": 185.74040105782228,
        "recent1": 0,
        "recent3": 7.400033802592857,
        "recent7": 71.10021226039926
    },
    "conor": {
        "mi": 7.710843672949971,
        "recent1": 0,
        "recent3": 0,
        "recent7": 0
    },
    "_meta": {
        "num_activities": 97,
        "time": "2024-01-16 18:19:19"
    }
}