{
    "Justin": {
        "mi": 567.9849677881172,
        "recent1": 20.21581464248787,
        "recent3": 61.049781774437285,
        "recent7": 192.0852223017577
    },
    "Travis": {
        "mi": 309.540781834089,
        "recent1": 2.0000074564543064,
        "recent3": 15.300085003579095,
        "recent7": 87.80024656008908
    },
    "Jerome": {
        "mi": 466.79920514197096,
        "recent1": 23.17820180147936,
        "recent3": 80.6931271375169,
        "recent7": 151.6960326692118
    },
    "Brendan": {
        "mi": 5.033106657122405,
        "recent1": 1.6499890638670165,
        "recent3": 5.033106657122405,
        "recent7": 5.033106657122405
    },
    "Brib": {
        "mi": 561.2765201224846,
        "recent1": 23.2277872226199,
        "recent3": 66.128248528593,
        "recent7": 166.7249512844985
    },
    "Tyler": {
        "mi": 68.1999622206315,
        "recent1": 0,
        "recent3": 22.999992543545687,
        "recent7": 22.999992543545687
    },
    "Luke": {
        "mi": 39.49764624592379,
        "recent1": 0,
        "recent3": 0,
        "recent7": 11.1582110474827
    },
    "conor": {
        "mi": 7.710843672949971,
        "recent1": 0,
        "recent3": 0,
        "recent7": 0
    },
    "_meta": {
        "num_activities": 153,
        "time": "2024-01-25 13:46:53"
    }
}