{
    "Luke": {
        "mi": 169.00041259047168,
        "recent1": 4.139885568281238,
        "recent3": 7.7698117990932944,
        "recent7": 7.7698117990932944
    },
    "Travis": {
        "mi": 736.9415737095362,
        "recent1": 10.10001590710252,
        "recent3": 22.699994531933505,
        "recent7": 44.80005517776187
    },
    "Jerome": {
        "mi": 945.500029825817,
        "recent1": 4.000014912908613,
        "recent3": 4.000014912908613,
        "recent7": 21.028195339218957
    },
    "Brib": {
        "mi": 1819.921719657202,
        "recent1": 21.128733198122962,
        "recent3": 41.6489575876879,
        "recent7": 127.31988934621808
    },
    "Justin": {
        "mi": 1839.2471093812144,
        "recent1": 20.3454948103078,
        "recent3": 40.70534329515628,
        "recent7": 60.91438499164876
    },
    "conor": {
        "mi": 25.448381452318454,
        "recent1": 0,
        "recent3": 0,
        "recent7": 0
    },
    "Brendan": {
        "mi": 40.85061987990137,
        "recent1": 0,
        "recent3": 0,
        "recent7": 0
    },
    "Tyler": {
        "mi": 113.99986578382249,
        "recent1": 0,
        "recent3": 0,
        "recent7": 0
    },
    "_meta": {
        "num_activities": 377,
        "time": "2024-03-12 22:46:25"
    }
}