{
    "Brib": {
        "mi": 2190.3487383679326,
        "recent1": 20.527742980991007,
        "recent3": 61.049036129006595,
        "recent7": 103.06609401097589
    },
    "Justin": {
        "mi": 2140.412801737851,
        "recent1": 20.6067813966436,
        "recent3": 56.954883480474024,
        "recent7": 77.65984152549112
    },
    "Luke": {
        "mi": 171.35528513481273,
        "recent1": 0,
        "recent3": 0.7240838503141652,
        "recent7": 2.354872544341048
    },
    "Jerome": {
        "mi": 1031.6958959675496,
        "recent1": 0,
        "recent3": 16.489389465521352,
        "recent7": 16.489389465521352
    },
    "Travis": {
        "mi": 808.4417004692593,
        "recent1": 0,
        "recent3": 0,
        "recent7": 0
    },
    "conor": {
        "mi": 25.448381452318454,
        "recent1": 0,
        "recent3": 0,
        "recent7": 0
    },
    "Brendan": {
        "mi": 40.85061987990137,
        "recent1": 0,
        "recent3": 0,
        "recent7": 0
    },
    "Tyler": {
        "mi": 113.99986578382249,
        "recent1": 0,
        "recent3": 0,
        "recent7": 0
    },
    "_meta": {
        "num_activities": 440,
        "time": "2024-04-04 17:27:26"
    }
}