{
    "Brib": {
        "mi": 2376.329112980197,
        "recent1": 21.667027061958162,
        "recent3": 52.677861290066005,
        "recent7": 143.05996729102043
    },
    "Justin": {
        "mi": 2257.338207368966,
        "recent1": 15.354330708661417,
        "recent3": 33.87591465839497,
        "recent7": 65.81743865823589
    },
    "Luke": {
        "mi": 172.17537083432757,
        "recent1": 0,
        "recent3": 0,
        "recent7": 0.8200856995148332
    },
    "Jerome": {
        "mi": 1031.6958959675496,
        "recent1": 0,
        "recent3": 0,
        "recent7": 0
    },
    "Travis": {
        "mi": 808.4417004692593,
        "recent1": 0,
        "recent3": 0,
        "recent7": 0
    },
    "conor": {
        "mi": 25.448381452318454,
        "recent1": 0,
        "recent3": 0,
        "recent7": 0
    },
    "Brendan": {
        "mi": 40.85061987990137,
        "recent1": 0,
        "recent3": 0,
        "recent7": 0
    },
    "Tyler": {
        "mi": 113.99986578382249,
        "recent1": 0,
        "recent3": 0,
        "recent7": 0
    },
    "_meta": {
        "num_activities": 458,
        "time": "2024-04-15 17:12:39"
    }
}