{
    "Botond": {
        "mi": 433.7773651873061,
        "recent1": 3.2372817744372857,
        "recent3": 10.814779189533127,
        "recent7": 30.53101139346218
    },
    "Luke": {
        "mi": 308.4649397518492,
        "recent1": 8.452636602242901,
        "recent3": 13.12248966038336,
        "recent7": 21.972617414300483
    },
    "Brib": {
        "mi": 3550.2949027678364,
        "recent1": 0,
        "recent3": 11.077246381134174,
        "recent7": 32.67318857870038
    },
    "Travis": {
        "mi": 989.6744884872344,
        "recent1": 0,
        "recent3": 3.506273363556828,
        "recent7": 10.252003300723773
    },
    "Justin": {
        "mi": 2824.652839914897,
        "recent1": 0,
        "recent3": 0,
        "recent7": 21.430284637715737
    },
    "Jerome": {
        "mi": 1031.6958959675496,
        "recent1": 0,
        "recent3": 0,
        "recent7": 0
    },
    "conor": {
        "mi": 25.448381452318454,
        "recent1": 0,
        "recent3": 0,
        "recent7": 0
    },
    "Brendan": {
        "mi": 40.85061987990137,
        "recent1": 0,
        "recent3": 0,
        "recent7": 0
    },
    "Tyler": {
        "mi": 113.99986578382249,
        "recent1": 0,
        "recent3": 0,
        "recent7": 0
    },
    "_meta": {
        "num_activities": 830,
        "time": "2024-07-20 17:14:21"
    }
}