{
    "Brib": {
        "mi": 2709.234445836317,
        "recent1": 21.156757038892863,
        "recent3": 64.26158732999284,
        "recent7": 100.4474493955301
    },
    "Botond": {
        "mi": 95.77517298973994,
        "recent1": 3.5242309910124865,
        "recent3": 12.109343931440385,
        "recent7": 27.64349946313529
    },
    "Luke": {
        "mi": 209.98195538057746,
        "recent1": 0,
        "recent3": 5.42481905670882,
        "recent7": 12.025769506084465
    },
    "Justin": {
        "mi": 2575.102277698242,
        "recent1": 0,
        "recent3": 19.830937326016063,
        "recent7": 80.52691034359341
    },
    "Travis": {
        "mi": 867.8941854569314,
        "recent1": 0,
        "recent3": 0,
        "recent7": 59.45248498767199
    },
    "Jerome": {
        "mi": 1031.6958959675496,
        "recent1": 0,
        "recent3": 0,
        "recent7": 0
    },
    "conor": {
        "mi": 25.448381452318454,
        "recent1": 0,
        "recent3": 0,
        "recent7": 0
    },
    "Brendan": {
        "mi": 40.85061987990137,
        "recent1": 0,
        "recent3": 0,
        "recent7": 0
    },
    "Tyler": {
        "mi": 113.99986578382249,
        "recent1": 0,
        "recent3": 0,
        "recent7": 0
    },
    "_meta": {
        "num_activities": 564,
        "time": "2024-05-13 01:11:03"
    }
}