{
    "Luke": {
        "mi": 174.37608118587454,
        "recent1": 2.2007103515469653,
        "recent3": 2.2007103515469653,
        "recent7": 2.2007103515469653
    },
    "Justin": {
        "mi": 2306.518059532332,
        "recent1": 0,
        "recent3": 34.07295146345343,
        "recent7": 64.53418287202736
    },
    "Brib": {
        "mi": 2443.80374860813,
        "recent1": 0,
        "recent3": 23.168881233595798,
        "recent7": 120.15249691799889
    },
    "Jerome": {
        "mi": 1031.6958959675496,
        "recent1": 0,
        "recent3": 0,
        "recent7": 0
    },
    "Travis": {
        "mi": 808.4417004692593,
        "recent1": 0,
        "recent3": 0,
        "recent7": 0
    },
    "conor": {
        "mi": 25.448381452318454,
        "recent1": 0,
        "recent3": 0,
        "recent7": 0
    },
    "Brendan": {
        "mi": 40.85061987990137,
        "recent1": 0,
        "recent3": 0,
        "recent7": 0
    },
    "Tyler": {
        "mi": 113.99986578382249,
        "recent1": 0,
        "recent3": 0,
        "recent7": 0
    },
    "_meta": {
        "num_activities": 465,
        "time": "2024-04-21 15:46:57"
    }
}