{
    "Travis": {
        "mi": 975.2067923327763,
        "recent1": 3.258035572258013,
        "recent3": 18.874087827089795,
        "recent7": 26.012710769108406
    },
    "Botond": {
        "mi": 394.56144863994274,
        "recent1": 9.210212359818659,
        "recent3": 25.833258768790262,
        "recent7": 35.72760081126222
    },
    "Justin": {
        "mi": 2803.222555277181,
        "recent1": 21.409903662610354,
        "recent3": 21.409903662610354,
        "recent7": 21.409903662610354
    },
    "Brib": {
        "mi": 3468.1972903245046,
        "recent1": 0,
        "recent3": 54.78145132426628,
        "recent7": 160.37957080649008
    },
    "Luke": {
        "mi": 279.6078402131552,
        "recent1": 0,
        "recent3": 2.678979758212041,
        "recent7": 8.546152966674619
    },
    "Jerome": {
        "mi": 1031.6958959675496,
        "recent1": 0,
        "recent3": 0,
        "recent7": 0
    },
    "conor": {
        "mi": 25.448381452318454,
        "recent1": 0,
        "recent3": 0,
        "recent7": 0
    },
    "Brendan": {
        "mi": 40.85061987990137,
        "recent1": 0,
        "recent3": 0,
        "recent7": 0
    },
    "Tyler": {
        "mi": 113.99986578382249,
        "recent1": 0,
        "recent3": 0,
        "recent7": 0
    },
    "_meta": {
        "num_activities": 791,
        "time": "2024-07-10 23:46:29"
    }
}