{
    "Botond": {
        "mi": 121.69933836395454,
        "recent1": 0.7895142368567564,
        "recent3": 12.477817048437126,
        "recent7": 32.62994114372067
    },
    "Justin": {
        "mi": 2611.0379757217843,
        "recent1": 16.833877654497734,
        "recent3": 16.833877654497734,
        "recent7": 35.935698023542514
    },
    "Luke": {
        "mi": 222.80979082160187,
        "recent1": 3.6061898512685913,
        "recent3": 4.998372007476338,
        "recent7": 12.827835441024416
    },
    "Travis": {
        "mi": 887.119037322039,
        "recent1": 0,
        "recent3": 9.216798894456375,
        "recent7": 19.22485186510777
    },
    "Brib": {
        "mi": 2748.4781998130925,
        "recent1": 0,
        "recent3": 14.161981527877195,
        "recent7": 81.90877773801
    },
    "Jerome": {
        "mi": 1031.6958959675496,
        "recent1": 0,
        "recent3": 0,
        "recent7": 0
    },
    "conor": {
        "mi": 25.448381452318454,
        "recent1": 0,
        "recent3": 0,
        "recent7": 0
    },
    "Brendan": {
        "mi": 40.85061987990137,
        "recent1": 0,
        "recent3": 0,
        "recent7": 0
    },
    "Tyler": {
        "mi": 113.99986578382249,
        "recent1": 0,
        "recent3": 0,
        "recent7": 0
    },
    "_meta": {
        "num_activities": 592,
        "time": "2024-05-18 15:46:36"
    }
}