{
    "Brib": {
        "mi": 1959.9826388888885,
        "recent1": 17.525650202815555,
        "recent3": 48.29694583631591,
        "recent7": 100.97940527320448
    },
    "Travis": {
        "mi": 798.3416845621571,
        "recent1": 10.10001590710252,
        "recent3": 20.09999105225483,
        "recent7": 56.30008251809433
    },
    "Justin": {
        "mi": 1971.3083716097988,
        "recent1": 0,
        "recent3": 37.72425286327845,
        "recent7": 109.0935809870357
    },
    "Jerome": {
        "mi": 1012.2065263859062,
        "recent1": 0,
        "recent3": 15.223842758291575,
        "recent7": 49.687636701662285
    },
    "Luke": {
        "mi": 169.00041259047168,
        "recent1": 0,
        "recent3": 0,
        "recent7": 0
    },
    "conor": {
        "mi": 25.448381452318454,
        "recent1": 0,
        "recent3": 0,
        "recent7": 0
    },
    "Brendan": {
        "mi": 40.85061987990137,
        "recent1": 0,
        "recent3": 0,
        "recent7": 0
    },
    "Tyler": {
        "mi": 113.99986578382249,
        "recent1": 0,
        "recent3": 0,
        "recent7": 0
    },
    "_meta": {
        "num_activities": 411,
        "time": "2024-03-21 19:13:50"
    }
}