{
    "Brib": {
        "mi": 495.1482715938916,
        "recent1": 21.142154815875287,
        "recent3": 80.16608009226118,
        "recent7": 156.6919813290384
    },
    "Luke": {
        "mi": 39.49764624592379,
        "recent1": 1.9051240753996659,
        "recent3": 8.802592857710968,
        "recent7": 19.333281138153183
    },
    "Justin": {
        "mi": 451.33638302314483,
        "recent1": 0,
        "recent3": 75.43663753678517,
        "recent7": 148.62384922055196
    },
    "Travis": {
        "mi": 284.1406809234074,
        "recent1": 0,
        "recent3": 62.40014564940746,
        "recent7": 103.80030621172354
    },
    "Jerome": {
        "mi": 386.10607800445405,
        "recent1": 0,
        "recent3": 71.00290553169489,
        "recent7": 107.69245108565973
    },
    "Tyler": {
        "mi": 45.19996967708582,
        "recent1": 0,
        "recent3": 0,
        "recent7": 16.500014912908615
    },
    "conor": {
        "mi": 7.710843672949971,
        "recent1": 0,
        "recent3": 0,
        "recent7": 0
    },
    "_meta": {
        "num_activities": 130,
        "time": "2024-01-21 22:14:04"
    }
}