{
    "Travis": {
        "mi": 499.54111737453263,
        "recent1": 2.0000074564543064,
        "recent3": 28.50005965163445,
        "recent7": 61.600130239401885
    },
    "Justin": {
        "mi": 1010.5477138511094,
        "recent1": 55.644846595880054,
        "recent3": 55.644846595880054,
        "recent7": 167.85795951642407
    },
    "Brib": {
        "mi": 1146.0007307325216,
        "recent1": 0,
        "recent3": 35.03228644714865,
        "recent7": 126.83236150878867
    },
    "Luke": {
        "mi": 129.56098882526047,
        "recent1": 0,
        "recent3": 2.8467499801161216,
        "recent7": 6.061724528752087
    },
    "Jerome": {
        "mi": 735.4902370158276,
        "recent1": 0,
        "recent3": 21.13308279646862,
        "recent7": 73.16875695935735
    },
    "conor": {
        "mi": 11.888632883957685,
        "recent1": 0,
        "recent3": 0,
        "recent7": 4.177789211007714
    },
    "Tyler": {
        "mi": 103.99989063867017,
        "recent1": 0,
        "recent3": 0,
        "recent7": 0
    },
    "Brendan": {
        "mi": 38.1951279527559,
        "recent1": 0,
        "recent3": 0,
        "recent7": 0
    },
    "_meta": {
        "num_activities": 256,
        "time": "2024-02-15 20:46:36"
    }
}