{
    "Travis": {
        "mi": 608.6413470333255,
        "recent1": 13.999990058060924,
        "recent3": 41.80001292452079,
        "recent7": 46.000047224210604
    },
    "Brib": {
        "mi": 1338.3814150361884,
        "recent1": 48.75452358227948,
        "recent3": 114.89662868845937,
        "recent7": 114.89662868845937
    },
    "Justin": {
        "mi": 1438.8726711007714,
        "recent1": 35.105235425117314,
        "recent3": 91.07406496062991,
        "recent7": 174.49861558498367
    },
    "Jerome": {
        "mi": 783.1421374174818,
        "recent1": 15.15797741191442,
        "recent3": 32.53468493995069,
        "recent7": 32.53468493995069
    },
    "conor": {
        "mi": 25.448381452318454,
        "recent1": 0,
        "recent3": 0,
        "recent7": 8.93364004215382
    },
    "Luke": {
        "mi": 151.29742304939157,
        "recent1": 0,
        "recent3": 0,
        "recent7": 12.689642487870834
    },
    "Brendan": {
        "mi": 40.85061987990137,
        "recent1": 0,
        "recent3": 0,
        "recent7": 2.0000074564543064
    },
    "Tyler": {
        "mi": 113.99986578382249,
        "recent1": 0,
        "recent3": 0,
        "recent7": 0
    },
    "_meta": {
        "num_activities": 315,
        "time": "2024-02-29 19:11:24"
    }
}