{
    "Luke": {
        "mi": 131.49966694504096,
        "recent1": 1.9386781197804819,
        "recent3": 4.7854280998966034,
        "recent7": 8.00040264853257
    },
    "Travis": {
        "mi": 513.6411481945437,
        "recent1": 10.10001590710252,
        "recent3": 16.10003827646544,
        "recent7": 54.60013521037143
    },
    "conor": {
        "mi": 16.514741410164635,
        "recent1": 4.626108526206951,
        "recent3": 4.626108526206951,
        "recent7": 8.803897737214665
    },
    "Justin": {
        "mi": 1030.7742160781036,
        "recent1": 0,
        "recent3": 75.87134882287441,
        "recent7": 167.72138212837032
    },
    "Brib": {
        "mi": 1146.0007307325216,
        "recent1": 0,
        "recent3": 10.013396762904636,
        "recent7": 105.74693788276466
    },
    "Jerome": {
        "mi": 735.4902370158276,
        "recent1": 0,
        "recent3": 0,
        "recent7": 40.142815954823824
    },
    "Tyler": {
        "mi": 103.99989063867017,
        "recent1": 0,
        "recent3": 0,
        "recent7": 0
    },
    "Brendan": {
        "mi": 38.1951279527559,
        "recent1": 0,
        "recent3": 0,
        "recent7": 0
    },
    "_meta": {
        "num_activities": 261,
        "time": "2024-02-16 22:13:47"
    }
}