{
    "Botond": {
        "mi": 165.494760598107,
        "recent1": 7.858854290940905,
        "recent3": 19.35894376839259,
        "recent7": 46.97311451125427
    },
    "Brib": {
        "mi": 2807.2624622206326,
        "recent1": 20.677990535274,
        "recent3": 58.78426240753996,
        "recent7": 58.78426240753996
    },
    "Luke": {
        "mi": 234.77497663644317,
        "recent1": 1.6273090153503538,
        "recent3": 7.839405372623876,
        "recent7": 15.571375666109915
    },
    "Travis": {
        "mi": 901.3031396643601,
        "recent1": 0,
        "recent3": 10.000534379225323,
        "recent7": 18.33946005328879
    },
    "Justin": {
        "mi": 2611.0379757217843,
        "recent1": 0,
        "recent3": 0,
        "recent7": 16.833877654497734
    },
    "Jerome": {
        "mi": 1031.6958959675496,
        "recent1": 0,
        "recent3": 0,
        "recent7": 0
    },
    "conor": {
        "mi": 25.448381452318454,
        "recent1": 0,
        "recent3": 0,
        "recent7": 0
    },
    "Brendan": {
        "mi": 40.85061987990137,
        "recent1": 0,
        "recent3": 0,
        "recent7": 0
    },
    "Tyler": {
        "mi": 113.99986578382249,
        "recent1": 0,
        "recent3": 0,
        "recent7": 0
    },
    "_meta": {
        "num_activities": 622,
        "time": "2024-05-23 22:46:44"
    }
}