{
    "Justin": {
        "mi": 1818.9016145709068,
        "recent1": 20.35984848484848,
        "recent3": 40.56889018134096,
        "recent7": 140.74138282430604
    },
    "Luke": {
        "mi": 163.15163196929933,
        "recent1": 1.9210311779209415,
        "recent3": 1.9210311779209415,
        "recent7": 1.9210311779209415
    },
    "Travis": {
        "mi": 724.7415717211484,
        "recent1": 10.499992543545691,
        "recent3": 30.500067108088757,
        "recent7": 53.40008102680346
    },
    "Brib": {
        "mi": 1778.2727620695139,
        "recent1": 0,
        "recent3": 35.65608098703571,
        "recent7": 181.1149139028076
    },
    "Jerome": {
        "mi": 941.5000149129085,
        "recent1": 0,
        "recent3": 0,
        "recent7": 52.783245844269466
    },
    "conor": {
        "mi": 25.448381452318454,
        "recent1": 0,
        "recent3": 0,
        "recent7": 0
    },
    "Brendan": {
        "mi": 40.85061987990137,
        "recent1": 0,
        "recent3": 0,
        "recent7": 0
    },
    "Tyler": {
        "mi": 113.99986578382249,
        "recent1": 0,
        "recent3": 0,
        "recent7": 0
    },
    "_meta": {
        "num_activities": 367,
        "time": "2024-03-10 23:46:27"
    }
}