{
    "Justin": {
        "mi": 2417.3553323590236,
        "recent1": 37.84181629284976,
        "recent3": 60.20018094329118,
        "recent7": 110.83727282669211
    },
    "Luke": {
        "mi": 184.4597550306212,
        "recent1": 1.5588960470850235,
        "recent3": 4.952204127893104,
        "recent7": 12.284384196293646
    },
    "Brib": {
        "mi": 2527.0047920146358,
        "recent1": 0,
        "recent3": 20.551417223415257,
        "recent7": 83.201043406506
    },
    "Jerome": {
        "mi": 1031.6958959675496,
        "recent1": 0,
        "recent3": 0,
        "recent7": 0
    },
    "Travis": {
        "mi": 808.4417004692593,
        "recent1": 0,
        "recent3": 0,
        "recent7": 0
    },
    "conor": {
        "mi": 25.448381452318454,
        "recent1": 0,
        "recent3": 0,
        "recent7": 0
    },
    "Brendan": {
        "mi": 40.85061987990137,
        "recent1": 0,
        "recent3": 0,
        "recent7": 0
    },
    "Tyler": {
        "mi": 113.99986578382249,
        "recent1": 0,
        "recent3": 0,
        "recent7": 0
    },
    "_meta": {
        "num_activities": 482,
        "time": "2024-04-27 20:14:37"
    }
}