{
    "Justin": {
        "mi": 2175.803370814444,
        "recent1": 17.38006293247435,
        "recent3": 35.3905690765927,
        "recent7": 92.34545255706672
    },
    "Brib": {
        "mi": 2212.757620496303,
        "recent1": 0,
        "recent3": 22.408882128370315,
        "recent7": 105.46912282271532
    },
    "Luke": {
        "mi": 171.35528513481273,
        "recent1": 0,
        "recent3": 0,
        "recent7": 2.354872544341048
    },
    "Jerome": {
        "mi": 1031.6958959675496,
        "recent1": 0,
        "recent3": 0,
        "recent7": 16.489389465521352
    },
    "Travis": {
        "mi": 808.4417004692593,
        "recent1": 0,
        "recent3": 0,
        "recent7": 0
    },
    "conor": {
        "mi": 25.448381452318454,
        "recent1": 0,
        "recent3": 0,
        "recent7": 0
    },
    "Brendan": {
        "mi": 40.85061987990137,
        "recent1": 0,
        "recent3": 0,
        "recent7": 0
    },
    "Tyler": {
        "mi": 113.99986578382249,
        "recent1": 0,
        "recent3": 0,
        "recent7": 0
    },
    "_meta": {
        "num_activities": 445,
        "time": "2024-04-07 21:13:45"
    }
}