{
    "Botond": {
        "mi": 204.2916244134255,
        "recent1": 10.992118527797661,
        "recent3": 21.218148512685914,
        "recent7": 45.144170544022906
    },
    "Luke": {
        "mi": 241.32659021315516,
        "recent1": 3.562134633738964,
        "recent3": 5.623657838224767,
        "recent7": 6.551613576712001
    },
    "Brib": {
        "mi": 2879.7064518213647,
        "recent1": 20.695637477133538,
        "recent3": 56.93189274636124,
        "recent7": 93.1219801360057
    },
    "Justin": {
        "mi": 2649.494452397995,
        "recent1": 0,
        "recent3": 18.608948739362123,
        "recent7": 38.456476676210926
    },
    "Travis": {
        "mi": 905.4922999681855,
        "recent1": 0,
        "recent3": 4.189160303825658,
        "recent7": 4.189160303825658
    },
    "Jerome": {
        "mi": 1031.6958959675496,
        "recent1": 0,
        "recent3": 0,
        "recent7": 0
    },
    "conor": {
        "mi": 25.448381452318454,
        "recent1": 0,
        "recent3": 0,
        "recent7": 0
    },
    "Brendan": {
        "mi": 40.85061987990137,
        "recent1": 0,
        "recent3": 0,
        "recent7": 0
    },
    "Tyler": {
        "mi": 113.99986578382249,
        "recent1": 0,
        "recent3": 0,
        "recent7": 0
    },
    "_meta": {
        "num_activities": 646,
        "time": "2024-05-29 23:46:40"
    }
}