{
    "Botond": {
        "mi": 340.6809855444206,
        "recent1": 3.225786407380895,
        "recent3": 7.839218961266204,
        "recent7": 32.23220144356955
    },
    "Brib": {
        "mi": 3286.3943942376523,
        "recent1": 0,
        "recent3": 45.62219140221109,
        "recent7": 134.05393750497097
    },
    "Travis": {
        "mi": 949.1940815636681,
        "recent1": 0,
        "recent3": 4.186985504652827,
        "recent7": 5.869285870516185
    },
    "Luke": {
        "mi": 271.0616872464806,
        "recent1": 0,
        "recent3": 0,
        "recent7": 0.9956851984411039
    },
    "Justin": {
        "mi": 2781.8126516145703,
        "recent1": 0,
        "recent3": 0,
        "recent7": 0
    },
    "Jerome": {
        "mi": 1031.6958959675496,
        "recent1": 0,
        "recent3": 0,
        "recent7": 0
    },
    "conor": {
        "mi": 25.448381452318454,
        "recent1": 0,
        "recent3": 0,
        "recent7": 0
    },
    "Brendan": {
        "mi": 40.85061987990137,
        "recent1": 0,
        "recent3": 0,
        "recent7": 0
    },
    "Tyler": {
        "mi": 113.99986578382249,
        "recent1": 0,
        "recent3": 0,
        "recent7": 0
    },
    "_meta": {
        "num_activities": 751,
        "time": "2024-06-28 20:17:02"
    }
}