{
    "Travis": {
        "mi": 171.74034886264215,
        "recent1": 25.500079535512604,
        "recent3": 57.100160065219114,
        "recent7": 114.8003161536626
    },
    "Jerome": {
        "mi": 194.0796995546011,
        "recent1": 40.39080519764575,
        "recent3": 103.90364024099259,
        "recent7": 155.0758569951483
    },
    "Brib": {
        "mi": 228.44954217370554,
        "recent1": 38.1744362920544,
        "recent3": 91.75688976377953,
        "recent7": 188.73454028473714
    },
    "Tyler": {
        "mi": 16.3999741509584,
        "recent1": 1.499990058060924,
        "recent3": 10.799990555157876,
        "recent7": 16.3999741509584
    },
    "Justin": {
        "mi": 213.2664613656247,
        "recent1": 36.11552284657599,
        "recent3": 77.1264564940746,
        "recent7": 173.95286526684163
    },
    "conor": {
        "mi": 7.710843672949971,
        "recent1": 0,
        "recent3": 0,
        "recent7": 7.710843672949971
    },
    "_meta": {
        "num_activities": 63,
        "time": "2024-01-12T04:36:47.128029"
    }
}