{
    "Justin": {
        "mi": 1952.1482666229224,
        "recent1": 18.56414787640181,
        "recent3": 73.73805724568518,
        "recent7": 112.90115724170842
    },
    "Travis": {
        "mi": 783.2416810824782,
        "recent1": 4.9999875725761544,
        "recent3": 6.100000994193906,
        "recent7": 56.40012328004454
    },
    "Jerome": {
        "mi": 996.9826836276146,
        "recent1": 15.112120217927302,
        "recent3": 21.378338006044697,
        "recent7": 55.48266871470611
    },
    "Brib": {
        "mi": 1911.6856930525726,
        "recent1": 0,
        "recent3": 31.66861777221029,
        "recent7": 112.892706593494
    },
    "Luke": {
        "mi": 169.00041259047168,
        "recent1": 0,
        "recent3": 0,
        "recent7": 4.139885568281238
    },
    "conor": {
        "mi": 25.448381452318454,
        "recent1": 0,
        "recent3": 0,
        "recent7": 0
    },
    "Brendan": {
        "mi": 40.85061987990137,
        "recent1": 0,
        "recent3": 0,
        "recent7": 0
    },
    "Tyler": {
        "mi": 113.99986578382249,
        "recent1": 0,
        "recent3": 0,
        "recent7": 0
    },
    "_meta": {
        "num_activities": 403,
        "time": "2024-03-19 13:16:26"
    }
}