{
    "Justin": {
        "mi": 797.2236513759644,
        "recent1": 42.41939572894297,
        "recent3": 76.60425614411835,
        "recent7": 137.17788117394417
    },
    "Brib": {
        "mi": 935.7684870357115,
        "recent1": 20.68047602004295,
        "recent3": 145.00405134017336,
        "recent7": 227.8947198361568
    },
    "Luke": {
        "mi": 123.49926429650837,
        "recent1": 4.253285810864551,
        "recent3": 51.017371053050184,
        "recent7": 56.07912292213473
    },
    "Travis": {
        "mi": 404.7410000596516,
        "recent1": 0,
        "recent3": 15.60008301519128,
        "recent7": 60.10014018134096
    },
    "Jerome": {
        "mi": 599.7578516463851,
        "recent1": 0,
        "recent3": 4.000014912908613,
        "recent7": 71.89979271057027
    },
    "Tyler": {
        "mi": 100.49989312415494,
        "recent1": 0,
        "recent3": 0,
        "recent7": 22.29995575837111
    },
    "Brendan": {
        "mi": 38.1951279527559,
        "recent1": 0,
        "recent3": 0,
        "recent7": 3.1068559611866697
    },
    "conor": {
        "mi": 7.710843672949971,
        "recent1": 0,
        "recent3": 0,
        "recent7": 0
    },
    "_meta": {
        "num_activities": 218,
        "time": "2024-02-05 13:27:38"
    }
}