{
    "Justin": {
        "mi": 2680.731776425673,
        "recent1": 17.425174481030776,
        "recent3": 31.237324027678355,
        "recent7": 31.237324027678355
    },
    "Botond": {
        "mi": 234.65766175534856,
        "recent1": 6.315181838065696,
        "recent3": 20.426273065298655,
        "recent7": 30.366037341923164
    },
    "Luke": {
        "mi": 260.5227347291816,
        "recent1": 2.646482044858029,
        "recent3": 7.402022190408017,
        "recent7": 19.196144516026404
    },
    "Brib": {
        "mi": 2968.080037580531,
        "recent1": 21.172229181579574,
        "recent3": 36.22886095204008,
        "recent7": 88.37358575916646
    },
    "Travis": {
        "mi": 912.2929591187462,
        "recent1": 0,
        "recent3": 6.800659150560725,
        "recent7": 6.800659150560725
    },
    "Jerome": {
        "mi": 1031.6958959675496,
        "recent1": 0,
        "recent3": 0,
        "recent7": 0
    },
    "conor": {
        "mi": 25.448381452318454,
        "recent1": 0,
        "recent3": 0,
        "recent7": 0
    },
    "Brendan": {
        "mi": 40.85061987990137,
        "recent1": 0,
        "recent3": 0,
        "recent7": 0
    },
    "Tyler": {
        "mi": 113.99986578382249,
        "recent1": 0,
        "recent3": 0,
        "recent7": 0
    },
    "_meta": {
        "num_activities": 679,
        "time": "2024-06-06 13:18:56"
    }
}