{
    "Brib": {
        "mi": 1983.2735574246396,
        "recent1": 23.29091853575121,
        "recent3": 58.32935655770301,
        "recent7": 93.08382794480234
    },
    "Travis": {
        "mi": 798.3416845621571,
        "recent1": 0,
        "recent3": 10.10001590710252,
        "recent7": 21.200004473872582
    },
    "Justin": {
        "mi": 1971.3083716097988,
        "recent1": 0,
        "recent3": 0,
        "recent7": 92.89816223256183
    },
    "Jerome": {
        "mi": 1012.2065263859062,
        "recent1": 0,
        "recent3": 0,
        "recent7": 36.60218076433627
    },
    "Luke": {
        "mi": 169.00041259047168,
        "recent1": 0,
        "recent3": 0,
        "recent7": 0
    },
    "conor": {
        "mi": 25.448381452318454,
        "recent1": 0,
        "recent3": 0,
        "recent7": 0
    },
    "Brendan": {
        "mi": 40.85061987990137,
        "recent1": 0,
        "recent3": 0,
        "recent7": 0
    },
    "Tyler": {
        "mi": 113.99986578382249,
        "recent1": 0,
        "recent3": 0,
        "recent7": 0
    },
    "_meta": {
        "num_activities": 412,
        "time": "2024-03-23 16:16:45"
    }
}