{
    "Botond": {
        "mi": 427.57415443808156,
        "recent1": 6.166984808717092,
        "recent3": 13.07657032927702,
        "recent7": 33.01270579813887
    },
    "Travis": {
        "mi": 989.6744884872344,
        "recent1": 3.506273363556828,
        "recent3": 10.252003300723773,
        "recent7": 14.467696154457965
    },
    "Luke": {
        "mi": 296.5157853137676,
        "recent1": 1.1733352223017577,
        "recent3": 1.1733352223017577,
        "recent7": 16.90794510061242
    },
    "Brib": {
        "mi": 3539.217656386702,
        "recent1": 0,
        "recent3": 21.59594219756621,
        "recent7": 57.296202676369994
    },
    "Justin": {
        "mi": 2824.652839914897,
        "recent1": 0,
        "recent3": 21.430284637715737,
        "recent7": 21.430284637715737
    },
    "Jerome": {
        "mi": 1031.6958959675496,
        "recent1": 0,
        "recent3": 0,
        "recent7": 0
    },
    "conor": {
        "mi": 25.448381452318454,
        "recent1": 0,
        "recent3": 0,
        "recent7": 0
    },
    "Brendan": {
        "mi": 40.85061987990137,
        "recent1": 0,
        "recent3": 0,
        "recent7": 0
    },
    "Tyler": {
        "mi": 113.99986578382249,
        "recent1": 0,
        "recent3": 0,
        "recent7": 0
    },
    "_meta": {
        "num_activities": 821,
        "time": "2024-07-18 13:20:10"
    }
}