{
    "Justin": {
        "mi": 302.7125338025928,
        "recent1": 25.19076095601686,
        "recent3": 125.56159528354408,
        "recent7": 216.85630915453746
    },
    "Jerome": {
        "mi": 292.55671876242735,
        "recent1": 35.66987542750338,
        "recent3": 138.86782440547205,
        "recent7": 243.27216555316946
    },
    "Tyler": {
        "mi": 28.6999547641772,
        "recent1": 12.299980613218802,
        "recent3": 13.799970671279725,
        "recent7": 24.899959238049785
    },
    "Brib": {
        "mi": 322.0380478008431,
        "recent1": 39.17136423287998,
        "recent3": 131.76294191919192,
        "recent7": 235.89922353455816
    },
    "Travis": {
        "mi": 178.34036725522944,
        "recent1": 0,
        "recent3": 32.10009792809989,
        "recent7": 96.20025302234947
    },
    "conor": {
        "mi": 7.710843672949971,
        "recent1": 0,
        "recent3": 0,
        "recent7": 0
    },
    "_meta": {
        "num_activities": 89,
        "time": "2024-01-14 13:46:30"
    }
}