{
    "Botond": {
        "mi": 228.3424799172829,
        "recent1": 11.044624393541715,
        "recent3": 17.402805118110233,
        "recent7": 31.791587131154053
    },
    "Luke": {
        "mi": 257.8762526843236,
        "recent1": 2.3212563628410083,
        "recent3": 6.524024695776664,
        "recent7": 20.11179710490734
    },
    "Brib": {
        "mi": 2946.9078083989516,
        "recent1": 15.056631770460509,
        "recent3": 15.056631770460509,
        "recent7": 87.89699405472044
    },
    "Justin": {
        "mi": 2663.3066019446424,
        "recent1": 13.812149546647577,
        "recent3": 13.812149546647577,
        "recent7": 13.812149546647577
    },
    "Travis": {
        "mi": 912.2929591187462,
        "recent1": 0,
        "recent3": 6.800659150560725,
        "recent7": 6.800659150560725
    },
    "Jerome": {
        "mi": 1031.6958959675496,
        "recent1": 0,
        "recent3": 0,
        "recent7": 0
    },
    "conor": {
        "mi": 25.448381452318454,
        "recent1": 0,
        "recent3": 0,
        "recent7": 0
    },
    "Brendan": {
        "mi": 40.85061987990137,
        "recent1": 0,
        "recent3": 0,
        "recent7": 0
    },
    "Tyler": {
        "mi": 113.99986578382249,
        "recent1": 0,
        "recent3": 0,
        "recent7": 0
    },
    "_meta": {
        "num_activities": 673,
        "time": "2024-06-04 22:46:57"
    }
}