{
    "Luke": {
        "mi": 313.535639366102,
        "recent1": 3.4926031973276066,
        "recent3": 3.4926031973276066,
        "recent7": 5.070699614252764
    },
    "Brib": {
        "mi": 3712.0832463413676,
        "recent1": 25.47093722659667,
        "recent3": 66.49355265250934,
        "recent7": 161.78834357353057
    },
    "Botond": {
        "mi": 469.49800664121534,
        "recent1": 0,
        "recent3": 12.90010091068162,
        "recent7": 35.72064145390917
    },
    "Travis": {
        "mi": 989.6744884872344,
        "recent1": 0,
        "recent3": 0,
        "recent7": 0
    },
    "Justin": {
        "mi": 2824.652839914897,
        "recent1": 0,
        "recent3": 0,
        "recent7": 0
    },
    "Jerome": {
        "mi": 1031.6958959675496,
        "recent1": 0,
        "recent3": 0,
        "recent7": 0
    },
    "conor": {
        "mi": 25.448381452318454,
        "recent1": 0,
        "recent3": 0,
        "recent7": 0
    },
    "Brendan": {
        "mi": 40.85061987990137,
        "recent1": 0,
        "recent3": 0,
        "recent7": 0
    },
    "Tyler": {
        "mi": 113.99986578382249,
        "recent1": 0,
        "recent3": 0,
        "recent7": 0
    },
    "_meta": {
        "num_activities": 855,
        "time": "2024-07-27 20:16:49"
    }
}