{
    "Justin": {
        "mi": 639.0305615207191,
        "recent1": 30.077907520082714,
        "recent3": 71.0455937326016,
        "recent7": 187.69417849757417
    },
    "Travis": {
        "mi": 344.6408598783106,
        "recent1": 14.50006959357353,
        "recent3": 35.100078044221746,
        "recent7": 60.50017895490336
    },
    "Luke": {
        "mi": 67.42014137437364,
        "recent1": 2.5007083631591502,
        "recent3": 27.92249512844985,
        "recent7": 27.92249512844985
    },
    "Brendan": {
        "mi": 35.08827199156923,
        "recent1": 1.6045668297144675,
        "recent3": 30.055165334446826,
        "recent7": 35.08827199156923
    },
    "Jerome": {
        "mi": 527.8580589358149,
        "recent1": 20.137024775312177,
        "recent3": 53.80956464248787,
        "recent7": 141.75198093136083
    },
    "Brib": {
        "mi": 677.77920693152,
        "recent1": 0,
        "recent3": 94.27449942336753,
        "recent7": 203.77309015350352
    },
    "Tyler": {
        "mi": 78.19993736578381,
        "recent1": 0,
        "recent3": 9.999975145152309,
        "recent7": 32.999967688698
    },
    "conor": {
        "mi": 7.710843672949971,
        "recent1": 0,
        "recent3": 0,
        "recent7": 0
    },
    "_meta": {
        "num_activities": 178,
        "time": "2024-01-28 21:14:24"
    }
}