{
    "Brib": {
        "mi": 3539.217656386702,
        "recent1": 11.489961127018212,
        "recent3": 21.59594219756621,
        "recent7": 71.02036606219677
    },
    "Justin": {
        "mi": 2824.652839914897,
        "recent1": 21.430284637715737,
        "recent3": 21.430284637715737,
        "recent7": 21.430284637715737
    },
    "Travis": {
        "mi": 986.1682151236776,
        "recent1": 6.745729937166945,
        "recent3": 6.745729937166945,
        "recent7": 14.219458363159148
    },
    "Botond": {
        "mi": 421.4071696293645,
        "recent1": 6.909585520559929,
        "recent3": 18.16081583552056,
        "recent7": 31.41397985763143
    },
    "Luke": {
        "mi": 295.3424500914658,
        "recent1": 0,
        "recent3": 7.392390936928337,
        "recent7": 15.734609878310664
    },
    "Jerome": {
        "mi": 1031.6958959675496,
        "recent1": 0,
        "recent3": 0,
        "recent7": 0
    },
    "conor": {
        "mi": 25.448381452318454,
        "recent1": 0,
        "recent3": 0,
        "recent7": 0
    },
    "Brendan": {
        "mi": 40.85061987990137,
        "recent1": 0,
        "recent3": 0,
        "recent7": 0
    },
    "Tyler": {
        "mi": 113.99986578382249,
        "recent1": 0,
        "recent3": 0,
        "recent7": 0
    },
    "_meta": {
        "num_activities": 815,
        "time": "2024-07-17 16:21:50"
    }
}