{
    "Brib": {
        "mi": 3152.3404567326816,
        "recent1": 20.53569653225165,
        "recent3": 58.74474319971367,
        "recent7": 85.40535771096795
    },
    "Botond": {
        "mi": 295.79387626262616,
        "recent1": 2.3899800167024576,
        "recent3": 10.400076055833928,
        "recent7": 29.43634176409767
    },
    "Travis": {
        "mi": 933.1804138829236,
        "recent1": 0,
        "recent3": 5.017199554601129,
        "recent7": 5.017199554601129
    },
    "Justin": {
        "mi": 2781.8126516145703,
        "recent1": 0,
        "recent3": 27.1892771216098,
        "recent7": 44.76656327050028
    },
    "Luke": {
        "mi": 267.69839139425756,
        "recent1": 0,
        "recent3": 0,
        "recent7": 0
    },
    "Jerome": {
        "mi": 1031.6958959675496,
        "recent1": 0,
        "recent3": 0,
        "recent7": 0
    },
    "conor": {
        "mi": 25.448381452318454,
        "recent1": 0,
        "recent3": 0,
        "recent7": 0
    },
    "Brendan": {
        "mi": 40.85061987990137,
        "recent1": 0,
        "recent3": 0,
        "recent7": 0
    },
    "Tyler": {
        "mi": 113.99986578382249,
        "recent1": 0,
        "recent3": 0,
        "recent7": 0
    },
    "_meta": {
        "num_activities": 723,
        "time": "2024-06-19 18:22:12"
    }
}