{
    "Travis": {
        "mi": 692.1415185317744,
        "recent1": 18.600000994193906,
        "recent3": 36.90006611389485,
        "recent7": 121.8001869084546
    },
    "Jerome": {
        "mi": 924.471834486598,
        "recent1": 20.475920623558416,
        "recent3": 56.92462270341207,
        "recent7": 156.48767448103078
    },
    "Brib": {
        "mi": 1692.6018303109843,
        "recent1": 69.42400133221983,
        "recent3": 210.5448555436252,
        "recent7": 436.5611081285294
    },
    "Justin": {
        "mi": 1778.3327243895658,
        "recent1": 100.17249264296508,
        "recent3": 187.5576632466396,
        "recent7": 399.8961067366579
    },
    "Luke": {
        "mi": 161.23060079137838,
        "recent1": 0,
        "recent3": 0,
        "recent7": 9.933177741986796
    },
    "conor": {
        "mi": 25.448381452318454,
        "recent1": 0,
        "recent3": 0,
        "recent7": 0
    },
    "Brendan": {
        "mi": 40.85061987990137,
        "recent1": 0,
        "recent3": 0,
        "recent7": 0
    },
    "Tyler": {
        "mi": 113.99986578382249,
        "recent1": 0,
        "recent3": 0,
        "recent7": 0
    },
    "_meta": {
        "num_activities": 353,
        "time": "2024-03-05 23:14:03"
    }
}