{
    "Botond": {
        "mi": 414.49758410880463,
        "recent1": 11.25123031496063,
        "recent3": 11.25123031496063,
        "recent7": 39.35423377475542
    },
    "Luke": {
        "mi": 295.3424500914658,
        "recent1": 8.850127753917123,
        "recent3": 15.734609878310664,
        "recent7": 18.413589636522705
    },
    "Brib": {
        "mi": 3517.6217141891357,
        "recent1": 0,
        "recent3": 20.68234013361966,
        "recent7": 104.20587518889684
    },
    "Travis": {
        "mi": 979.4224851865106,
        "recent1": 0,
        "recent3": 0,
        "recent7": 23.089780680823985
    },
    "Justin": {
        "mi": 2803.222555277181,
        "recent1": 0,
        "recent3": 0,
        "recent7": 21.409903662610354
    },
    "Jerome": {
        "mi": 1031.6958959675496,
        "recent1": 0,
        "recent3": 0,
        "recent7": 0
    },
    "conor": {
        "mi": 25.448381452318454,
        "recent1": 0,
        "recent3": 0,
        "recent7": 0
    },
    "Brendan": {
        "mi": 40.85061987990137,
        "recent1": 0,
        "recent3": 0,
        "recent7": 0
    },
    "Tyler": {
        "mi": 113.99986578382249,
        "recent1": 0,
        "recent3": 0,
        "recent7": 0
    },
    "_meta": {
        "num_activities": 809,
        "time": "2024-07-15 15:33:43"
    }
}