{
    "Travis": {
        "mi": 923.5970059850472,
        "recent1": 6.741566750178954,
        "recent3": 6.741566750178954,
        "recent7": 18.104706016861527
    },
    "Botond": {
        "mi": 259.6287679949096,
        "recent1": 6.290824087329993,
        "recent3": 18.385503658633578,
        "recent7": 42.33091247116837
    },
    "Brib": {
        "mi": 3018.6884842519694,
        "recent1": 15.11920384951881,
        "recent3": 15.11920384951881,
        "recent7": 86.83730762347888
    },
    "Justin": {
        "mi": 2719.5090049113173,
        "recent1": 0,
        "recent3": 38.77722848564383,
        "recent7": 70.01455251332219
    },
    "Luke": {
        "mi": 267.69839139425756,
        "recent1": 0,
        "recent3": 5.546234987671995,
        "recent7": 12.143395072774993
    },
    "Jerome": {
        "mi": 1031.6958959675496,
        "recent1": 0,
        "recent3": 0,
        "recent7": 0
    },
    "conor": {
        "mi": 25.448381452318454,
        "recent1": 0,
        "recent3": 0,
        "recent7": 0
    },
    "Brendan": {
        "mi": 40.85061987990137,
        "recent1": 0,
        "recent3": 0,
        "recent7": 0
    },
    "Tyler": {
        "mi": 113.99986578382249,
        "recent1": 0,
        "recent3": 0,
        "recent7": 0
    },
    "_meta": {
        "num_activities": 698,
        "time": "2024-06-10 23:16:39"
    }
}