{
    "Justin": {
        "mi": 396.6274457170126,
        "recent1": 20.727700230652985,
        "recent3": 73.43799709695378,
        "recent7": 163.14181430446192
    },
    "Brib": {
        "mi": 431.50842827885145,
        "recent1": 16.52623677722103,
        "recent3": 57.538288892865666,
        "recent7": 203.05888610514592
    },
    "Luke": {
        "mi": 32.23220144356955,
        "recent1": 1.5371480553567167,
        "recent3": 7.822628350433467,
        "recent7": 29.23029507675177
    },
    "Jerome": {
        "mi": 374.45754294917685,
        "recent1": 45.211278632784534,
        "recent3": 52.288447963890874,
        "recent7": 180.37784339457568
    },
    "Travis": {
        "mi": 231.84055118110234,
        "recent1": 10.10001590710252,
        "recent3": 44.10014266682573,
        "recent7": 53.90016056231607
    },
    "Tyler": {
        "mi": 45.19996967708582,
        "recent1": 0,
        "recent3": 1.499990058060924,
        "recent7": 28.799995526127418
    },
    "conor": {
        "mi": 7.710843672949971,
        "recent1": 0,
        "recent3": 0,
        "recent7": 0
    },
    "_meta": {
        "num_activities": 123,
        "time": "2024-01-19 19:26:53"
    }
}