{
    "Jerome": {
        "mi": 329.2462643163922,
        "recent1": 15.239563449455181,
        "recent3": 72.35942098146822,
        "recent7": 239.07020500278372
    },
    "Justin": {
        "mi": 355.3797696452716,
        "recent1": 52.66723584267875,
        "recent3": 77.85799679869561,
        "recent7": 219.23976477372145
    },
    "Brib": {
        "mi": 373.9701393859858,
        "recent1": 17.494954465919033,
        "recent3": 51.93209158514276,
        "recent7": 237.27748697605978
    },
    "Tyler": {
        "mi": 43.69997961902489,
        "recent1": 15.00002485484769,
        "recent3": 15.00002485484769,
        "recent7": 38.099996023224364
    },
    "Travis": {
        "mi": 185.74040105782228,
        "recent1": 0,
        "recent3": 7.400033802592857,
        "recent7": 71.10021226039926
    },
    "conor": {
        "mi": 7.710843672949971,
        "recent1": 0,
        "recent3": 0,
        "recent7": 0
    },
    "_meta": {
        "num_activities": 100,
        "time": "2024-01-16 22:46:26"
    }
}