{
    "Brib": {
        "mi": 3131.80476020043,
        "recent1": 21.010424123120973,
        "recent3": 38.20904666746202,
        "recent7": 86.51624512844984
    },
    "Botond": {
        "mi": 293.4038962459237,
        "recent1": 4.781327050027837,
        "recent3": 15.541922671597868,
        "recent7": 30.5912843991092
    },
    "Travis": {
        "mi": 933.1804138829236,
        "recent1": 0,
        "recent3": 5.017199554601129,
        "recent7": 9.583407897876402
    },
    "Justin": {
        "mi": 2781.8126516145703,
        "recent1": 0,
        "recent3": 27.1892771216098,
        "recent7": 44.76656327050028
    },
    "Luke": {
        "mi": 267.69839139425756,
        "recent1": 0,
        "recent3": 0,
        "recent7": 0
    },
    "Jerome": {
        "mi": 1031.6958959675496,
        "recent1": 0,
        "recent3": 0,
        "recent7": 0
    },
    "conor": {
        "mi": 25.448381452318454,
        "recent1": 0,
        "recent3": 0,
        "recent7": 0
    },
    "Brendan": {
        "mi": 40.85061987990137,
        "recent1": 0,
        "recent3": 0,
        "recent7": 0
    },
    "Tyler": {
        "mi": 113.99986578382249,
        "recent1": 0,
        "recent3": 0,
        "recent7": 0
    },
    "_meta": {
        "num_activities": 721,
        "time": "2024-06-18 18:22:45"
    }
}