{
    "Justin": {
        "mi": 1438.8726711007714,
        "recent1": 60.43605344786447,
        "recent3": 111.47448898433149,
        "recent7": 195.13677622683525
    },
    "Brib": {
        "mi": 1313.3203963851104,
        "recent1": 39.20485614014157,
        "recent3": 89.83561003738168,
        "recent7": 89.83561003738168
    },
    "Jerome": {
        "mi": 783.1421374174818,
        "recent1": 15.15797741191442,
        "recent3": 32.53468493995069,
        "recent7": 32.53468493995069
    },
    "Travis": {
        "mi": 607.7413529984888,
        "recent1": 13.099996023224369,
        "recent3": 40.90001888968424,
        "recent7": 50.200081523900415
    },
    "conor": {
        "mi": 25.448381452318454,
        "recent1": 0,
        "recent3": 0,
        "recent7": 8.93364004215382
    },
    "Luke": {
        "mi": 151.29742304939157,
        "recent1": 0,
        "recent3": 0,
        "recent7": 12.689642487870834
    },
    "Brendan": {
        "mi": 40.85061987990137,
        "recent1": 0,
        "recent3": 0,
        "recent7": 2.0000074564543064
    },
    "Tyler": {
        "mi": 113.99986578382249,
        "recent1": 0,
        "recent3": 0,
        "recent7": 0
    },
    "_meta": {
        "num_activities": 312,
        "time": "2024-02-29 13:26:49"
    }
}