{
    "Botond": {
        "mi": 144.5843772369363,
        "recent1": 9.5527742980991,
        "recent3": 23.674553109838545,
        "recent7": 48.80920424719638
    },
    "Luke": {
        "mi": 226.9355712638193,
        "recent1": 3.403374294122325,
        "recent3": 5.222376322277896,
        "recent7": 14.955658951721942
    },
    "Justin": {
        "mi": 2611.0379757217843,
        "recent1": 0,
        "recent3": 16.833877654497734,
        "recent7": 35.935698023542514
    },
    "Travis": {
        "mi": 887.119037322039,
        "recent1": 0,
        "recent3": 0,
        "recent7": 19.22485186510777
    },
    "Brib": {
        "mi": 2748.4781998130925,
        "recent1": 0,
        "recent3": 0,
        "recent7": 19.22522468782311
    },
    "Jerome": {
        "mi": 1031.6958959675496,
        "recent1": 0,
        "recent3": 0,
        "recent7": 0
    },
    "conor": {
        "mi": 25.448381452318454,
        "recent1": 0,
        "recent3": 0,
        "recent7": 0
    },
    "Brendan": {
        "mi": 40.85061987990137,
        "recent1": 0,
        "recent3": 0,
        "recent7": 0
    },
    "Tyler": {
        "mi": 113.99986578382249,
        "recent1": 0,
        "recent3": 0,
        "recent7": 0
    },
    "_meta": {
        "num_activities": 600,
        "time": "2024-05-20 20:27:47"
    }
}