{
    "Botond": {
        "mi": 256.54645619581635,
        "recent1": 5.702137019804342,
        "recent3": 15.303191859540282,
        "recent7": 42.315067505766315
    },
    "Brib": {
        "mi": 3018.6884842519694,
        "recent1": 15.11920384951881,
        "recent3": 15.11920384951881,
        "recent7": 86.83730762347888
    },
    "Justin": {
        "mi": 2719.5090049113173,
        "recent1": 17.963344070627535,
        "recent3": 38.77722848564383,
        "recent7": 70.01455251332219
    },
    "Luke": {
        "mi": 267.69839139425756,
        "recent1": 0,
        "recent3": 5.546234987671995,
        "recent7": 13.246950310188499
    },
    "Travis": {
        "mi": 916.8554392348681,
        "recent1": 0,
        "recent3": 0,
        "recent7": 11.363139266682573
    },
    "Jerome": {
        "mi": 1031.6958959675496,
        "recent1": 0,
        "recent3": 0,
        "recent7": 0
    },
    "conor": {
        "mi": 25.448381452318454,
        "recent1": 0,
        "recent3": 0,
        "recent7": 0
    },
    "Brendan": {
        "mi": 40.85061987990137,
        "recent1": 0,
        "recent3": 0,
        "recent7": 0
    },
    "Tyler": {
        "mi": 113.99986578382249,
        "recent1": 0,
        "recent3": 0,
        "recent7": 0
    },
    "_meta": {
        "num_activities": 695,
        "time": "2024-06-10 17:46:42"
    }
}