{
    "Botond": {
        "mi": 162.40847202338338,
        "recent1": 10.003889783663405,
        "recent3": 21.77725831146107,
        "recent7": 45.64555495903921
    },
    "Luke": {
        "mi": 234.77497663644317,
        "recent1": 1.6273090153503538,
        "recent3": 9.652628648691639,
        "recent7": 15.571375666109915
    },
    "Brib": {
        "mi": 2786.5844716853585,
        "recent1": 0,
        "recent3": 38.106271872265964,
        "recent7": 38.106271872265964
    },
    "Travis": {
        "mi": 901.3031396643601,
        "recent1": 0,
        "recent3": 14.184102342320845,
        "recent7": 18.33946005328879
    },
    "Justin": {
        "mi": 2611.0379757217843,
        "recent1": 0,
        "recent3": 0,
        "recent7": 16.833877654497734
    },
    "Jerome": {
        "mi": 1031.6958959675496,
        "recent1": 0,
        "recent3": 0,
        "recent7": 0
    },
    "conor": {
        "mi": 25.448381452318454,
        "recent1": 0,
        "recent3": 0,
        "recent7": 0
    },
    "Brendan": {
        "mi": 40.85061987990137,
        "recent1": 0,
        "recent3": 0,
        "recent7": 0
    },
    "Tyler": {
        "mi": 113.99986578382249,
        "recent1": 0,
        "recent3": 0,
        "recent7": 0
    },
    "_meta": {
        "num_activities": 619,
        "time": "2024-05-23 13:17:50"
    }
}