{
    "Luke": {
        "mi": 286.49232233754867,
        "recent1": 6.884482124393541,
        "recent3": 6.884482124393541,
        "recent7": 9.563461882605582
    },
    "Brib": {
        "mi": 3517.6217141891357,
        "recent1": 0,
        "recent3": 49.424423864630555,
        "recent7": 167.23242513719873
    },
    "Botond": {
        "mi": 403.246353793844,
        "recent1": 0,
        "recent3": 11.772747156605423,
        "recent7": 34.51816392269148
    },
    "Travis": {
        "mi": 979.4224851865106,
        "recent1": 0,
        "recent3": 7.4737284259922045,
        "recent7": 30.228403622842595
    },
    "Justin": {
        "mi": 2803.222555277181,
        "recent1": 0,
        "recent3": 0,
        "recent7": 21.409903662610354
    },
    "Jerome": {
        "mi": 1031.6958959675496,
        "recent1": 0,
        "recent3": 0,
        "recent7": 0
    },
    "conor": {
        "mi": 25.448381452318454,
        "recent1": 0,
        "recent3": 0,
        "recent7": 0
    },
    "Brendan": {
        "mi": 40.85061987990137,
        "recent1": 0,
        "recent3": 0,
        "recent7": 0
    },
    "Tyler": {
        "mi": 113.99986578382249,
        "recent1": 0,
        "recent3": 0,
        "recent7": 0
    },
    "_meta": {
        "num_activities": 801,
        "time": "2024-07-13 18:20:40"
    }
}