{
    "Botond": {
        "mi": 116.76291706434425,
        "recent1": 11.137519386781197,
        "recent3": 20.987744074604308,
        "recent7": 33.89592281078501
    },
    "Luke": {
        "mi": 219.20360097033327,
        "recent1": 1.3921821562077465,
        "recent3": 9.221645589755825,
        "recent7": 16.142726477372147
    },
    "Travis": {
        "mi": 882.963679611071,
        "recent1": 5.061441183488427,
        "recent3": 15.069494154139822,
        "recent7": 15.069494154139822
    },
    "Brib": {
        "mi": 2748.4781998130925,
        "recent1": 14.161981527877195,
        "recent3": 60.400511015668485,
        "recent7": 103.50534130676846
    },
    "Justin": {
        "mi": 2594.204098067287,
        "recent1": 19.101820369044777,
        "recent3": 19.101820369044777,
        "recent7": 58.20955619183965
    },
    "Jerome": {
        "mi": 1031.6958959675496,
        "recent1": 0,
        "recent3": 0,
        "recent7": 0
    },
    "conor": {
        "mi": 25.448381452318454,
        "recent1": 0,
        "recent3": 0,
        "recent7": 0
    },
    "Brendan": {
        "mi": 40.85061987990137,
        "recent1": 0,
        "recent3": 0,
        "recent7": 0
    },
    "Tyler": {
        "mi": 113.99986578382249,
        "recent1": 0,
        "recent3": 0,
        "recent7": 0
    },
    "_meta": {
        "num_activities": 584,
        "time": "2024-05-15 23:17:16"
    }
}