{
    "Luke": {
        "mi": 203.06087449296112,
        "recent1": 5.1046886184681455,
        "recent3": 11.046053547283861,
        "recent7": 12.313961465044141
    },
    "Justin": {
        "mi": 2519.364225423526,
        "recent1": 24.78885806887775,
        "recent3": 43.49679123916329,
        "recent7": 78.0946770858188
    },
    "Botond": {
        "mi": 75.3730712638193,
        "recent1": 7.241397737214665,
        "recent3": 13.435785015509424,
        "recent7": 75.3730712638193
    },
    "Travis": {
        "mi": 865.8437226596673,
        "recent1": 57.40202219040801,
        "recent3": 57.40202219040801,
        "recent7": 57.40202219040801
    },
    "Brib": {
        "mi": 2608.786996440787,
        "recent1": 0,
        "recent3": 70.24054521593891,
        "recent7": 81.78220442615127
    },
    "Jerome": {
        "mi": 1031.6958959675496,
        "recent1": 0,
        "recent3": 0,
        "recent7": 0
    },
    "conor": {
        "mi": 25.448381452318454,
        "recent1": 0,
        "recent3": 0,
        "recent7": 0
    },
    "Brendan": {
        "mi": 40.85061987990137,
        "recent1": 0,
        "recent3": 0,
        "recent7": 0
    },
    "Tyler": {
        "mi": 113.99986578382249,
        "recent1": 0,
        "recent3": 0,
        "recent7": 0
    },
    "_meta": {
        "num_activities": 544,
        "time": "2024-05-07 17:13:52"
    }
}