{
    "Botond": {
        "mi": 147.644878907182,
        "recent1": 10.223855185715422,
        "recent3": 25.94554054322755,
        "recent7": 45.11770013123359
    },
    "Luke": {
        "mi": 228.1048054362523,
        "recent1": 2.9824574485007553,
        "recent3": 5.295014614650441,
        "recent7": 11.822581126222858
    },
    "Travis": {
        "mi": 891.3026052851346,
        "recent1": 4.183567963095522,
        "recent3": 4.183567963095522,
        "recent7": 23.40841982820329
    },
    "Justin": {
        "mi": 2611.0379757217843,
        "recent1": 0,
        "recent3": 0,
        "recent7": 35.935698023542514
    },
    "Brib": {
        "mi": 2748.4781998130925,
        "recent1": 0,
        "recent3": 0,
        "recent7": 19.22522468782311
    },
    "Jerome": {
        "mi": 1031.6958959675496,
        "recent1": 0,
        "recent3": 0,
        "recent7": 0
    },
    "conor": {
        "mi": 25.448381452318454,
        "recent1": 0,
        "recent3": 0,
        "recent7": 0
    },
    "Brendan": {
        "mi": 40.85061987990137,
        "recent1": 0,
        "recent3": 0,
        "recent7": 0
    },
    "Tyler": {
        "mi": 113.99986578382249,
        "recent1": 0,
        "recent3": 0,
        "recent7": 0
    },
    "_meta": {
        "num_activities": 604,
        "time": "2024-05-21 13:20:50"
    }
}