{
    "Brib": {
        "mi": 1623.1778289787642,
        "recent1": 60.59686431241549,
        "recent3": 241.00366360454944,
        "recent7": 399.69304263103487
    },
    "Justin": {
        "mi": 1678.1602317466006,
        "recent1": 45.2928646703253,
        "recent3": 198.20181390678437,
        "recent7": 330.3616256064583
    },
    "Jerome": {
        "mi": 888.716769068639,
        "recent1": 21.169557285452953,
        "recent3": 90.4545578819693,
        "recent7": 138.10931659110793
    },
    "Travis": {
        "mi": 671.3414906943451,
        "recent1": 0,
        "recent3": 50.7000989222938,
        "recent7": 104.50015658554042
    },
    "Luke": {
        "mi": 161.23060079137838,
        "recent1": 0,
        "recent3": 9.933177741986796,
        "recent7": 9.933177741986796
    },
    "conor": {
        "mi": 25.448381452318454,
        "recent1": 0,
        "recent3": 0,
        "recent7": 0
    },
    "Brendan": {
        "mi": 40.85061987990137,
        "recent1": 0,
        "recent3": 0,
        "recent7": 0
    },
    "Tyler": {
        "mi": 113.99986578382249,
        "recent1": 0,
        "recent3": 0,
        "recent7": 0
    },
    "_meta": {
        "num_activities": 343,
        "time": "2024-03-04 18:18:14"
    }
}