{
    "Botond": {
        "mi": 178.06522409130673,
        "recent1": 2.383579893422413,
        "recent3": 15.656752067923328,
        "recent7": 43.03362115246958
    },
    "Brib": {
        "mi": 2822.774559075003,
        "recent1": 0,
        "recent3": 15.512096854370474,
        "recent7": 74.29635926191044
    },
    "Justin": {
        "mi": 2630.885503658633,
        "recent1": 0,
        "recent3": 19.847527936848802,
        "recent7": 19.847527936848802
    },
    "Luke": {
        "mi": 235.7029323749304,
        "recent1": 0,
        "recent3": 0.9279557384872346,
        "recent7": 12.170735405233435
    },
    "Travis": {
        "mi": 901.3031396643601,
        "recent1": 0,
        "recent3": 0,
        "recent7": 14.184102342320845
    },
    "Jerome": {
        "mi": 1031.6958959675496,
        "recent1": 0,
        "recent3": 0,
        "recent7": 0
    },
    "conor": {
        "mi": 25.448381452318454,
        "recent1": 0,
        "recent3": 0,
        "recent7": 0
    },
    "Brendan": {
        "mi": 40.85061987990137,
        "recent1": 0,
        "recent3": 0,
        "recent7": 0
    },
    "Tyler": {
        "mi": 113.99986578382249,
        "recent1": 0,
        "recent3": 0,
        "recent7": 0
    },
    "_meta": {
        "num_activities": 630,
        "time": "2024-05-25 22:29:31"
    }
}