{
    "Botond": {
        "mi": 410.7034294718842,
        "recent1": 7.457075678040244,
        "recent3": 7.457075678040244,
        "recent7": 38.768218603356395
    },
    "Luke": {
        "mi": 294.1605399467112,
        "recent1": 7.6682176091624905,
        "recent3": 14.55269973355603,
        "recent7": 17.231679491768073
    },
    "Brib": {
        "mi": 3517.6217141891357,
        "recent1": 0,
        "recent3": 20.68234013361966,
        "recent7": 104.20587518889684
    },
    "Travis": {
        "mi": 979.4224851865106,
        "recent1": 0,
        "recent3": 0,
        "recent7": 23.089780680823985
    },
    "Justin": {
        "mi": 2803.222555277181,
        "recent1": 0,
        "recent3": 0,
        "recent7": 21.409903662610354
    },
    "Jerome": {
        "mi": 1031.6958959675496,
        "recent1": 0,
        "recent3": 0,
        "recent7": 0
    },
    "conor": {
        "mi": 25.448381452318454,
        "recent1": 0,
        "recent3": 0,
        "recent7": 0
    },
    "Brendan": {
        "mi": 40.85061987990137,
        "recent1": 0,
        "recent3": 0,
        "recent7": 0
    },
    "Tyler": {
        "mi": 113.99986578382249,
        "recent1": 0,
        "recent3": 0,
        "recent7": 0
    },
    "_meta": {
        "num_activities": 806,
        "time": "2024-07-14 22:46:36"
    }
}