{
    "Jerome": {
        "mi": 322.1690949852859,
        "recent1": 8.162394118348843,
        "recent3": 65.28225165036189,
        "recent7": 231.9930356716774
    },
    "Brib": {
        "mi": 373.9701393859858,
        "recent1": 17.494954465919033,
        "recent3": 68.43073948142845,
        "recent7": 237.27748697605978
    },
    "Tyler": {
        "mi": 43.69997961902489,
        "recent1": 15.00002485484769,
        "recent3": 27.30000546806649,
        "recent7": 38.099996023224364
    },
    "Justin": {
        "mi": 323.18944862005884,
        "recent1": 20.476914817465996,
        "recent3": 45.667675773482856,
        "recent7": 187.04944374850868
    },
    "Travis": {
        "mi": 185.74040105782228,
        "recent1": 0,
        "recent3": 7.400033802592857,
        "recent7": 71.10021226039926
    },
    "conor": {
        "mi": 7.710843672949971,
        "recent1": 0,
        "recent3": 0,
        "recent7": 0
    },
    "_meta": {
        "num_activities": 98,
        "time": "2024-01-16 22:14:40"
    }
}