{
    "Luke": {
        "mi": 166.60390817625074,
        "recent1": 3.452276206951403,
        "recent3": 5.373307384872344,
        "recent7": 5.373307384872344
    },
    "Justin": {
        "mi": 1839.2471093812144,
        "recent1": 20.3454948103078,
        "recent3": 60.91438499164876,
        "recent7": 161.08687763461384
    },
    "Travis": {
        "mi": 726.8415578024337,
        "recent1": 2.0999860812852935,
        "recent3": 22.600015907102517,
        "recent7": 53.30004026485325
    },
    "Brib": {
        "mi": 1798.792986459079,
        "recent1": 20.520224389564937,
        "recent3": 31.039417302950763,
        "recent7": 127.36121053050186
    },
    "Jerome": {
        "mi": 941.5000149129085,
        "recent1": 0,
        "recent3": 0,
        "recent7": 37.504101049868765
    },
    "conor": {
        "mi": 25.448381452318454,
        "recent1": 0,
        "recent3": 0,
        "recent7": 0
    },
    "Brendan": {
        "mi": 40.85061987990137,
        "recent1": 0,
        "recent3": 0,
        "recent7": 0
    },
    "Tyler": {
        "mi": 113.99986578382249,
        "recent1": 0,
        "recent3": 0,
        "recent7": 0
    },
    "_meta": {
        "num_activities": 372,
        "time": "2024-03-12 15:26:37"
    }
}