{
    "Luke": {
        "mi": 216.28222431002945,
        "recent1": 6.300268929452,
        "recent3": 6.300268929452,
        "recent7": 14.335779050345977
    },
    "Botond": {
        "mi": 102.52717877594846,
        "recent1": 6.752005786208541,
        "recent3": 13.457781555714625,
        "recent7": 27.154107512129162
    },
    "Brib": {
        "mi": 2729.2529751252696,
        "recent1": 20.018529288952514,
        "recent3": 62.6835530501869,
        "recent7": 120.46597868448262
    },
    "Justin": {
        "mi": 2575.102277698242,
        "recent1": 0,
        "recent3": 0,
        "recent7": 55.738052274715656
    },
    "Travis": {
        "mi": 867.8941854569314,
        "recent1": 0,
        "recent3": 0,
        "recent7": 2.0504627972639784
    },
    "Jerome": {
        "mi": 1031.6958959675496,
        "recent1": 0,
        "recent3": 0,
        "recent7": 0
    },
    "conor": {
        "mi": 25.448381452318454,
        "recent1": 0,
        "recent3": 0,
        "recent7": 0
    },
    "Brendan": {
        "mi": 40.85061987990137,
        "recent1": 0,
        "recent3": 0,
        "recent7": 0
    },
    "Tyler": {
        "mi": 113.99986578382249,
        "recent1": 0,
        "recent3": 0,
        "recent7": 0
    },
    "_meta": {
        "num_activities": 571,
        "time": "2024-05-14 16:46:34"
    }
}