{
    "Brib": {
        "mi": 3764.667653404121,
        "recent1": 21.008125049709694,
        "recent3": 52.58440706275351,
        "recent7": 119.07795971526285
    },
    "Botond": {
        "mi": 476.82913037858907,
        "recent1": 0,
        "recent3": 1.7425733715103793,
        "recent7": 24.96998777141493
    },
    "Justin": {
        "mi": 2863.8468841962936,
        "recent1": 0,
        "recent3": 39.194044281396636,
        "recent7": 39.194044281396636
    },
    "Luke": {
        "mi": 313.535639366102,
        "recent1": 0,
        "recent3": 0,
        "recent7": 3.4926031973276066
    },
    "Travis": {
        "mi": 989.6744884872344,
        "recent1": 0,
        "recent3": 0,
        "recent7": 0
    },
    "Jerome": {
        "mi": 1031.6958959675496,
        "recent1": 0,
        "recent3": 0,
        "recent7": 0
    },
    "conor": {
        "mi": 25.448381452318454,
        "recent1": 0,
        "recent3": 0,
        "recent7": 0
    },
    "Brendan": {
        "mi": 40.85061987990137,
        "recent1": 0,
        "recent3": 0,
        "recent7": 0
    },
    "Tyler": {
        "mi": 113.99986578382249,
        "recent1": 0,
        "recent3": 0,
        "recent7": 0
    },
    "_meta": {
        "num_activities": 863,
        "time": "2024-07-31 17:32:13"
    }
}