{
    "Luke": {
        "mi": 138.60778056152074,
        "recent1": 1.3739759802751927,
        "recent3": 7.108113616479757,
        "recent7": 11.893541716376362
    },
    "Justin": {
        "mi": 1172.421309552215,
        "recent1": 25.263274974150956,
        "recent3": 141.6470934741112,
        "recent7": 217.51844229698557
    },
    "Brib": {
        "mi": 1182.5054804939148,
        "recent1": 36.50474976139346,
        "recent3": 36.50474976139346,
        "recent7": 71.5370362085421
    },
    "Travis": {
        "mi": 533.2411839855243,
        "recent1": 6.300020380975105,
        "recent3": 8.400006462260398,
        "recent7": 37.900100910681616
    },
    "Brendan": {
        "mi": 38.85061242344706,
        "recent1": 0,
        "recent3": 0.6554844706911636,
        "recent7": 0.6554844706911636
    },
    "conor": {
        "mi": 16.514741410164635,
        "recent1": 0,
        "recent3": 0,
        "recent7": 4.626108526206951
    },
    "Jerome": {
        "mi": 735.4902370158276,
        "recent1": 0,
        "recent3": 0,
        "recent7": 0
    },
    "Tyler": {
        "mi": 103.99989063867017,
        "recent1": 0,
        "recent3": 0,
        "recent7": 0
    },
    "_meta": {
        "num_activities": 278,
        "time": "2024-02-20 14:28:36"
    }
}