{
    "Justin": {
        "mi": 2241.9838766603043,
        "recent1": 18.521583949733554,
        "recent3": 18.521583949733554,
        "recent7": 83.56056877833453
    },
    "Brib": {
        "mi": 2323.651251690131,
        "recent1": 0,
        "recent3": 47.861302493438316,
        "recent7": 110.89363119382804
    },
    "Luke": {
        "mi": 172.17537083432757,
        "recent1": 0,
        "recent3": 0.8200856995148332,
        "recent7": 0.8200856995148332
    },
    "Jerome": {
        "mi": 1031.6958959675496,
        "recent1": 0,
        "recent3": 0,
        "recent7": 0
    },
    "Travis": {
        "mi": 808.4417004692593,
        "recent1": 0,
        "recent3": 0,
        "recent7": 0
    },
    "conor": {
        "mi": 25.448381452318454,
        "recent1": 0,
        "recent3": 0,
        "recent7": 0
    },
    "Brendan": {
        "mi": 40.85061987990137,
        "recent1": 0,
        "recent3": 0,
        "recent7": 0
    },
    "Tyler": {
        "mi": 113.99986578382249,
        "recent1": 0,
        "recent3": 0,
        "recent7": 0
    },
    "_meta": {
        "num_activities": 455,
        "time": "2024-04-13 20:26:50"
    }
}