{
    "Botond": {
        "mi": 462.0404960033405,
        "recent1": 5.442590272806807,
        "recent3": 13.380669390757971,
        "recent7": 33.87436123041437
    },
    "Brib": {
        "mi": 3665.6053646703267,
        "recent1": 20.015670981468222,
        "recent3": 60.678636761313925,
        "recent7": 115.31046190248946
    },
    "Luke": {
        "mi": 310.0430361687744,
        "recent1": 0,
        "recent3": 1.5780964169251568,
        "recent7": 11.82612294201861
    },
    "Travis": {
        "mi": 989.6744884872344,
        "recent1": 0,
        "recent3": 0,
        "recent7": 0
    },
    "Justin": {
        "mi": 2824.652839914897,
        "recent1": 0,
        "recent3": 0,
        "recent7": 0
    },
    "Jerome": {
        "mi": 1031.6958959675496,
        "recent1": 0,
        "recent3": 0,
        "recent7": 0
    },
    "conor": {
        "mi": 25.448381452318454,
        "recent1": 0,
        "recent3": 0,
        "recent7": 0
    },
    "Brendan": {
        "mi": 40.85061987990137,
        "recent1": 0,
        "recent3": 0,
        "recent7": 0
    },
    "Tyler": {
        "mi": 113.99986578382249,
        "recent1": 0,
        "recent3": 0,
        "recent7": 0
    },
    "_meta": {
        "num_activities": 847,
        "time": "2024-07-25 21:27:21"
    }
}