{
    "Brib": {
        "mi": 2064.8408295553963,
        "recent1": 20.017037998091144,
        "recent3": 60.56455301041915,
        "recent7": 122.38384086932315
    },
    "Justin": {
        "mi": 2062.7529602123604,
        "recent1": 0,
        "recent3": 47.368865823590234,
        "recent7": 91.44458860256104
    },
    "Jerome": {
        "mi": 1015.206506502028,
        "recent1": 0,
        "recent3": 0,
        "recent7": 2.999980116121848
    },
    "Travis": {
        "mi": 808.4417004692593,
        "recent1": 0,
        "recent3": 0,
        "recent7": 10.10001590710252
    },
    "Luke": {
        "mi": 169.00041259047168,
        "recent1": 0,
        "recent3": 0,
        "recent7": 0
    },
    "conor": {
        "mi": 25.448381452318454,
        "recent1": 0,
        "recent3": 0,
        "recent7": 0
    },
    "Brendan": {
        "mi": 40.85061987990137,
        "recent1": 0,
        "recent3": 0,
        "recent7": 0
    },
    "Tyler": {
        "mi": 113.99986578382249,
        "recent1": 0,
        "recent3": 0,
        "recent7": 0
    },
    "_meta": {
        "num_activities": 424,
        "time": "2024-03-27 17:46:38"
    }
}