{
    "Botond": {
        "mi": 362.0431678994672,
        "recent1": 8.694349996023224,
        "recent3": 15.682663246639622,
        "recent7": 27.65487055595323
    },
    "Brib": {
        "mi": 3307.817719518015,
        "recent1": 21.42332528036268,
        "recent3": 21.42332528036268,
        "recent7": 67.04551668257376
    },
    "Travis": {
        "mi": 949.1940815636681,
        "recent1": 0,
        "recent3": 0,
        "recent7": 4.186985504652827
    },
    "Luke": {
        "mi": 271.0616872464806,
        "recent1": 0,
        "recent3": 0,
        "recent7": 0
    },
    "Justin": {
        "mi": 2781.8126516145703,
        "recent1": 0,
        "recent3": 0,
        "recent7": 0
    },
    "Jerome": {
        "mi": 1031.6958959675496,
        "recent1": 0,
        "recent3": 0,
        "recent7": 0
    },
    "conor": {
        "mi": 25.448381452318454,
        "recent1": 0,
        "recent3": 0,
        "recent7": 0
    },
    "Brendan": {
        "mi": 40.85061987990137,
        "recent1": 0,
        "recent3": 0,
        "recent7": 0
    },
    "Tyler": {
        "mi": 113.99986578382249,
        "recent1": 0,
        "recent3": 0,
        "recent7": 0
    },
    "_meta": {
        "num_activities": 762,
        "time": "2024-07-04 13:31:23"
    }
}