{
    "Travis": {
        "mi": 956.3327045056865,
        "recent1": 7.1386229420186105,
        "recent3": 7.1386229420186105,
        "recent7": 7.1386229420186105
    },
    "Brib": {
        "mi": 3390.9071646583952,
        "recent1": 40.517875606458276,
        "recent3": 62.0837434383202,
        "recent7": 104.51277042074284
    },
    "Botond": {
        "mi": 368.72818987115255,
        "recent1": 0,
        "recent3": 6.685021971685357,
        "recent7": 24.70863904795991
    },
    "Luke": {
        "mi": 276.92886045494316,
        "recent1": 0,
        "recent3": 2.4401246719160103,
        "recent7": 5.867173208462578
    },
    "Justin": {
        "mi": 2781.8126516145703,
        "recent1": 0,
        "recent3": 0,
        "recent7": 0
    },
    "Jerome": {
        "mi": 1031.6958959675496,
        "recent1": 0,
        "recent3": 0,
        "recent7": 0
    },
    "conor": {
        "mi": 25.448381452318454,
        "recent1": 0,
        "recent3": 0,
        "recent7": 0
    },
    "Brendan": {
        "mi": 40.85061987990137,
        "recent1": 0,
        "recent3": 0,
        "recent7": 0
    },
    "Tyler": {
        "mi": 113.99986578382249,
        "recent1": 0,
        "recent3": 0,
        "recent7": 0
    },
    "_meta": {
        "num_activities": 770,
        "time": "2024-07-07 14:46:59"
    }
}