{
    "Justin": {
        "mi": 1081.7882317267158,
        "recent1": 51.0140156486121,
        "recent3": 91.53021355285134,
        "recent7": 177.30615704286961
    },
    "Luke": {
        "mi": 135.56971039131474,
        "recent1": 4.070043446273761,
        "recent3": 6.008721566054243,
        "recent7": 12.070446094806329
    },
    "Travis": {
        "mi": 524.841177523264,
        "recent1": 11.200029328720273,
        "recent3": 27.30006760518571,
        "recent7": 55.40015062037699
    },
    "conor": {
        "mi": 16.514741410164635,
        "recent1": 0,
        "recent3": 4.626108526206951,
        "recent7": 8.803897737214665
    },
    "Brib": {
        "mi": 1146.0007307325216,
        "recent1": 0,
        "recent3": 0,
        "recent7": 55.23629503698401
    },
    "Jerome": {
        "mi": 735.4902370158276,
        "recent1": 0,
        "recent3": 0,
        "recent7": 40.142815954823824
    },
    "Tyler": {
        "mi": 103.99989063867017,
        "recent1": 0,
        "recent3": 0,
        "recent7": 0
    },
    "Brendan": {
        "mi": 38.1951279527559,
        "recent1": 0,
        "recent3": 0,
        "recent7": 0
    },
    "_meta": {
        "num_activities": 265,
        "time": "2024-02-17 20:14:16"
    }
}