{
    "Jerome": {
        "mi": 615.8026500238607,
        "recent1": 16.04479837747554,
        "recent3": 20.044813290384155,
        "recent7": 87.94459108804581
    },
    "Brib": {
        "mi": 956.2792665831545,
        "recent1": 20.510779547442933,
        "recent3": 144.3867811978048,
        "recent7": 227.37904388371905
    },
    "Justin": {
        "mi": 797.2236513759644,
        "recent1": 42.41939572894297,
        "recent3": 76.60425614411835,
        "recent7": 137.17788117394417
    },
    "Luke": {
        "mi": 123.49926429650837,
        "recent1": 0,
        "recent3": 25.166216793923486,
        "recent7": 56.07912292213473
    },
    "Travis": {
        "mi": 404.7410000596516,
        "recent1": 0,
        "recent3": 15.60008301519128,
        "recent7": 60.10014018134096
    },
    "Tyler": {
        "mi": 100.49989312415494,
        "recent1": 0,
        "recent3": 0,
        "recent7": 12.2999806132188
    },
    "Brendan": {
        "mi": 38.1951279527559,
        "recent1": 0,
        "recent3": 0,
        "recent7": 3.1068559611866697
    },
    "conor": {
        "mi": 7.710843672949971,
        "recent1": 0,
        "recent3": 0,
        "recent7": 0
    },
    "_meta": {
        "num_activities": 220,
        "time": "2024-02-05 21:26:36"
    }
}