{
    "Brib": {
        "mi": 707.8737671995547,
        "recent1": 30.094560268034677,
        "recent3": 124.3690596914022,
        "recent7": 212.7254956056629
    },
    "Justin": {
        "mi": 639.0305615207191,
        "recent1": 30.077907520082714,
        "recent3": 71.0455937326016,
        "recent7": 152.13527996500437
    },
    "Travis": {
        "mi": 344.6408598783106,
        "recent1": 14.50006959357353,
        "recent3": 24.60008550067605,
        "recent7": 60.50017895490336
    },
    "Luke": {
        "mi": 67.42014137437364,
        "recent1": 2.5007083631591502,
        "recent3": 26.615875785413184,
        "recent7": 27.92249512844985
    },
    "Brendan": {
        "mi": 35.08827199156923,
        "recent1": 1.6045668297144675,
        "recent3": 30.055165334446826,
        "recent7": 35.08827199156923
    },
    "Jerome": {
        "mi": 527.8580589358149,
        "recent1": 0,
        "recent3": 40.73448560407222,
        "recent7": 141.75198093136083
    },
    "Tyler": {
        "mi": 78.19993736578381,
        "recent1": 0,
        "recent3": 9.999975145152309,
        "recent7": 32.999967688698
    },
    "conor": {
        "mi": 7.710843672949971,
        "recent1": 0,
        "recent3": 0,
        "recent7": 0
    },
    "_meta": {
        "num_activities": 179,
        "time": "2024-01-28 21:46:22"
    }
}