{
    "Justin": {
        "mi": 608.9526540006362,
        "recent1": 20.257508649486994,
        "recent3": 61.183500855006756,
        "recent7": 157.61627097749144
    },
    "Tyler": {
        "mi": 78.19993736578381,
        "recent1": 9.999975145152309,
        "recent3": 9.999975145152309,
        "recent7": 32.999967688698
    },
    "Travis": {
        "mi": 330.1407902847371,
        "recent1": 10.10001590710252,
        "recent3": 22.600015907102517,
        "recent7": 46.000109361329834
    },
    "Jerome": {
        "mi": 507.7210341605027,
        "recent1": 20.597460828760042,
        "recent3": 64.10003082001113,
        "recent7": 121.61495615604866
    },
    "Brendan": {
        "mi": 12.29730871709218,
        "recent1": 7.264202059969776,
        "recent3": 8.914191123836792,
        "recent7": 12.29730871709218
    },
    "Luke": {
        "mi": 47.87652608764812,
        "recent1": 3.7612219637318063,
        "recent3": 8.378879841724329,
        "recent7": 15.64432464407858
    },
    "Brib": {
        "mi": 621.7211484928021,
        "recent1": 21.63017975025849,
        "recent3": 83.67241559293724,
        "recent7": 190.21272021395052
    },
    "conor": {
        "mi": 7.710843672949971,
        "recent1": 0,
        "recent3": 0,
        "recent7": 0
    },
    "_meta": {
        "num_activities": 169,
        "time": "2024-01-27 18:16:10"
    }
}