{
    "Tyler": {
        "mi": 68.1999622206315,
        "recent1": 6.999995029030461,
        "recent3": 22.999992543545687,
        "recent7": 24.49998260160661
    },
    "Jerome": {
        "mi": 443.6210033404916,
        "recent1": 32.334976238765606,
        "recent3": 57.514925336037535,
        "recent7": 128.5178308677324
    },
    "Travis": {
        "mi": 307.54077437763465,
        "recent1": 12.00004473872584,
        "recent3": 23.40009345422731,
        "recent7": 109.80032858108643
    },
    "Brendan": {
        "mi": 3.3831175932553883,
        "recent1": 3.3831175932553883,
        "recent3": 3.3831175932553883,
        "recent7": 3.3831175932553883
    },
    "Brib": {
        "mi": 538.0487328998646,
        "recent1": 21.300604469895806,
        "recent3": 64.0426161218484,
        "recent7": 164.07859351387893
    },
    "Justin": {
        "mi": 527.4139649447228,
        "recent1": 20.47877893104271,
        "recent3": 76.07758192157797,
        "recent7": 172.03419529945117
    },
    "Luke": {
        "mi": 39.49764624592379,
        "recent1": 0,
        "recent3": 0,
        "recent7": 15.088073152787718
    },
    "conor": {
        "mi": 7.710843672949971,
        "recent1": 0,
        "recent3": 0,
        "recent7": 0
    },
    "_meta": {
        "num_activities": 146,
        "time": "2024-01-24 02:40:03"
    }
}