{
    "Brib": {
        "mi": 997.6877535194465,
        "recent1": 20.24657251650362,
        "recent3": 82.59974250377793,
        "recent7": 226.99447725284335
    },
    "Justin": {
        "mi": 842.6897543346854,
        "recent1": 45.466102958721066,
        "recent3": 87.88549868766404,
        "recent7": 162.51193032689093
    },
    "Jerome": {
        "mi": 642.2079431122245,
        "recent1": 21.327199156923566,
        "recent3": 42.45009146583949,
        "recent7": 50.450121291656714
    },
    "Travis": {
        "mi": 427.74099260319724,
        "recent1": 8.199987075479202,
        "recent3": 22.99999254354569,
        "recent7": 63.10012029746281
    },
    "Tyler": {
        "mi": 103.99989063867017,
        "recent1": 0,
        "recent3": 3.4999975145152304,
        "recent7": 8.79998309870357
    },
    "Luke": {
        "mi": 123.49926429650837,
        "recent1": 0,
        "recent3": 0,
        "recent7": 52.670404835759165
    },
    "Brendan": {
        "mi": 38.1951279527559,
        "recent1": 0,
        "recent3": 0,
        "recent7": 3.1068559611866697
    },
    "conor": {
        "mi": 7.710843672949971,
        "recent1": 0,
        "recent3": 0,
        "recent7": 0
    },
    "_meta": {
        "num_activities": 229,
        "time": "2024-02-07 18:46:32"
    }
}