{
    "Brib": {
        "mi": 1256.0407221824537,
        "recent1": 32.555935834725204,
        "recent3": 32.555935834725204,
        "recent7": 52.59956851984411
    },
    "Justin": {
        "mi": 1378.4366176529068,
        "recent1": 30.638011512765445,
        "recent3": 72.34637218643124,
        "recent7": 206.01530810069193
    },
    "Travis": {
        "mi": 570.3413316233198,
        "recent1": 3.4999975145152304,
        "recent3": 3.4999975145152304,
        "recent7": 37.100147637795274
    },
    "conor": {
        "mi": 25.448381452318454,
        "recent1": 0,
        "recent3": 8.93364004215382,
        "recent7": 8.93364004215382
    },
    "Luke": {
        "mi": 151.29742304939157,
        "recent1": 0,
        "recent3": 1.9805585381372781,
        "recent7": 12.689642487870834
    },
    "Brendan": {
        "mi": 40.85061987990137,
        "recent1": 0,
        "recent3": 0,
        "recent7": 2.0000074564543064
    },
    "Jerome": {
        "mi": 750.6074524775311,
        "recent1": 0,
        "recent3": 0,
        "recent7": 15.11721546170365
    },
    "Tyler": {
        "mi": 113.99986578382249,
        "recent1": 0,
        "recent3": 0,
        "recent7": 9.999975145152309
    },
    "_meta": {
        "num_activities": 302,
        "time": "2024-02-27 18:29:43"
    }
}