{
    "Brib": {
        "mi": 2087.2826443569556,
        "recent1": 22.441814801558895,
        "recent3": 62.472473256183875,
        "recent7": 127.30000546806647
    },
    "Justin": {
        "mi": 2062.7529602123604,
        "recent1": 0,
        "recent3": 31.51899158911954,
        "recent7": 91.44458860256104
    },
    "Jerome": {
        "mi": 1015.206506502028,
        "recent1": 0,
        "recent3": 0,
        "recent7": 2.999980116121848
    },
    "Travis": {
        "mi": 808.4417004692593,
        "recent1": 0,
        "recent3": 0,
        "recent7": 10.10001590710252
    },
    "Luke": {
        "mi": 169.00041259047168,
        "recent1": 0,
        "recent3": 0,
        "recent7": 0
    },
    "conor": {
        "mi": 25.448381452318454,
        "recent1": 0,
        "recent3": 0,
        "recent7": 0
    },
    "Brendan": {
        "mi": 40.85061987990137,
        "recent1": 0,
        "recent3": 0,
        "recent7": 0
    },
    "Tyler": {
        "mi": 113.99986578382249,
        "recent1": 0,
        "recent3": 0,
        "recent7": 0
    },
    "_meta": {
        "num_activities": 426,
        "time": "2024-03-28 16:18:28"
    }
}