{
    "Brib": {
        "mi": 3723.648828342481,
        "recent1": 11.565582001113496,
        "recent3": 37.036519227710166,
        "recent7": 118.72210043346853
    },
    "Justin": {
        "mi": 2863.8468841962936,
        "recent1": 39.194044281396636,
        "recent3": 39.194044281396636,
        "recent7": 39.194044281396636
    },
    "Botond": {
        "mi": 475.0865570070787,
        "recent1": 0,
        "recent3": 5.588550365863357,
        "recent7": 26.42673039449614
    },
    "Luke": {
        "mi": 313.535639366102,
        "recent1": 0,
        "recent3": 3.4926031973276066,
        "recent7": 3.4926031973276066
    },
    "Travis": {
        "mi": 989.6744884872344,
        "recent1": 0,
        "recent3": 0,
        "recent7": 0
    },
    "Jerome": {
        "mi": 1031.6958959675496,
        "recent1": 0,
        "recent3": 0,
        "recent7": 0
    },
    "conor": {
        "mi": 25.448381452318454,
        "recent1": 0,
        "recent3": 0,
        "recent7": 0
    },
    "Brendan": {
        "mi": 40.85061987990137,
        "recent1": 0,
        "recent3": 0,
        "recent7": 0
    },
    "Tyler": {
        "mi": 113.99986578382249,
        "recent1": 0,
        "recent3": 0,
        "recent7": 0
    },
    "_meta": {
        "num_activities": 860,
        "time": "2024-07-29 23:16:22"
    }
}