{
    "Brib": {
        "mi": 2588.5286178716306,
        "recent1": 24.338488228744133,
        "recent3": 61.523825856995146,
        "recent7": 61.523825856995146
    },
    "Luke": {
        "mi": 197.956185874493,
        "recent1": 1.1518979161695695,
        "recent3": 5.941364928815715,
        "recent7": 7.209272846575995
    },
    "Botond": {
        "mi": 68.13167352660464,
        "recent1": 2.978977769824226,
        "recent3": 9.418309572098941,
        "recent7": 68.13167352660464
    },
    "Justin": {
        "mi": 2494.5753673546487,
        "recent1": 18.707933170285532,
        "recent3": 18.707933170285532,
        "recent7": 77.22003499562554
    },
    "Jerome": {
        "mi": 1031.6958959675496,
        "recent1": 0,
        "recent3": 0,
        "recent7": 0
    },
    "Travis": {
        "mi": 808.4417004692593,
        "recent1": 0,
        "recent3": 0,
        "recent7": 0
    },
    "conor": {
        "mi": 25.448381452318454,
        "recent1": 0,
        "recent3": 0,
        "recent7": 0
    },
    "Brendan": {
        "mi": 40.85061987990137,
        "recent1": 0,
        "recent3": 0,
        "recent7": 0
    },
    "Tyler": {
        "mi": 113.99986578382249,
        "recent1": 0,
        "recent3": 0,
        "recent7": 0
    },
    "_meta": {
        "num_activities": 527,
        "time": "2024-05-05 20:15:14"
    }
}