{
    "Luke": {
        "mi": 308.4649397518492,
        "recent1": 8.452636602242901,
        "recent3": 13.12248966038336,
        "recent7": 28.179059293724645
    },
    "Botond": {
        "mi": 430.54008341286885,
        "recent1": 0,
        "recent3": 9.132913783504335,
        "recent7": 27.293729619024894
    },
    "Brib": {
        "mi": 3550.2949027678364,
        "recent1": 0,
        "recent3": 22.567207508152386,
        "recent7": 32.67318857870038
    },
    "Travis": {
        "mi": 989.6744884872344,
        "recent1": 0,
        "recent3": 3.506273363556828,
        "recent7": 10.252003300723773
    },
    "Justin": {
        "mi": 2824.652839914897,
        "recent1": 0,
        "recent3": 0,
        "recent7": 21.430284637715737
    },
    "Jerome": {
        "mi": 1031.6958959675496,
        "recent1": 0,
        "recent3": 0,
        "recent7": 0
    },
    "conor": {
        "mi": 25.448381452318454,
        "recent1": 0,
        "recent3": 0,
        "recent7": 0
    },
    "Brendan": {
        "mi": 40.85061987990137,
        "recent1": 0,
        "recent3": 0,
        "recent7": 0
    },
    "Tyler": {
        "mi": 113.99986578382249,
        "recent1": 0,
        "recent3": 0,
        "recent7": 0
    },
    "_meta": {
        "num_activities": 829,
        "time": "2024-07-20 16:20:49"
    }
}