{
    "Luke": {
        "mi": 184.4597550306212,
        "recent1": 1.5588960470850235,
        "recent3": 4.952204127893104,
        "recent7": 12.284384196293646
    },
    "Justin": {
        "mi": 2397.4959983695226,
        "recent1": 17.982482303348444,
        "recent3": 40.340846953789864,
        "recent7": 107.49634633738964
    },
    "Brib": {
        "mi": 2527.0047920146358,
        "recent1": 0,
        "recent3": 20.551417223415257,
        "recent7": 83.201043406506
    },
    "Jerome": {
        "mi": 1031.6958959675496,
        "recent1": 0,
        "recent3": 0,
        "recent7": 0
    },
    "Travis": {
        "mi": 808.4417004692593,
        "recent1": 0,
        "recent3": 0,
        "recent7": 0
    },
    "conor": {
        "mi": 25.448381452318454,
        "recent1": 0,
        "recent3": 0,
        "recent7": 0
    },
    "Brendan": {
        "mi": 40.85061987990137,
        "recent1": 0,
        "recent3": 0,
        "recent7": 0
    },
    "Tyler": {
        "mi": 113.99986578382249,
        "recent1": 0,
        "recent3": 0,
        "recent7": 0
    },
    "_meta": {
        "num_activities": 481,
        "time": "2024-04-27 19:11:28"
    }
}