{
    "Botond": {
        "mi": 198.91173049391543,
        "recent1": 5.6122246082876,
        "recent3": 20.84650640260876,
        "recent7": 46.50714825419549
    },
    "Justin": {
        "mi": 2649.494452397995,
        "recent1": 18.608948739362123,
        "recent3": 18.608948739362123,
        "recent7": 38.456476676210926
    },
    "Travis": {
        "mi": 905.4922999681855,
        "recent1": 4.189160303825658,
        "recent3": 4.189160303825658,
        "recent7": 4.189160303825658
    },
    "Luke": {
        "mi": 237.7644555794162,
        "recent1": 2.0615232044858027,
        "recent3": 2.0615232044858027,
        "recent7": 4.616787958323391
    },
    "Brib": {
        "mi": 2859.0108143442308,
        "recent1": 0,
        "recent3": 36.236255269227705,
        "recent7": 72.42634265887219
    },
    "Jerome": {
        "mi": 1031.6958959675496,
        "recent1": 0,
        "recent3": 0,
        "recent7": 0
    },
    "conor": {
        "mi": 25.448381452318454,
        "recent1": 0,
        "recent3": 0,
        "recent7": 0
    },
    "Brendan": {
        "mi": 40.85061987990137,
        "recent1": 0,
        "recent3": 0,
        "recent7": 0
    },
    "Tyler": {
        "mi": 113.99986578382249,
        "recent1": 0,
        "recent3": 0,
        "recent7": 0
    },
    "_meta": {
        "num_activities": 639,
        "time": "2024-05-29 16:20:47"
    }
}