{
    "Luke": {
        "mi": 287.9500591545375,
        "recent1": 7.6641786964129475,
        "recent3": 8.342218941382326,
        "recent7": 11.021198699594366
    },
    "Brib": {
        "mi": 3517.6217141891357,
        "recent1": 0,
        "recent3": 35.700260478803784,
        "recent7": 126.71454953074047
    },
    "Botond": {
        "mi": 403.246353793844,
        "recent1": 0,
        "recent3": 8.684905153901216,
        "recent7": 34.51816392269148
    },
    "Travis": {
        "mi": 979.4224851865106,
        "recent1": 0,
        "recent3": 4.215692853734192,
        "recent7": 23.089780680823985
    },
    "Justin": {
        "mi": 2803.222555277181,
        "recent1": 0,
        "recent3": 0,
        "recent7": 21.409903662610354
    },
    "Jerome": {
        "mi": 1031.6958959675496,
        "recent1": 0,
        "recent3": 0,
        "recent7": 0
    },
    "conor": {
        "mi": 25.448381452318454,
        "recent1": 0,
        "recent3": 0,
        "recent7": 0
    },
    "Brendan": {
        "mi": 40.85061987990137,
        "recent1": 0,
        "recent3": 0,
        "recent7": 0
    },
    "Tyler": {
        "mi": 113.99986578382249,
        "recent1": 0,
        "recent3": 0,
        "recent7": 0
    },
    "_meta": {
        "num_activities": 802,
        "time": "2024-07-14 15:50:46"
    }
}