{
    "Justin": {
        "mi": 277.52177284657597,
        "recent1": 44.03614143402529,
        "recent3": 121.14252763859062,
        "recent7": 216.95871112701818
    },
    "Jerome": {
        "mi": 256.886843334924,
        "recent1": 62.80714378032291,
        "recent3": 134.62709029269067,
        "recent7": 207.6022901256661
    },
    "Brib": {
        "mi": 269.55890101805454,
        "recent1": 41.109358844349,
        "recent3": 104.74789727988546,
        "recent7": 208.91673874572496
    },
    "Travis": {
        "mi": 175.94038316233198,
        "recent1": 4.200034299689811,
        "recent3": 51.2001784578064,
        "recent7": 107.80032112463213
    },
    "Tyler": {
        "mi": 16.3999741509584,
        "recent1": 0,
        "recent3": 1.499990058060924,
        "recent7": 12.599978624830985
    },
    "conor": {
        "mi": 7.710843672949971,
        "recent1": 0,
        "recent3": 0,
        "recent7": 0
    },
    "_meta": {
        "num_activities": 79,
        "time": "2024-01-13 14:28:29"
    }
}