{
    "Jerome": {
        "mi": 314.006700866937,
        "recent1": 21.44998210450966,
        "recent3": 88.71465640658553,
        "recent7": 264.7221476576791
    },
    "Brib": {
        "mi": 356.4751849200668,
        "recent1": 18.01889465521355,
        "recent3": 86.91628390201224,
        "recent7": 240.35184522389244
    },
    "Travis": {
        "mi": 185.74040105782228,
        "recent1": 7.400033802592857,
        "recent3": 9.800017895490335,
        "recent7": 81.50022617911397
    },
    "Justin": {
        "mi": 302.7125338025928,
        "recent1": 0,
        "recent3": 69.22690239004214,
        "recent7": 186.73055605265247
    },
    "Tyler": {
        "mi": 28.6999547641772,
        "recent1": 0,
        "recent3": 12.299980613218802,
        "recent7": 24.899959238049785
    },
    "conor": {
        "mi": 7.710843672949971,
        "recent1": 0,
        "recent3": 0,
        "recent7": 0
    },
    "_meta": {
        "num_activities": 94,
        "time": "2024-01-15 20:46:38"
    }
}