{
    "Brib": {
        "mi": 749.1838289389963,
        "recent1": 20.28360623956096,
        "recent3": 127.46268044619421,
        "recent7": 232.43570050902724
    },
    "Jerome": {
        "mi": 558.1935869521992,
        "recent1": 30.335528016384316,
        "recent3": 50.472552791696494,
        "recent7": 146.90755985047323
    },
    "Travis": {
        "mi": 351.2408782708979,
        "recent1": 6.60001839258729,
        "recent3": 21.10008798616082,
        "recent7": 45.700111349717645
    },
    "Tyler": {
        "mi": 88.19991251093612,
        "recent1": 0,
        "recent3": 9.999975145152309,
        "recent7": 26.99994531933508
    },
    "Justin": {
        "mi": 660.0457702020203,
        "recent1": 0,
        "recent3": 51.09311620138391,
        "recent7": 132.63180525729737
    },
    "Luke": {
        "mi": 67.42014137437364,
        "recent1": 0,
        "recent3": 19.54361528672552,
        "recent7": 27.92249512844985
    },
    "Brendan": {
        "mi": 35.08827199156923,
        "recent1": 0,
        "recent3": 22.79096327447705,
        "recent7": 35.08827199156923
    },
    "conor": {
        "mi": 7.710843672949971,
        "recent1": 0,
        "recent3": 0,
        "recent7": 0
    },
    "_meta": {
        "num_activities": 185,
        "time": "2024-01-30 18:18:20"
    }
}