{
    "Travis": {
        "mi": 195.74043834009385,
        "recent1": 10.000037282271533,
        "recent3": 17.40007108486439,
        "recent7": 71.00023363556828
    },
    "Jerome": {
        "mi": 329.2462643163922,
        "recent1": 15.239563449455181,
        "recent3": 36.68954555396484,
        "recent7": 206.98651127415891
    },
    "Justin": {
        "mi": 355.3797696452716,
        "recent1": 52.66723584267875,
        "recent3": 77.85799679869561,
        "recent7": 199.00052443728623
    },
    "Brib": {
        "mi": 373.9701393859858,
        "recent1": 17.494954465919033,
        "recent3": 51.93209158514276,
        "recent7": 209.15913564781673
    },
    "Tyler": {
        "mi": 43.69997961902489,
        "recent1": 15.00002485484769,
        "recent3": 15.00002485484769,
        "recent7": 28.799995526127415
    },
    "conor": {
        "mi": 7.710843672949971,
        "recent1": 0,
        "recent3": 0,
        "recent7": 0
    },
    "_meta": {
        "num_activities": 101,
        "time": "2024-01-17 02:06:56"
    }
}