{
    "Justin": {
        "mi": 375.8997454863597,
        "recent1": 20.51997584108804,
        "recent3": 73.18721168376679,
        "recent7": 198.74880696731088
    },
    "Travis": {
        "mi": 219.7405278175455,
        "recent1": 24.000089477451677,
        "recent3": 34.00012675972321,
        "recent7": 73.50025849041596
    },
    "Tyler": {
        "mi": 45.19996967708582,
        "recent1": 1.499990058060924,
        "recent3": 16.500014912908615,
        "recent7": 30.29998558418834
    },
    "Brib": {
        "mi": 394.5515688379861,
        "recent1": 20.560427105702697,
        "recent3": 56.0952785731329,
        "recent7": 204.27646295633497
    },
    "Jerome": {
        "mi": 329.2462643163922,
        "recent1": 0,
        "recent3": 36.68954555396484,
        "recent7": 175.5573699594369
    },
    "conor": {
        "mi": 7.710843672949971,
        "recent1": 0,
        "recent3": 0,
        "recent7": 0
    },
    "_meta": {
        "num_activities": 107,
        "time": "2024-01-18 13:30:24"
    }
}