{
    "Brib": {
        "mi": 394.5515688379861,
        "recent1": 20.581429452000318,
        "recent3": 56.0952785731329,
        "recent7": 229.74056509981702
    },
    "Travis": {
        "mi": 195.74043834009385,
        "recent1": 10.000037282271533,
        "recent3": 17.40007108486439,
        "recent7": 71.00023363556828
    },
    "Jerome": {
        "mi": 329.2462643163922,
        "recent1": 0,
        "recent3": 36.68954555396484,
        "recent7": 206.98651127415891
    },
    "Justin": {
        "mi": 355.3797696452716,
        "recent1": 0,
        "recent3": 52.66723584267875,
        "recent7": 199.00052443728623
    },
    "Tyler": {
        "mi": 43.69997961902489,
        "recent1": 0,
        "recent3": 15.00002485484769,
        "recent7": 28.799995526127415
    },
    "conor": {
        "mi": 7.710843672949971,
        "recent1": 0,
        "recent3": 0,
        "recent7": 0
    },
    "_meta": {
        "num_activities": 103,
        "time": "2024-01-17 18:19:43"
    }
}