{
    "Justin": {
        "mi": 1913.031023820886,
        "recent1": 12.367647936053446,
        "recent3": 50.81623319812295,
        "recent7": 114.48925773482858
    },
    "Travis": {
        "mi": 778.241693509902,
        "recent1": 1.1000134216177522,
        "recent3": 21.10008798616082,
        "recent7": 53.500121788753674
    },
    "Brib": {
        "mi": 1911.6856930525726,
        "recent1": 0,
        "recent3": 52.682459436888564,
        "recent7": 133.41293098305894
    },
    "Jerome": {
        "mi": 981.8705634096873,
        "recent1": 0,
        "recent3": 19.35167372544341,
        "recent7": 40.37054849677881
    },
    "Luke": {
        "mi": 169.00041259047168,
        "recent1": 0,
        "recent3": 0,
        "recent7": 5.848780621172353
    },
    "conor": {
        "mi": 25.448381452318454,
        "recent1": 0,
        "recent3": 0,
        "recent7": 0
    },
    "Brendan": {
        "mi": 40.85061987990137,
        "recent1": 0,
        "recent3": 0,
        "recent7": 0
    },
    "Tyler": {
        "mi": 113.99986578382249,
        "recent1": 0,
        "recent3": 0,
        "recent7": 0
    },
    "_meta": {
        "num_activities": 398,
        "time": "2024-03-17 20:14:58"
    }
}