{
    "Botond": {
        "mi": 344.0195508231927,
        "recent1": 3.3385652787719713,
        "recent3": 9.631253479678675,
        "recent7": 35.57076672234152
    },
    "Brib": {
        "mi": 3286.3943942376523,
        "recent1": 0,
        "recent3": 45.62219140221109,
        "recent7": 134.05393750497097
    },
    "Travis": {
        "mi": 949.1940815636681,
        "recent1": 0,
        "recent3": 4.186985504652827,
        "recent7": 5.869285870516185
    },
    "Luke": {
        "mi": 271.0616872464806,
        "recent1": 0,
        "recent3": 0,
        "recent7": 0.9956851984411039
    },
    "Justin": {
        "mi": 2781.8126516145703,
        "recent1": 0,
        "recent3": 0,
        "recent7": 0
    },
    "Jerome": {
        "mi": 1031.6958959675496,
        "recent1": 0,
        "recent3": 0,
        "recent7": 0
    },
    "conor": {
        "mi": 25.448381452318454,
        "recent1": 0,
        "recent3": 0,
        "recent7": 0
    },
    "Brendan": {
        "mi": 40.85061987990137,
        "recent1": 0,
        "recent3": 0,
        "recent7": 0
    },
    "Tyler": {
        "mi": 113.99986578382249,
        "recent1": 0,
        "recent3": 0,
        "recent7": 0
    },
    "_meta": {
        "num_activities": 752,
        "time": "2024-06-29 20:16:12"
    }
}