{
    "Luke": {
        "mi": 197.956185874493,
        "recent1": 5.941364928815715,
        "recent3": 5.941364928815715,
        "recent7": 11.938528990694344
    },
    "Botond": {
        "mi": 68.13167352660464,
        "recent1": 6.194387278294758,
        "recent3": 68.13167352660464,
        "recent7": 68.13167352660464
    },
    "Justin": {
        "mi": 2494.5753673546487,
        "recent1": 18.707933170285532,
        "recent3": 18.707933170285532,
        "recent7": 77.22003499562554
    },
    "Brib": {
        "mi": 2564.1901296428864,
        "recent1": 25.643678418038654,
        "recent3": 37.18533762825101,
        "recent7": 37.18533762825101
    },
    "Jerome": {
        "mi": 1031.6958959675496,
        "recent1": 0,
        "recent3": 0,
        "recent7": 0
    },
    "Travis": {
        "mi": 808.4417004692593,
        "recent1": 0,
        "recent3": 0,
        "recent7": 0
    },
    "conor": {
        "mi": 25.448381452318454,
        "recent1": 0,
        "recent3": 0,
        "recent7": 0
    },
    "Brendan": {
        "mi": 40.85061987990137,
        "recent1": 0,
        "recent3": 0,
        "recent7": 0
    },
    "Tyler": {
        "mi": 113.99986578382249,
        "recent1": 0,
        "recent3": 0,
        "recent7": 0
    },
    "_meta": {
        "num_activities": 526,
        "time": "2024-05-05 15:27:38"
    }
}