{
    "Botond": {
        "mi": 250.84431917601196,
        "recent1": 4.806554720432673,
        "recent3": 16.186657420663323,
        "recent7": 39.90464437683926
    },
    "Luke": {
        "mi": 267.69839139425756,
        "recent1": 5.546234987671995,
        "recent3": 7.175656665075956,
        "recent7": 16.34616340571065
    },
    "Justin": {
        "mi": 2701.5456608406894,
        "recent1": 0,
        "recent3": 20.8138844150163,
        "recent7": 52.05120844269465
    },
    "Brib": {
        "mi": 3003.5692804024507,
        "recent1": 0,
        "recent3": 35.48924282191999,
        "recent7": 71.71810377396007
    },
    "Travis": {
        "mi": 916.8554392348681,
        "recent1": 0,
        "recent3": 4.562480116121848,
        "recent7": 11.363139266682573
    },
    "Jerome": {
        "mi": 1031.6958959675496,
        "recent1": 0,
        "recent3": 0,
        "recent7": 0
    },
    "conor": {
        "mi": 25.448381452318454,
        "recent1": 0,
        "recent3": 0,
        "recent7": 0
    },
    "Brendan": {
        "mi": 40.85061987990137,
        "recent1": 0,
        "recent3": 0,
        "recent7": 0
    },
    "Tyler": {
        "mi": 113.99986578382249,
        "recent1": 0,
        "recent3": 0,
        "recent7": 0
    },
    "_meta": {
        "num_activities": 691,
        "time": "2024-06-08 22:15:37"
    }
}