{
    "Brib": {
        "mi": 3665.6053646703267,
        "recent1": 20.015670981468222,
        "recent3": 60.678636761313925,
        "recent7": 115.31046190248946
    },
    "Botond": {
        "mi": 460.4913554839736,
        "recent1": 8.632212876799489,
        "recent3": 17.217574365704284,
        "recent7": 32.917201045891986
    },
    "Luke": {
        "mi": 310.0430361687744,
        "recent1": 0,
        "recent3": 1.5780964169251568,
        "recent7": 13.52725085500676
    },
    "Travis": {
        "mi": 989.6744884872344,
        "recent1": 0,
        "recent3": 0,
        "recent7": 0
    },
    "Justin": {
        "mi": 2824.652839914897,
        "recent1": 0,
        "recent3": 0,
        "recent7": 0
    },
    "Jerome": {
        "mi": 1031.6958959675496,
        "recent1": 0,
        "recent3": 0,
        "recent7": 0
    },
    "conor": {
        "mi": 25.448381452318454,
        "recent1": 0,
        "recent3": 0,
        "recent7": 0
    },
    "Brendan": {
        "mi": 40.85061987990137,
        "recent1": 0,
        "recent3": 0,
        "recent7": 0
    },
    "Tyler": {
        "mi": 113.99986578382249,
        "recent1": 0,
        "recent3": 0,
        "recent7": 0
    },
    "_meta": {
        "num_activities": 846,
        "time": "2024-07-25 17:15:54"
    }
}