{
    "Luke": {
        "mi": 149.3168645112543,
        "recent1": 10.709083949733555,
        "recent3": 10.709083949733555,
        "recent7": 17.817197566213313
    },
    "Justin": {
        "mi": 1285.538455420345,
        "recent1": 21.164399904557385,
        "recent3": 77.92926807444525,
        "recent7": 224.15841485723374
    },
    "Brendan": {
        "mi": 40.85061987990137,
        "recent1": 2.0000074564543064,
        "recent3": 2.0000074564543064,
        "recent7": 2.65549192714547
    },
    "Travis": {
        "mi": 562.6412998091148,
        "recent1": 0,
        "recent3": 15.100065616797899,
        "recent7": 37.80012228585063
    },
    "Jerome": {
        "mi": 750.6074524775311,
        "recent1": 0,
        "recent3": 15.11721546170365,
        "recent7": 15.11721546170365
    },
    "Brib": {
        "mi": 1223.4847863477287,
        "recent1": 0,
        "recent3": 20.043632685118904,
        "recent7": 77.48405561520718
    },
    "Tyler": {
        "mi": 113.99986578382249,
        "recent1": 0,
        "recent3": 0,
        "recent7": 9.999975145152309
    },
    "conor": {
        "mi": 16.514741410164635,
        "recent1": 0,
        "recent3": 0,
        "recent7": 0
    },
    "_meta": {
        "num_activities": 292,
        "time": "2024-02-24 17:29:38"
    }
}