{
    "Botond": {
        "mi": 285.3938002067922,
        "recent1": 7.531826632466396,
        "recent3": 16.6442351666269,
        "recent7": 32.05585629921259
    },
    "Brib": {
        "mi": 3093.595713532968,
        "recent1": 0,
        "recent3": 0,
        "recent7": 90.02643313051777
    },
    "Justin": {
        "mi": 2754.6233744929605,
        "recent1": 0,
        "recent3": 0,
        "recent7": 53.07771365227074
    },
    "Travis": {
        "mi": 928.1632143283225,
        "recent1": 0,
        "recent3": 0,
        "recent7": 11.307775093454227
    },
    "Luke": {
        "mi": 267.69839139425756,
        "recent1": 0,
        "recent3": 0,
        "recent7": 0
    },
    "Jerome": {
        "mi": 1031.6958959675496,
        "recent1": 0,
        "recent3": 0,
        "recent7": 0
    },
    "conor": {
        "mi": 25.448381452318454,
        "recent1": 0,
        "recent3": 0,
        "recent7": 0
    },
    "Brendan": {
        "mi": 40.85061987990137,
        "recent1": 0,
        "recent3": 0,
        "recent7": 0
    },
    "Tyler": {
        "mi": 113.99986578382249,
        "recent1": 0,
        "recent3": 0,
        "recent7": 0
    },
    "_meta": {
        "num_activities": 714,
        "time": "2024-06-16 19:46:44"
    }
}