{
    "Brib": {
        "mi": 1880.0170752803626,
        "recent1": 21.013841664678278,
        "recent3": 81.2240888212837,
        "recent7": 137.40039419788434
    },
    "Justin": {
        "mi": 1878.4102093772374,
        "recent1": 16.19541875447387,
        "recent3": 39.16309999602322,
        "recent7": 100.07748498767198
    },
    "Travis": {
        "mi": 757.1416055237412,
        "recent1": 15.100003479678675,
        "recent3": 30.30004772130756,
        "recent7": 62.900100910681616
    },
    "Jerome": {
        "mi": 962.5188896842438,
        "recent1": 17.018859858426787,
        "recent3": 21.018874771335398,
        "recent7": 21.018874771335398
    },
    "Luke": {
        "mi": 169.00041259047168,
        "recent1": 0,
        "recent3": 2.3965044142209497,
        "recent7": 7.7698117990932944
    },
    "conor": {
        "mi": 25.448381452318454,
        "recent1": 0,
        "recent3": 0,
        "recent7": 0
    },
    "Brendan": {
        "mi": 40.85061987990137,
        "recent1": 0,
        "recent3": 0,
        "recent7": 0
    },
    "Tyler": {
        "mi": 113.99986578382249,
        "recent1": 0,
        "recent3": 0,
        "recent7": 0
    },
    "_meta": {
        "num_activities": 387,
        "time": "2024-03-15 17:13:45"
    }
}