{
    "Botond": {
        "mi": 100.14900481189854,
        "recent1": 4.373831822158593,
        "recent3": 12.635645331265406,
        "recent7": 27.958845343195733
    },
    "Luke": {
        "mi": 211.97991231209738,
        "recent1": 1.9979569315199235,
        "recent3": 5.615580012725681,
        "recent7": 10.0334670524139
    },
    "Brib": {
        "mi": 2729.2529751252696,
        "recent1": 41.17528632784538,
        "recent3": 62.6835530501869,
        "recent7": 120.46597868448262
    },
    "Justin": {
        "mi": 2575.102277698242,
        "recent1": 0,
        "recent3": 19.830937326016063,
        "recent7": 80.52691034359341
    },
    "Travis": {
        "mi": 867.8941854569314,
        "recent1": 0,
        "recent3": 0,
        "recent7": 2.0504627972639784
    },
    "Jerome": {
        "mi": 1031.6958959675496,
        "recent1": 0,
        "recent3": 0,
        "recent7": 0
    },
    "conor": {
        "mi": 25.448381452318454,
        "recent1": 0,
        "recent3": 0,
        "recent7": 0
    },
    "Brendan": {
        "mi": 40.85061987990137,
        "recent1": 0,
        "recent3": 0,
        "recent7": 0
    },
    "Tyler": {
        "mi": 113.99986578382249,
        "recent1": 0,
        "recent3": 0,
        "recent7": 0
    },
    "_meta": {
        "num_activities": 568,
        "time": "2024-05-13 22:30:18"
    }
}