{
    "Justin": {
        "mi": 1995.1261507794482,
        "recent1": 23.81777916964925,
        "recent3": 23.81777916964925,
        "recent7": 94.46277489461545
    },
    "Travis": {
        "mi": 808.4417004692593,
        "recent1": 10.10001590710252,
        "recent3": 20.20003181420504,
        "recent7": 31.3000203809751
    },
    "Brib": {
        "mi": 1983.2735574246396,
        "recent1": 23.29091853575121,
        "recent3": 40.816568738566765,
        "recent7": 71.58786437206712
    },
    "Jerome": {
        "mi": 1012.2065263859062,
        "recent1": 0,
        "recent3": 0,
        "recent7": 30.335962976218877
    },
    "Luke": {
        "mi": 169.00041259047168,
        "recent1": 0,
        "recent3": 0,
        "recent7": 0
    },
    "conor": {
        "mi": 25.448381452318454,
        "recent1": 0,
        "recent3": 0,
        "recent7": 0
    },
    "Brendan": {
        "mi": 40.85061987990137,
        "recent1": 0,
        "recent3": 0,
        "recent7": 0
    },
    "Tyler": {
        "mi": 113.99986578382249,
        "recent1": 0,
        "recent3": 0,
        "recent7": 0
    },
    "_meta": {
        "num_activities": 415,
        "time": "2024-03-23 21:12:04"
    }
}