{
    "Justin": {
        "mi": 2207.3046533245847,
        "recent1": 31.501282510140776,
        "recent3": 66.89185158673348,
        "recent7": 123.8467350672075
    },
    "Brib": {
        "mi": 2233.269145689176,
        "recent1": 20.511525192873616,
        "recent3": 20.511525192873616,
        "recent7": 103.96944345025052
    },
    "Luke": {
        "mi": 171.35528513481273,
        "recent1": 0,
        "recent3": 0,
        "recent7": 0
    },
    "Jerome": {
        "mi": 1031.6958959675496,
        "recent1": 0,
        "recent3": 0,
        "recent7": 0
    },
    "Travis": {
        "mi": 808.4417004692593,
        "recent1": 0,
        "recent3": 0,
        "recent7": 0
    },
    "conor": {
        "mi": 25.448381452318454,
        "recent1": 0,
        "recent3": 0,
        "recent7": 0
    },
    "Brendan": {
        "mi": 40.85061987990137,
        "recent1": 0,
        "recent3": 0,
        "recent7": 0
    },
    "Tyler": {
        "mi": 113.99986578382249,
        "recent1": 0,
        "recent3": 0,
        "recent7": 0
    },
    "_meta": {
        "num_activities": 448,
        "time": "2024-04-09 13:16:27"
    }
}