{
    "Travis": {
        "mi": 798.3416845621571,
        "recent1": 10.10001590710252,
        "recent3": 20.09999105225483,
        "recent7": 56.30008251809433
    },
    "Brib": {
        "mi": 1942.456988686073,
        "recent1": 17.512787819136243,
        "recent3": 30.771295633500355,
        "recent7": 106.52607522071105
    },
    "Justin": {
        "mi": 1971.3083716097988,
        "recent1": 19.16010498687664,
        "recent3": 37.72425286327845,
        "recent7": 109.0935809870357
    },
    "Jerome": {
        "mi": 1012.2065263859062,
        "recent1": 0,
        "recent3": 30.335962976218877,
        "recent7": 66.70649656008908
    },
    "Luke": {
        "mi": 169.00041259047168,
        "recent1": 0,
        "recent3": 0,
        "recent7": 0
    },
    "conor": {
        "mi": 25.448381452318454,
        "recent1": 0,
        "recent3": 0,
        "recent7": 0
    },
    "Brendan": {
        "mi": 40.85061987990137,
        "recent1": 0,
        "recent3": 0,
        "recent7": 0
    },
    "Tyler": {
        "mi": 113.99986578382249,
        "recent1": 0,
        "recent3": 0,
        "recent7": 0
    },
    "_meta": {
        "num_activities": 410,
        "time": "2024-03-20 23:46:49"
    }
}