{
    "Botond": {
        "mi": 65.1526957567804,
        "recent1": 3.2154095084705316,
        "recent3": 65.1526957567804,
        "recent7": 65.1526957567804
    },
    "Luke": {
        "mi": 195.26328740157481,
        "recent1": 3.2484664558975576,
        "recent3": 3.2484664558975576,
        "recent7": 10.80353237095363
    },
    "Brib": {
        "mi": 2538.546451224848,
        "recent1": 0,
        "recent3": 11.541659210212359,
        "recent7": 11.541659210212359
    },
    "Justin": {
        "mi": 2475.8674341843634,
        "recent1": 0,
        "recent3": 16.839967092181656,
        "recent7": 78.37143581484132
    },
    "Jerome": {
        "mi": 1031.6958959675496,
        "recent1": 0,
        "recent3": 0,
        "recent7": 0
    },
    "Travis": {
        "mi": 808.4417004692593,
        "recent1": 0,
        "recent3": 0,
        "recent7": 0
    },
    "conor": {
        "mi": 25.448381452318454,
        "recent1": 0,
        "recent3": 0,
        "recent7": 0
    },
    "Brendan": {
        "mi": 40.85061987990137,
        "recent1": 0,
        "recent3": 0,
        "recent7": 0
    },
    "Tyler": {
        "mi": 113.99986578382249,
        "recent1": 0,
        "recent3": 0,
        "recent7": 0
    },
    "_meta": {
        "num_activities": 520,
        "time": "2024-05-04 19:46:46"
    }
}