{
    "Botond": {
        "mi": 214.23138869004998,
        "recent1": 3.2917138908772765,
        "recent3": 3.2917138908772765,
        "recent7": 20.931882804422173
    },
    "Luke": {
        "mi": 253.12071253877357,
        "recent1": 1.768484550226676,
        "recent3": 9.264271653543306,
        "recent7": 17.417780163843155
    },
    "Brib": {
        "mi": 2931.851176628491,
        "recent1": 0,
        "recent3": 31.510913763620454,
        "recent7": 109.07661755348762
    },
    "Justin": {
        "mi": 2649.494452397995,
        "recent1": 0,
        "recent3": 0,
        "recent7": 18.608948739362123
    },
    "Travis": {
        "mi": 905.4922999681855,
        "recent1": 0,
        "recent3": 0,
        "recent7": 4.189160303825658
    },
    "Jerome": {
        "mi": 1031.6958959675496,
        "recent1": 0,
        "recent3": 0,
        "recent7": 0
    },
    "conor": {
        "mi": 25.448381452318454,
        "recent1": 0,
        "recent3": 0,
        "recent7": 0
    },
    "Brendan": {
        "mi": 40.85061987990137,
        "recent1": 0,
        "recent3": 0,
        "recent7": 0
    },
    "Tyler": {
        "mi": 113.99986578382249,
        "recent1": 0,
        "recent3": 0,
        "recent7": 0
    },
    "_meta": {
        "num_activities": 658,
        "time": "2024-06-03 13:19:10"
    }
}