{
    "Botond": {
        "mi": 159.14745386940263,
        "recent1": 6.742871629682653,
        "recent3": 21.726430147936053,
        "recent7": 42.38453680505845
    },
    "Luke": {
        "mi": 234.77497663644317,
        "recent1": 2.8558841366420102,
        "recent3": 11.2427796667462,
        "recent7": 15.571375666109915
    },
    "Brib": {
        "mi": 2786.5844716853585,
        "recent1": 17.828817207508152,
        "recent3": 38.106271872265964,
        "recent7": 38.106271872265964
    },
    "Travis": {
        "mi": 901.3031396643601,
        "recent1": 10.000534379225323,
        "recent3": 14.184102342320845,
        "recent7": 18.33946005328879
    },
    "Justin": {
        "mi": 2611.0379757217843,
        "recent1": 0,
        "recent3": 0,
        "recent7": 16.833877654497734
    },
    "Jerome": {
        "mi": 1031.6958959675496,
        "recent1": 0,
        "recent3": 0,
        "recent7": 0
    },
    "conor": {
        "mi": 25.448381452318454,
        "recent1": 0,
        "recent3": 0,
        "recent7": 0
    },
    "Brendan": {
        "mi": 40.85061987990137,
        "recent1": 0,
        "recent3": 0,
        "recent7": 0
    },
    "Tyler": {
        "mi": 113.99986578382249,
        "recent1": 0,
        "recent3": 0,
        "recent7": 0
    },
    "_meta": {
        "num_activities": 618,
        "time": "2024-05-22 23:17:50"
    }
}