{
    "Botond": {
        "mi": 385.3512362801241,
        "recent1": 6.388690050107372,
        "recent3": 16.623046408971604,
        "recent7": 32.00241837668018
    },
    "Travis": {
        "mi": 971.9487567605183,
        "recent1": 3.0012228585063228,
        "recent3": 22.754675196850393,
        "recent7": 22.754675196850393
    },
    "Brib": {
        "mi": 3468.1972903245046,
        "recent1": 20.849364710093056,
        "recent3": 77.2901256661099,
        "recent7": 181.80289608685277
    },
    "Luke": {
        "mi": 279.6078402131552,
        "recent1": 0,
        "recent3": 2.678979758212041,
        "recent7": 8.546152966674619
    },
    "Justin": {
        "mi": 2781.8126516145703,
        "recent1": 0,
        "recent3": 0,
        "recent7": 0
    },
    "Jerome": {
        "mi": 1031.6958959675496,
        "recent1": 0,
        "recent3": 0,
        "recent7": 0
    },
    "conor": {
        "mi": 25.448381452318454,
        "recent1": 0,
        "recent3": 0,
        "recent7": 0
    },
    "Brendan": {
        "mi": 40.85061987990137,
        "recent1": 0,
        "recent3": 0,
        "recent7": 0
    },
    "Tyler": {
        "mi": 113.99986578382249,
        "recent1": 0,
        "recent3": 0,
        "recent7": 0
    },
    "_meta": {
        "num_activities": 784,
        "time": "2024-07-09 23:18:52"
    }
}