{
    "Justin": {
        "mi": 2357.1551514157327,
        "recent1": 36.518295653384236,
        "recent3": 67.15549938359977,
        "recent7": 99.81694404676688
    },
    "Luke": {
        "mi": 177.3716495665315,
        "recent1": 2.9955683806569633,
        "recent3": 5.196278732203929,
        "recent7": 5.196278732203929
    },
    "Brib": {
        "mi": 2463.8245148333745,
        "recent1": 20.020766225244568,
        "recent3": 20.020766225244568,
        "recent7": 87.49540185317744
    },
    "Jerome": {
        "mi": 1031.6958959675496,
        "recent1": 0,
        "recent3": 0,
        "recent7": 0
    },
    "Travis": {
        "mi": 808.4417004692593,
        "recent1": 0,
        "recent3": 0,
        "recent7": 0
    },
    "conor": {
        "mi": 25.448381452318454,
        "recent1": 0,
        "recent3": 0,
        "recent7": 0
    },
    "Brendan": {
        "mi": 40.85061987990137,
        "recent1": 0,
        "recent3": 0,
        "recent7": 0
    },
    "Tyler": {
        "mi": 113.99986578382249,
        "recent1": 0,
        "recent3": 0,
        "recent7": 0
    },
    "_meta": {
        "num_activities": 471,
        "time": "2024-04-23 13:16:51"
    }
}