{
    "Botond": {
        "mi": 456.5979057305337,
        "recent1": 4.73876312335958,
        "recent3": 15.9279184562157,
        "recent7": 33.63531973276068
    },
    "Brib": {
        "mi": 3645.5896936888576,
        "recent1": 20.02803626819375,
        "recent3": 52.0343071462658,
        "recent7": 106.3720373021554
    },
    "Luke": {
        "mi": 310.0430361687744,
        "recent1": 0,
        "recent3": 1.5780964169251568,
        "recent7": 14.700586077308516
    },
    "Travis": {
        "mi": 989.6744884872344,
        "recent1": 0,
        "recent3": 0,
        "recent7": 3.506273363556828
    },
    "Justin": {
        "mi": 2824.652839914897,
        "recent1": 0,
        "recent3": 0,
        "recent7": 0
    },
    "Jerome": {
        "mi": 1031.6958959675496,
        "recent1": 0,
        "recent3": 0,
        "recent7": 0
    },
    "conor": {
        "mi": 25.448381452318454,
        "recent1": 0,
        "recent3": 0,
        "recent7": 0
    },
    "Brendan": {
        "mi": 40.85061987990137,
        "recent1": 0,
        "recent3": 0,
        "recent7": 0
    },
    "Tyler": {
        "mi": 113.99986578382249,
        "recent1": 0,
        "recent3": 0,
        "recent7": 0
    },
    "_meta": {
        "num_activities": 843,
        "time": "2024-07-24 21:27:42"
    }
}