{
    "Travis": {
        "mi": 704.2415418953312,
        "recent1": 10.000037282271533,
        "recent3": 12.100023363556826,
        "recent7": 69.10014266682573
    },
    "Brib": {
        "mi": 1767.7535691561282,
        "recent1": 25.136888073649885,
        "recent3": 75.15173884514435,
        "recent7": 334.3907206911636
    },
    "Jerome": {
        "mi": 941.5000149129085,
        "recent1": 0,
        "recent3": 17.028180426310346,
        "recent7": 99.14132714944722
    },
    "Justin": {
        "mi": 1778.3327243895658,
        "recent1": 0,
        "recent3": 0,
        "recent7": 237.75028831623317
    },
    "Luke": {
        "mi": 161.23060079137838,
        "recent1": 0,
        "recent3": 0,
        "recent7": 9.933177741986796
    },
    "conor": {
        "mi": 25.448381452318454,
        "recent1": 0,
        "recent3": 0,
        "recent7": 0
    },
    "Brendan": {
        "mi": 40.85061987990137,
        "recent1": 0,
        "recent3": 0,
        "recent7": 0
    },
    "Tyler": {
        "mi": 113.99986578382249,
        "recent1": 0,
        "recent3": 0,
        "recent7": 0
    },
    "_meta": {
        "num_activities": 360,
        "time": "2024-03-09 01:01:44"
    }
}