{
    "Luke": {
        "mi": 192.0148209456773,
        "recent1": 1.26790791776028,
        "recent3": 7.555065915056072,
        "recent7": 13.589201562872821
    },
    "Justin": {
        "mi": 2441.269548337708,
        "recent1": 23.91421597868448,
        "recent3": 23.91421597868448,
        "recent7": 84.11439692197567
    },
    "Brib": {
        "mi": 2527.0047920146358,
        "recent1": 0,
        "recent3": 0,
        "recent7": 41.17584556191839
    },
    "Jerome": {
        "mi": 1031.6958959675496,
        "recent1": 0,
        "recent3": 0,
        "recent7": 0
    },
    "Travis": {
        "mi": 808.4417004692593,
        "recent1": 0,
        "recent3": 0,
        "recent7": 0
    },
    "conor": {
        "mi": 25.448381452318454,
        "recent1": 0,
        "recent3": 0,
        "recent7": 0
    },
    "Brendan": {
        "mi": 40.85061987990137,
        "recent1": 0,
        "recent3": 0,
        "recent7": 0
    },
    "Tyler": {
        "mi": 113.99986578382249,
        "recent1": 0,
        "recent3": 0,
        "recent7": 0
    },
    "_meta": {
        "num_activities": 487,
        "time": "2024-04-30 22:15:00"
    }
}