{
    "Justin": {
        "mi": 1590.7750611429258,
        "recent1": 110.81664330310983,
        "recent3": 187.0076254672711,
        "recent7": 284.68481567644955
    },
    "Jerome": {
        "mi": 867.547211783186,
        "recent1": 69.28500059651634,
        "recent3": 84.40507436570428,
        "recent7": 116.93975930565496
    },
    "Brib": {
        "mi": 1482.0569747673583,
        "recent1": 99.88280939314403,
        "recent3": 192.43008331344942,
        "recent7": 258.5721884196293
    },
    "Luke": {
        "mi": 161.23060079137838,
        "recent1": 9.933177741986796,
        "recent3": 9.933177741986796,
        "recent7": 11.913736280124073
    },
    "Travis": {
        "mi": 655.2414524178796,
        "recent1": 20.100053189374055,
        "recent3": 47.50009941939076,
        "recent7": 88.400118309075
    },
    "conor": {
        "mi": 25.448381452318454,
        "recent1": 0,
        "recent3": 0,
        "recent7": 8.93364004215382
    },
    "Brendan": {
        "mi": 40.85061987990137,
        "recent1": 0,
        "recent3": 0,
        "recent7": 0
    },
    "Tyler": {
        "mi": 113.99986578382249,
        "recent1": 0,
        "recent3": 0,
        "recent7": 0
    },
    "_meta": {
        "num_activities": 333,
        "time": "2024-03-02 21:46:41"
    }
}