{
    "Luke": {
        "mi": 96.50348216416127,
        "recent1": 24.021588920703092,
        "recent3": 27.35139286566452,
        "recent7": 52.388178040244966
    },
    "Brib": {
        "mi": 811.8924853853496,
        "recent1": 21.1280496898115,
        "recent3": 62.7086564463533,
        "recent7": 190.17133689254752
    },
    "Justin": {
        "mi": 720.619395231846,
        "recent1": 20.205127057981386,
        "recent3": 60.57362502982581,
        "recent7": 131.92424988069672
    },
    "Tyler": {
        "mi": 100.49989312415494,
        "recent1": 5.29998558418834,
        "recent3": 12.2999806132188,
        "recent7": 32.29993090352342
    },
    "Travis": {
        "mi": 389.1409170444603,
        "recent1": 11.500027340332457,
        "recent3": 37.90003877356239,
        "recent7": 69.10014266682573
    },
    "Jerome": {
        "mi": 595.7578367334764,
        "recent1": 2.0000074564543064,
        "recent3": 37.56424978127734,
        "recent7": 108.63426340173388
    },
    "Brendan": {
        "mi": 38.1951279527559,
        "recent1": 0,
        "recent3": 3.1068559611866697,
        "recent7": 33.162021295633494
    },
    "conor": {
        "mi": 7.710843672949971,
        "recent1": 0,
        "recent3": 0,
        "recent7": 0
    },
    "_meta": {
        "num_activities": 206,
        "time": "2024-02-02 19:13:21"
    }
}