{
    "Botond": {
        "mi": 475.0865570070787,
        "recent1": 5.588550365863357,
        "recent3": 14.595201523105064,
        "recent7": 34.41656973276067
    },
    "Luke": {
        "mi": 313.535639366102,
        "recent1": 3.4926031973276066,
        "recent3": 3.4926031973276066,
        "recent7": 5.070699614252764
    },
    "Brib": {
        "mi": 3712.0832463413676,
        "recent1": 0,
        "recent3": 46.47788167104112,
        "recent7": 139.28283822476735
    },
    "Travis": {
        "mi": 989.6744884872344,
        "recent1": 0,
        "recent3": 0,
        "recent7": 0
    },
    "Justin": {
        "mi": 2824.652839914897,
        "recent1": 0,
        "recent3": 0,
        "recent7": 0
    },
    "Jerome": {
        "mi": 1031.6958959675496,
        "recent1": 0,
        "recent3": 0,
        "recent7": 0
    },
    "conor": {
        "mi": 25.448381452318454,
        "recent1": 0,
        "recent3": 0,
        "recent7": 0
    },
    "Brendan": {
        "mi": 40.85061987990137,
        "recent1": 0,
        "recent3": 0,
        "recent7": 0
    },
    "Tyler": {
        "mi": 113.99986578382249,
        "recent1": 0,
        "recent3": 0,
        "recent7": 0
    },
    "_meta": {
        "num_activities": 858,
        "time": "2024-07-28 16:46:57"
    }
}