{
    "Luke": {
        "mi": 163.15163196929933,
        "recent1": 1.9210311779209415,
        "recent3": 1.9210311779209415,
        "recent7": 1.9210311779209415
    },
    "Travis": {
        "mi": 724.7415717211484,
        "recent1": 20.500029825817222,
        "recent3": 30.500067108088757,
        "recent7": 53.40008102680346
    },
    "Justin": {
        "mi": 1798.5417660860583,
        "recent1": 0,
        "recent3": 20.20904169649248,
        "recent7": 165.67439900978286
    },
    "Brib": {
        "mi": 1778.2727620695139,
        "recent1": 0,
        "recent3": 35.65608098703571,
        "recent7": 215.69179740316548
    },
    "Jerome": {
        "mi": 941.5000149129085,
        "recent1": 0,
        "recent3": 0,
        "recent7": 52.783245844269466
    },
    "conor": {
        "mi": 25.448381452318454,
        "recent1": 0,
        "recent3": 0,
        "recent7": 0
    },
    "Brendan": {
        "mi": 40.85061987990137,
        "recent1": 0,
        "recent3": 0,
        "recent7": 0
    },
    "Tyler": {
        "mi": 113.99986578382249,
        "recent1": 0,
        "recent3": 0,
        "recent7": 0
    },
    "_meta": {
        "num_activities": 365,
        "time": "2024-03-10 21:46:38"
    }
}