{
    "Botond": {
        "mi": 308.44878410085096,
        "recent1": 9.432352561043505,
        "recent3": 12.654907838224766,
        "recent7": 30.586810526525092
    },
    "Luke": {
        "mi": 270.0660020480395,
        "recent1": 2.3676106537819135,
        "recent3": 2.3676106537819135,
        "recent7": 2.3676106537819135
    },
    "Travis": {
        "mi": 943.3247956931518,
        "recent1": 0,
        "recent3": 10.144381810228266,
        "recent7": 15.161581364829395
    },
    "Brib": {
        "mi": 3152.3404567326816,
        "recent1": 0,
        "recent3": 0,
        "recent7": 58.74474319971367
    },
    "Justin": {
        "mi": 2781.8126516145703,
        "recent1": 0,
        "recent3": 0,
        "recent7": 27.1892771216098
    },
    "Jerome": {
        "mi": 1031.6958959675496,
        "recent1": 0,
        "recent3": 0,
        "recent7": 0
    },
    "conor": {
        "mi": 25.448381452318454,
        "recent1": 0,
        "recent3": 0,
        "recent7": 0
    },
    "Brendan": {
        "mi": 40.85061987990137,
        "recent1": 0,
        "recent3": 0,
        "recent7": 0
    },
    "Tyler": {
        "mi": 113.99986578382249,
        "recent1": 0,
        "recent3": 0,
        "recent7": 0
    },
    "_meta": {
        "num_activities": 729,
        "time": "2024-06-22 18:46:27"
    }
}