{
    "Brib": {
        "mi": 3003.5692804024507,
        "recent1": 22.26167929292929,
        "recent3": 56.66147200349956,
        "recent7": 103.22901753758052
    },
    "Travis": {
        "mi": 916.8554392348681,
        "recent1": 4.562480116121848,
        "recent3": 4.562480116121848,
        "recent7": 11.363139266682573
    },
    "Botond": {
        "mi": 241.24326433627598,
        "recent1": 6.585602580927384,
        "recent3": 21.666778513481265,
        "recent7": 30.303589537103313
    },
    "Luke": {
        "mi": 262.15215640658556,
        "recent1": 1.629421677403961,
        "recent3": 4.27590372226199,
        "recent7": 16.12253191362443
    },
    "Justin": {
        "mi": 2680.731776425673,
        "recent1": 0,
        "recent3": 17.425174481030776,
        "recent7": 31.237324027678355
    },
    "Jerome": {
        "mi": 1031.6958959675496,
        "recent1": 0,
        "recent3": 0,
        "recent7": 0
    },
    "conor": {
        "mi": 25.448381452318454,
        "recent1": 0,
        "recent3": 0,
        "recent7": 0
    },
    "Brendan": {
        "mi": 40.85061987990137,
        "recent1": 0,
        "recent3": 0,
        "recent7": 0
    },
    "Tyler": {
        "mi": 113.99986578382249,
        "recent1": 0,
        "recent3": 0,
        "recent7": 0
    },
    "_meta": {
        "num_activities": 685,
        "time": "2024-06-07 17:15:00"
    }
}