{
    "Travis": {
        "mi": 943.3247956931518,
        "recent1": 10.144381810228266,
        "recent3": 10.144381810228266,
        "recent7": 15.161581364829395
    },
    "Botond": {
        "mi": 299.01643153980746,
        "recent1": 3.222555277181261,
        "recent3": 5.6125352938837185,
        "recent7": 30.26686649964209
    },
    "Brib": {
        "mi": 3152.3404567326816,
        "recent1": 0,
        "recent3": 41.54612065537262,
        "recent7": 58.74474319971367
    },
    "Justin": {
        "mi": 2781.8126516145703,
        "recent1": 0,
        "recent3": 0,
        "recent7": 27.1892771216098
    },
    "Luke": {
        "mi": 267.69839139425756,
        "recent1": 0,
        "recent3": 0,
        "recent7": 0
    },
    "Jerome": {
        "mi": 1031.6958959675496,
        "recent1": 0,
        "recent3": 0,
        "recent7": 0
    },
    "conor": {
        "mi": 25.448381452318454,
        "recent1": 0,
        "recent3": 0,
        "recent7": 0
    },
    "Brendan": {
        "mi": 40.85061987990137,
        "recent1": 0,
        "recent3": 0,
        "recent7": 0
    },
    "Tyler": {
        "mi": 113.99986578382249,
        "recent1": 0,
        "recent3": 0,
        "recent7": 0
    },
    "_meta": {
        "num_activities": 725,
        "time": "2024-06-20 23:18:18"
    }
}