{
    "Brib": {
        "mi": 2822.774559075003,
        "recent1": 36.190087389644475,
        "recent3": 54.01890459715263,
        "recent7": 74.29635926191044
    },
    "Justin": {
        "mi": 2630.885503658633,
        "recent1": 19.847527936848802,
        "recent3": 19.847527936848802,
        "recent7": 36.68140559134653
    },
    "Luke": {
        "mi": 235.7029323749304,
        "recent1": 0.9279557384872346,
        "recent3": 7.598126938678119,
        "recent7": 13.989737433389006
    },
    "Botond": {
        "mi": 165.494760598107,
        "recent1": 3.086288574723614,
        "recent3": 17.849881690925,
        "recent7": 44.58493647100931
    },
    "Travis": {
        "mi": 901.3031396643601,
        "recent1": 0,
        "recent3": 10.000534379225323,
        "recent7": 14.184102342320845
    },
    "Jerome": {
        "mi": 1031.6958959675496,
        "recent1": 0,
        "recent3": 0,
        "recent7": 0
    },
    "conor": {
        "mi": 25.448381452318454,
        "recent1": 0,
        "recent3": 0,
        "recent7": 0
    },
    "Brendan": {
        "mi": 40.85061987990137,
        "recent1": 0,
        "recent3": 0,
        "recent7": 0
    },
    "Tyler": {
        "mi": 113.99986578382249,
        "recent1": 0,
        "recent3": 0,
        "recent7": 0
    },
    "_meta": {
        "num_activities": 625,
        "time": "2024-05-24 16:18:31"
    }
}