{
    "Botond": {
        "mi": 210.9396747991727,
        "recent1": 8.97837876799491,
        "recent3": 17.640168913544898,
        "recent7": 45.44491420106577
    },
    "Brib": {
        "mi": 2900.3402628648705,
        "recent1": 20.633811043505926,
        "recent3": 77.56570378986716,
        "recent7": 93.07780064423763
    },
    "Luke": {
        "mi": 241.32659021315516,
        "recent1": 0,
        "recent3": 5.623657838224767,
        "recent7": 5.623657838224767
    },
    "Justin": {
        "mi": 2649.494452397995,
        "recent1": 0,
        "recent3": 18.608948739362123,
        "recent7": 38.456476676210926
    },
    "Travis": {
        "mi": 905.4922999681855,
        "recent1": 0,
        "recent3": 4.189160303825658,
        "recent7": 4.189160303825658
    },
    "Jerome": {
        "mi": 1031.6958959675496,
        "recent1": 0,
        "recent3": 0,
        "recent7": 0
    },
    "conor": {
        "mi": 25.448381452318454,
        "recent1": 0,
        "recent3": 0,
        "recent7": 0
    },
    "Brendan": {
        "mi": 40.85061987990137,
        "recent1": 0,
        "recent3": 0,
        "recent7": 0
    },
    "Tyler": {
        "mi": 113.99986578382249,
        "recent1": 0,
        "recent3": 0,
        "recent7": 0
    },
    "_meta": {
        "num_activities": 651,
        "time": "2024-05-30 23:27:47"
    }
}