{
    "Justin": {
        "mi": 2504.5710550385743,
        "recent1": 9.995687683925873,
        "recent3": 28.703620854211405,
        "recent7": 82.26438847132744
    },
    "Luke": {
        "mi": 201.9464452596835,
        "recent1": 3.990259385190487,
        "recent3": 9.931624314006202,
        "recent7": 11.199532231766481
    },
    "Botond": {
        "mi": 72.19015946870277,
        "recent1": 4.058485942098146,
        "recent3": 10.252873220392903,
        "recent7": 72.19015946870277
    },
    "Travis": {
        "mi": 865.8437226596673,
        "recent1": 57.40202219040801,
        "recent3": 57.40202219040801,
        "recent7": 57.40202219040801
    },
    "Brib": {
        "mi": 2608.786996440787,
        "recent1": 20.258378569156125,
        "recent3": 70.24054521593891,
        "recent7": 81.78220442615127
    },
    "Jerome": {
        "mi": 1031.6958959675496,
        "recent1": 0,
        "recent3": 0,
        "recent7": 0
    },
    "conor": {
        "mi": 25.448381452318454,
        "recent1": 0,
        "recent3": 0,
        "recent7": 0
    },
    "Brendan": {
        "mi": 40.85061987990137,
        "recent1": 0,
        "recent3": 0,
        "recent7": 0
    },
    "Tyler": {
        "mi": 113.99986578382249,
        "recent1": 0,
        "recent3": 0,
        "recent7": 0
    },
    "_meta": {
        "num_activities": 541,
        "time": "2024-05-06 23:47:00"
    }
}