{
    "Travis": {
        "mi": 783.2416810824782,
        "recent1": 4.9999875725761544,
        "recent3": 16.10003827646544,
        "recent7": 56.40012328004454
    },
    "Jerome": {
        "mi": 996.9826836276146,
        "recent1": 15.112120217927302,
        "recent3": 21.378338006044697,
        "recent7": 55.48266871470611
    },
    "Justin": {
        "mi": 1933.5841187465205,
        "recent1": 20.553094925634294,
        "recent3": 55.17390936928338,
        "recent7": 114.6825041756144
    },
    "Brib": {
        "mi": 1911.6856930525726,
        "recent1": 0,
        "recent3": 31.66861777221029,
        "recent7": 112.892706593494
    },
    "Luke": {
        "mi": 169.00041259047168,
        "recent1": 0,
        "recent3": 0,
        "recent7": 4.139885568281238
    },
    "conor": {
        "mi": 25.448381452318454,
        "recent1": 0,
        "recent3": 0,
        "recent7": 0
    },
    "Brendan": {
        "mi": 40.85061987990137,
        "recent1": 0,
        "recent3": 0,
        "recent7": 0
    },
    "Tyler": {
        "mi": 113.99986578382249,
        "recent1": 0,
        "recent3": 0,
        "recent7": 0
    },
    "_meta": {
        "num_activities": 402,
        "time": "2024-03-18 22:14:14"
    }
}