{
    "Botond": {
        "mi": 315.1647503579098,
        "recent1": 9.928455320925792,
        "recent3": 16.148318818102283,
        "recent7": 33.911270679233276
    },
    "Travis": {
        "mi": 945.0070960590151,
        "recent1": 1.682300365863358,
        "recent3": 11.826682176091623,
        "recent7": 16.84388173069275
    },
    "Luke": {
        "mi": 270.0660020480395,
        "recent1": 0,
        "recent3": 2.3676106537819135,
        "recent7": 2.3676106537819135
    },
    "Brib": {
        "mi": 3152.3404567326816,
        "recent1": 0,
        "recent3": 0,
        "recent7": 58.74474319971367
    },
    "Justin": {
        "mi": 2781.8126516145703,
        "recent1": 0,
        "recent3": 0,
        "recent7": 27.1892771216098
    },
    "Jerome": {
        "mi": 1031.6958959675496,
        "recent1": 0,
        "recent3": 0,
        "recent7": 0
    },
    "conor": {
        "mi": 25.448381452318454,
        "recent1": 0,
        "recent3": 0,
        "recent7": 0
    },
    "Brendan": {
        "mi": 40.85061987990137,
        "recent1": 0,
        "recent3": 0,
        "recent7": 0
    },
    "Tyler": {
        "mi": 113.99986578382249,
        "recent1": 0,
        "recent3": 0,
        "recent7": 0
    },
    "_meta": {
        "num_activities": 733,
        "time": "2024-06-23 17:46:46"
    }
}