{
    "Botond": {
        "mi": 175.6816441978843,
        "recent1": 10.1868835997773,
        "recent3": 23.27706195816432,
        "recent7": 50.72215759961823
    },
    "Brib": {
        "mi": 2822.774559075003,
        "recent1": 0,
        "recent3": 36.190087389644475,
        "recent7": 74.29635926191044
    },
    "Justin": {
        "mi": 2630.885503658633,
        "recent1": 0,
        "recent3": 19.847527936848802,
        "recent7": 19.847527936848802
    },
    "Luke": {
        "mi": 235.7029323749304,
        "recent1": 0,
        "recent3": 2.555264753837588,
        "recent7": 12.89314155332856
    },
    "Travis": {
        "mi": 901.3031396643601,
        "recent1": 0,
        "recent3": 0,
        "recent7": 14.184102342320845
    },
    "Jerome": {
        "mi": 1031.6958959675496,
        "recent1": 0,
        "recent3": 0,
        "recent7": 0
    },
    "conor": {
        "mi": 25.448381452318454,
        "recent1": 0,
        "recent3": 0,
        "recent7": 0
    },
    "Brendan": {
        "mi": 40.85061987990137,
        "recent1": 0,
        "recent3": 0,
        "recent7": 0
    },
    "Tyler": {
        "mi": 113.99986578382249,
        "recent1": 0,
        "recent3": 0,
        "recent7": 0
    },
    "_meta": {
        "num_activities": 629,
        "time": "2024-05-25 20:15:45"
    }
}