{
    "Jerome": {
        "mi": 401.33371112701826,
        "recent1": 26.876168177841404,
        "recent3": 72.08744681062593,
        "recent7": 144.44686779209414
    },
    "Travis": {
        "mi": 281.9406540801718,
        "recent1": 50.100102899069434,
        "recent3": 84.20020828362362,
        "recent7": 104.0002634613855
    },
    "Justin": {
        "mi": 426.0805023661815,
        "recent1": 50.180756879821836,
        "recent3": 70.70073272090988,
        "recent7": 148.5587295196055
    },
    "Brib": {
        "mi": 431.50842827885145,
        "recent1": 16.52623677722103,
        "recent3": 57.538288892865666,
        "recent7": 161.9495272607969
    },
    "Luke": {
        "mi": 32.23220144356955,
        "recent1": 1.5371480553567167,
        "recent3": 7.822628350433467,
        "recent7": 29.23029507675177
    },
    "Tyler": {
        "mi": 45.19996967708582,
        "recent1": 0,
        "recent3": 1.499990058060924,
        "recent7": 28.799995526127418
    },
    "conor": {
        "mi": 7.710843672949971,
        "recent1": 0,
        "recent3": 0,
        "recent7": 0
    },
    "_meta": {
        "num_activities": 131,
        "time": "2024-01-20 04:25:14"
    }
}