{
    "Brendan": {
        "mi": 43.87837528831623,
        "recent1": 3.027755408414857,
        "recent3": 5.027762864869164,
        "recent7": 5.027762864869164
    },
    "Justin": {
        "mi": 1347.7986061401411,
        "recent1": 20.400424023701582,
        "recent3": 83.42455062435377,
        "recent7": 200.64057156207744
    },
    "conor": {
        "mi": 25.448381452318454,
        "recent1": 0,
        "recent3": 8.93364004215382,
        "recent7": 8.93364004215382
    },
    "Luke": {
        "mi": 151.29742304939157,
        "recent1": 0,
        "recent3": 12.689642487870834,
        "recent7": 14.063618468146027
    },
    "Travis": {
        "mi": 566.8413341088046,
        "recent1": 0,
        "recent3": 4.200034299689811,
        "recent7": 39.90017050425515
    },
    "Jerome": {
        "mi": 750.6074524775311,
        "recent1": 0,
        "recent3": 0,
        "recent7": 15.11721546170365
    },
    "Brib": {
        "mi": 1223.4847863477287,
        "recent1": 0,
        "recent3": 0,
        "recent7": 77.48405561520718
    },
    "Tyler": {
        "mi": 113.99986578382249,
        "recent1": 0,
        "recent3": 0,
        "recent7": 9.999975145152309
    },
    "_meta": {
        "num_activities": 299,
        "time": "2024-02-26 20:27:54"
    }
}