{
    "Justin": {
        "mi": 954.9028672552292,
        "recent1": 50.42079257138312,
        "recent3": 112.213112920544,
        "recent7": 177.9024869760598
    },
    "Luke": {
        "mi": 126.71423884514432,
        "recent1": 3.2149745486359658,
        "recent3": 3.2149745486359658,
        "recent7": 3.2149745486359658
    },
    "Travis": {
        "mi": 471.0410577228982,
        "recent1": 1.6000308200111348,
        "recent3": 33.10007058776743,
        "recent7": 66.30005766324663
    },
    "conor": {
        "mi": 11.888632883957685,
        "recent1": 4.177789211007714,
        "recent3": 4.177789211007714,
        "recent7": 4.177789211007714
    },
    "Jerome": {
        "mi": 714.357154219359,
        "recent1": 19.009733158355203,
        "recent3": 52.035674162888725,
        "recent7": 114.59930257297384
    },
    "Brib": {
        "mi": 1090.7644356955377,
        "recent1": 0,
        "recent3": 71.59606647180465,
        "recent7": 154.99594865982658
    },
    "Tyler": {
        "mi": 103.99989063867017,
        "recent1": 0,
        "recent3": 0,
        "recent7": 3.4999975145152304
    },
    "Brendan": {
        "mi": 38.1951279527559,
        "recent1": 0,
        "recent3": 0,
        "recent7": 0
    },
    "_meta": {
        "num_activities": 246,
        "time": "2024-02-11 21:46:44"
    }
}