{
    "Brendan": {
        "mi": 5.033106657122405,
        "recent1": 4.649969179988864,
        "recent3": 5.033106657122405,
        "recent7": 5.033106657122405
    },
    "Brib": {
        "mi": 561.2765201224846,
        "recent1": 23.2277872226199,
        "recent3": 87.27040334446829,
        "recent7": 166.7249512844985
    },
    "Justin": {
        "mi": 547.7691531456295,
        "recent1": 20.355188200906703,
        "recent3": 96.4327701224847,
        "recent7": 192.38938350035792
    },
    "Tyler": {
        "mi": 68.1999622206315,
        "recent1": 6.999995029030461,
        "recent3": 22.999992543545687,
        "recent7": 24.49998260160661
    },
    "Jerome": {
        "mi": 443.6210033404916,
        "recent1": 32.334976238765606,
        "recent3": 57.514925336037535,
        "recent7": 128.5178308677324
    },
    "Travis": {
        "mi": 307.54077437763465,
        "recent1": 2.0000074564543064,
        "recent3": 23.40009345422731,
        "recent7": 109.80032858108643
    },
    "Luke": {
        "mi": 39.49764624592379,
        "recent1": 0,
        "recent3": 0,
        "recent7": 11.1582110474827
    },
    "conor": {
        "mi": 7.710843672949971,
        "recent1": 0,
        "recent3": 0,
        "recent7": 0
    },
    "_meta": {
        "num_activities": 149,
        "time": "2024-01-24 21:13:46"
    }
}