{
    "Travis": {
        "mi": 503.54113228744126,
        "recent1": 6.000022369362919,
        "recent3": 8.200049212598424,
        "recent7": 65.60014515231049
    },
    "Justin": {
        "mi": 1010.5477138511094,
        "recent1": 20.289695677244886,
        "recent3": 55.644846595880054,
        "recent7": 167.85795951642407
    },
    "Brib": {
        "mi": 1146.0007307325216,
        "recent1": 0,
        "recent3": 35.03228644714865,
        "recent7": 126.83236150878867
    },
    "Luke": {
        "mi": 129.56098882526047,
        "recent1": 0,
        "recent3": 2.8467499801161216,
        "recent7": 6.061724528752087
    },
    "Jerome": {
        "mi": 735.4902370158276,
        "recent1": 0,
        "recent3": 0,
        "recent7": 73.16875695935735
    },
    "conor": {
        "mi": 11.888632883957685,
        "recent1": 0,
        "recent3": 0,
        "recent7": 4.177789211007714
    },
    "Tyler": {
        "mi": 103.99989063867017,
        "recent1": 0,
        "recent3": 0,
        "recent7": 0
    },
    "Brendan": {
        "mi": 38.1951279527559,
        "recent1": 0,
        "recent3": 0,
        "recent7": 0
    },
    "_meta": {
        "num_activities": 257,
        "time": "2024-02-15 21:13:45"
    }
}