{
    "Luke": {
        "mi": 276.92886045494316,
        "recent1": 2.4401246719160103,
        "recent3": 5.867173208462578,
        "recent7": 5.867173208462578
    },
    "Brib": {
        "mi": 3350.389289051937,
        "recent1": 21.565867831861926,
        "recent3": 63.99489481428458,
        "recent7": 63.99489481428458
    },
    "Botond": {
        "mi": 366.2279786049472,
        "recent1": 4.184810705479997,
        "recent3": 12.87916070150322,
        "recent7": 25.54699306052652
    },
    "Travis": {
        "mi": 949.1940815636681,
        "recent1": 0,
        "recent3": 0,
        "recent7": 0
    },
    "Justin": {
        "mi": 2781.8126516145703,
        "recent1": 0,
        "recent3": 0,
        "recent7": 0
    },
    "Jerome": {
        "mi": 1031.6958959675496,
        "recent1": 0,
        "recent3": 0,
        "recent7": 0
    },
    "conor": {
        "mi": 25.448381452318454,
        "recent1": 0,
        "recent3": 0,
        "recent7": 0
    },
    "Brendan": {
        "mi": 40.85061987990137,
        "recent1": 0,
        "recent3": 0,
        "recent7": 0
    },
    "Tyler": {
        "mi": 113.99986578382249,
        "recent1": 0,
        "recent3": 0,
        "recent7": 0
    },
    "_meta": {
        "num_activities": 767,
        "time": "2024-07-05 22:16:53"
    }
}