{
    "Brib": {
        "mi": 2485.828946452718,
        "recent1": 22.004431619343034,
        "recent3": 42.0251978445876,
        "recent7": 109.49983347252046
    },
    "Justin": {
        "mi": 2357.1551514157327,
        "recent1": 16.99313509106816,
        "recent3": 67.15549938359977,
        "recent7": 84.71004334685436
    },
    "Luke": {
        "mi": 177.3716495665315,
        "recent1": 2.9955683806569633,
        "recent3": 5.196278732203929,
        "recent7": 5.196278732203929
    },
    "Jerome": {
        "mi": 1031.6958959675496,
        "recent1": 0,
        "recent3": 0,
        "recent7": 0
    },
    "Travis": {
        "mi": 808.4417004692593,
        "recent1": 0,
        "recent3": 0,
        "recent7": 0
    },
    "conor": {
        "mi": 25.448381452318454,
        "recent1": 0,
        "recent3": 0,
        "recent7": 0
    },
    "Brendan": {
        "mi": 40.85061987990137,
        "recent1": 0,
        "recent3": 0,
        "recent7": 0
    },
    "Tyler": {
        "mi": 113.99986578382249,
        "recent1": 0,
        "recent3": 0,
        "recent7": 0
    },
    "_meta": {
        "num_activities": 472,
        "time": "2024-04-23 17:14:26"
    }
}