{
    "Botond": {
        "mi": 351.7911024616243,
        "recent1": 3.8855583392984965,
        "recent3": 7.771551638431559,
        "recent7": 26.92830122087011
    },
    "Brib": {
        "mi": 3286.3943942376523,
        "recent1": 0,
        "recent3": 0,
        "recent7": 80.64745635488745
    },
    "Travis": {
        "mi": 949.1940815636681,
        "recent1": 0,
        "recent3": 0,
        "recent7": 4.186985504652827
    },
    "Luke": {
        "mi": 271.0616872464806,
        "recent1": 0,
        "recent3": 0,
        "recent7": 0
    },
    "Justin": {
        "mi": 2781.8126516145703,
        "recent1": 0,
        "recent3": 0,
        "recent7": 0
    },
    "Jerome": {
        "mi": 1031.6958959675496,
        "recent1": 0,
        "recent3": 0,
        "recent7": 0
    },
    "conor": {
        "mi": 25.448381452318454,
        "recent1": 0,
        "recent3": 0,
        "recent7": 0
    },
    "Brendan": {
        "mi": 40.85061987990137,
        "recent1": 0,
        "recent3": 0,
        "recent7": 0
    },
    "Tyler": {
        "mi": 113.99986578382249,
        "recent1": 0,
        "recent3": 0,
        "recent7": 0
    },
    "_meta": {
        "num_activities": 756,
        "time": "2024-07-02 22:31:12"
    }
}