{
    "Justin": {
        "mi": 2535.994541875447,
        "recent1": 16.63031645192078,
        "recent3": 41.419174520798535,
        "recent7": 76.96707478326572
    },
    "Botond": {
        "mi": 78.45612870834329,
        "recent1": 3.0830574445239796,
        "recent3": 13.303432951562872,
        "recent7": 78.45612870834329
    },
    "Brib": {
        "mi": 2629.29535264058,
        "recent1": 20.508356199793205,
        "recent3": 65.10522299769346,
        "recent7": 102.29056062594448
    },
    "Luke": {
        "mi": 203.06087449296112,
        "recent1": 1.1144292332776584,
        "recent3": 6.256586534637715,
        "recent7": 11.046053547283861
    },
    "Travis": {
        "mi": 865.8437226596673,
        "recent1": 0,
        "recent3": 57.40202219040801,
        "recent7": 57.40202219040801
    },
    "Jerome": {
        "mi": 1031.6958959675496,
        "recent1": 0,
        "recent3": 0,
        "recent7": 0
    },
    "conor": {
        "mi": 25.448381452318454,
        "recent1": 0,
        "recent3": 0,
        "recent7": 0
    },
    "Brendan": {
        "mi": 40.85061987990137,
        "recent1": 0,
        "recent3": 0,
        "recent7": 0
    },
    "Tyler": {
        "mi": 113.99986578382249,
        "recent1": 0,
        "recent3": 0,
        "recent7": 0
    },
    "_meta": {
        "num_activities": 548,
        "time": "2024-05-08 13:18:57"
    }
}