{
    "Luke": {
        "mi": 270.0660020480395,
        "recent1": 2.3676106537819135,
        "recent3": 2.3676106537819135,
        "recent7": 2.3676106537819135
    },
    "Botond": {
        "mi": 305.2362950369839,
        "recent1": 6.219863497176489,
        "recent3": 9.44241877435775,
        "recent7": 31.624748966038336
    },
    "Travis": {
        "mi": 943.3247956931518,
        "recent1": 0,
        "recent3": 10.144381810228266,
        "recent7": 15.161581364829395
    },
    "Brib": {
        "mi": 3152.3404567326816,
        "recent1": 0,
        "recent3": 20.53569653225165,
        "recent7": 58.74474319971367
    },
    "Justin": {
        "mi": 2781.8126516145703,
        "recent1": 0,
        "recent3": 0,
        "recent7": 27.1892771216098
    },
    "Jerome": {
        "mi": 1031.6958959675496,
        "recent1": 0,
        "recent3": 0,
        "recent7": 0
    },
    "conor": {
        "mi": 25.448381452318454,
        "recent1": 0,
        "recent3": 0,
        "recent7": 0
    },
    "Brendan": {
        "mi": 40.85061987990137,
        "recent1": 0,
        "recent3": 0,
        "recent7": 0
    },
    "Tyler": {
        "mi": 113.99986578382249,
        "recent1": 0,
        "recent3": 0,
        "recent7": 0
    },
    "_meta": {
        "num_activities": 728,
        "time": "2024-06-22 17:13:04"
    }
}