{
    "Botond": {
        "mi": 346.3605046528276,
        "recent1": 2.3409538296349317,
        "recent3": 8.905305515787798,
        "recent7": 28.125497096953787
    },
    "Brib": {
        "mi": 3286.3943942376523,
        "recent1": 0,
        "recent3": 24.037682434582038,
        "recent7": 134.05393750497097
    },
    "Travis": {
        "mi": 949.1940815636681,
        "recent1": 0,
        "recent3": 0,
        "recent7": 4.186985504652827
    },
    "Luke": {
        "mi": 271.0616872464806,
        "recent1": 0,
        "recent3": 0,
        "recent7": 0.9956851984411039
    },
    "Justin": {
        "mi": 2781.8126516145703,
        "recent1": 0,
        "recent3": 0,
        "recent7": 0
    },
    "Jerome": {
        "mi": 1031.6958959675496,
        "recent1": 0,
        "recent3": 0,
        "recent7": 0
    },
    "conor": {
        "mi": 25.448381452318454,
        "recent1": 0,
        "recent3": 0,
        "recent7": 0
    },
    "Brendan": {
        "mi": 40.85061987990137,
        "recent1": 0,
        "recent3": 0,
        "recent7": 0
    },
    "Tyler": {
        "mi": 113.99986578382249,
        "recent1": 0,
        "recent3": 0,
        "recent7": 0
    },
    "_meta": {
        "num_activities": 753,
        "time": "2024-07-01 16:20:03"
    }
}