{
    "Brib": {
        "mi": 728.9002226994353,
        "recent1": 51.121015767915374,
        "recent3": 128.80925395689175,
        "recent7": 233.75195110554358
    },
    "Tyler": {
        "mi": 88.19991251093612,
        "recent1": 9.999975145152309,
        "recent3": 19.999950290304618,
        "recent7": 42.999942833850305
    },
    "Justin": {
        "mi": 660.0457702020203,
        "recent1": 51.09311620138391,
        "recent3": 71.3506248508709,
        "recent7": 153.11058418834008
    },
    "Travis": {
        "mi": 344.6408598783106,
        "recent1": 13.500034796786764,
        "recent3": 24.60008550067605,
        "recent7": 50.400163047800845
    },
    "Luke": {
        "mi": 67.42014137437364,
        "recent1": 0,
        "recent3": 23.304837250457325,
        "recent7": 27.92249512844985
    },
    "Brendan": {
        "mi": 35.08827199156923,
        "recent1": 0,
        "recent3": 30.055165334446826,
        "recent7": 35.08827199156923
    },
    "Jerome": {
        "mi": 527.8580589358149,
        "recent1": 0,
        "recent3": 40.73448560407222,
        "recent7": 141.75198093136083
    },
    "conor": {
        "mi": 7.710843672949971,
        "recent1": 0,
        "recent3": 0,
        "recent7": 0
    },
    "_meta": {
        "num_activities": 182,
        "time": "2024-01-29 18:17:58"
    }
}