{
    "Jerome": {
        "mi": 714.357154219359,
        "recent1": 52.035674162888725,
        "recent3": 72.14921110713433,
        "recent7": 114.59930257297384
    },
    "Justin": {
        "mi": 904.4820746838461,
        "recent1": 41.429240734112774,
        "recent3": 61.79232034916089,
        "recent7": 149.67781903682493
    },
    "Travis": {
        "mi": 469.4410269028871,
        "recent1": 10.400013918714706,
        "recent3": 41.700034299689804,
        "recent7": 64.70002684323549
    },
    "Brib": {
        "mi": 1090.7644356955377,
        "recent1": 50.51064284578064,
        "recent3": 93.07668217609161,
        "recent7": 175.67642467986954
    },
    "Tyler": {
        "mi": 103.99989063867017,
        "recent1": 0,
        "recent3": 0,
        "recent7": 3.4999975145152304
    },
    "Luke": {
        "mi": 123.49926429650837,
        "recent1": 0,
        "recent3": 0,
        "recent7": 4.253285810864551
    },
    "Brendan": {
        "mi": 38.1951279527559,
        "recent1": 0,
        "recent3": 0,
        "recent7": 0
    },
    "conor": {
        "mi": 7.710843672949971,
        "recent1": 0,
        "recent3": 0,
        "recent7": 0
    },
    "_meta": {
        "num_activities": 241,
        "time": "2024-02-10 22:46:44"
    }
}