{
    "Luke": {
        "mi": 223.53219696969697,
        "recent1": 0.7224061480951244,
        "recent3": 4.328595999363715,
        "recent7": 13.550241589119539
    },
    "Botond": {
        "mi": 124.95948659826614,
        "recent1": 3.26014823431162,
        "recent3": 8.196569533921895,
        "recent7": 32.70854459953869
    },
    "Justin": {
        "mi": 2611.0379757217843,
        "recent1": 0,
        "recent3": 16.833877654497734,
        "recent7": 35.935698023542514
    },
    "Travis": {
        "mi": 887.119037322039,
        "recent1": 0,
        "recent3": 4.155357710967946,
        "recent7": 19.22485186510777
    },
    "Brib": {
        "mi": 2748.4781998130925,
        "recent1": 0,
        "recent3": 0,
        "recent7": 60.400511015668485
    },
    "Jerome": {
        "mi": 1031.6958959675496,
        "recent1": 0,
        "recent3": 0,
        "recent7": 0
    },
    "conor": {
        "mi": 25.448381452318454,
        "recent1": 0,
        "recent3": 0,
        "recent7": 0
    },
    "Brendan": {
        "mi": 40.85061987990137,
        "recent1": 0,
        "recent3": 0,
        "recent7": 0
    },
    "Tyler": {
        "mi": 113.99986578382249,
        "recent1": 0,
        "recent3": 0,
        "recent7": 0
    },
    "_meta": {
        "num_activities": 594,
        "time": "2024-05-19 16:19:13"
    }
}