{
    "Luke": {
        "mi": 137.23380458124555,
        "recent1": 5.734137636204565,
        "recent3": 7.672815755985047,
        "recent7": 10.519565736101168
    },
    "Brendan": {
        "mi": 38.85061242344706,
        "recent1": 0.6554844706911636,
        "recent3": 0.6554844706911636,
        "recent7": 0.6554844706911636
    },
    "Justin": {
        "mi": 1081.7882317267158,
        "recent1": 20.40819116360455,
        "recent3": 71.24051787560646,
        "recent7": 157.03976278533364
    },
    "Travis": {
        "mi": 524.841177523264,
        "recent1": 0,
        "recent3": 27.30006760518571,
        "recent7": 53.800119800365856
    },
    "conor": {
        "mi": 16.514741410164635,
        "recent1": 0,
        "recent3": 4.626108526206951,
        "recent7": 4.626108526206951
    },
    "Brib": {
        "mi": 1146.0007307325216,
        "recent1": 0,
        "recent3": 0,
        "recent7": 55.23629503698401
    },
    "Jerome": {
        "mi": 735.4902370158276,
        "recent1": 0,
        "recent3": 0,
        "recent7": 21.13308279646862
    },
    "Tyler": {
        "mi": 103.99989063867017,
        "recent1": 0,
        "recent3": 0,
        "recent7": 0
    },
    "_meta": {
        "num_activities": 267,
        "time": "2024-02-18 17:13:49"
    }
}