{
    "Botond": {
        "mi": 321.34018581484133,
        "recent1": 6.17543545693152,
        "recent3": 16.103890777857313,
        "recent7": 29.735345581802278
    },
    "Luke": {
        "mi": 271.0616872464806,
        "recent1": 0.9956851984411039,
        "recent3": 3.3632958522230174,
        "recent7": 3.3632958522230174
    },
    "Brib": {
        "mi": 3172.360415175376,
        "recent1": 20.019958442694662,
        "recent3": 20.019958442694662,
        "recent7": 61.56607909806728
    },
    "Travis": {
        "mi": 945.0070960590151,
        "recent1": 0,
        "recent3": 1.682300365863358,
        "recent7": 11.826682176091623
    },
    "Justin": {
        "mi": 2781.8126516145703,
        "recent1": 0,
        "recent3": 0,
        "recent7": 0
    },
    "Jerome": {
        "mi": 1031.6958959675496,
        "recent1": 0,
        "recent3": 0,
        "recent7": 0
    },
    "conor": {
        "mi": 25.448381452318454,
        "recent1": 0,
        "recent3": 0,
        "recent7": 0
    },
    "Brendan": {
        "mi": 40.85061987990137,
        "recent1": 0,
        "recent3": 0,
        "recent7": 0
    },
    "Tyler": {
        "mi": 113.99986578382249,
        "recent1": 0,
        "recent3": 0,
        "recent7": 0
    },
    "_meta": {
        "num_activities": 737,
        "time": "2024-06-24 21:15:46"
    }
}