{
    "Justin": {
        "mi": 1327.3981821164396,
        "recent1": 21.30793664996421,
        "recent3": 63.02412660065219,
        "recent7": 212.36087499005802
    },
    "conor": {
        "mi": 25.448381452318454,
        "recent1": 8.93364004215382,
        "recent3": 8.93364004215382,
        "recent7": 8.93364004215382
    },
    "Luke": {
        "mi": 151.29742304939157,
        "recent1": 1.9805585381372781,
        "recent3": 12.689642487870834,
        "recent7": 14.063618468146027
    },
    "Travis": {
        "mi": 566.8413341088046,
        "recent1": 0,
        "recent3": 4.200034299689811,
        "recent7": 39.90017050425515
    },
    "Brendan": {
        "mi": 40.85061987990137,
        "recent1": 0,
        "recent3": 2.0000074564543064,
        "recent7": 2.0000074564543064
    },
    "Jerome": {
        "mi": 750.6074524775311,
        "recent1": 0,
        "recent3": 0,
        "recent7": 15.11721546170365
    },
    "Brib": {
        "mi": 1223.4847863477287,
        "recent1": 0,
        "recent3": 0,
        "recent7": 77.48405561520718
    },
    "Tyler": {
        "mi": 113.99986578382249,
        "recent1": 0,
        "recent3": 0,
        "recent7": 9.999975145152309
    },
    "_meta": {
        "num_activities": 297,
        "time": "2024-02-25 21:13:54"
    }
}