{
    "Justin": {
        "mi": 2257.338207368966,
        "recent1": 15.354330708661417,
        "recent3": 33.87591465839497,
        "recent7": 81.53483655452158
    },
    "Brib": {
        "mi": 2354.6620859182385,
        "recent1": 31.010834228107846,
        "recent3": 52.54818112224608,
        "recent7": 141.9044654219359
    },
    "Luke": {
        "mi": 172.17537083432757,
        "recent1": 0,
        "recent3": 0,
        "recent7": 0.8200856995148332
    },
    "Jerome": {
        "mi": 1031.6958959675496,
        "recent1": 0,
        "recent3": 0,
        "recent7": 0
    },
    "Travis": {
        "mi": 808.4417004692593,
        "recent1": 0,
        "recent3": 0,
        "recent7": 0
    },
    "conor": {
        "mi": 25.448381452318454,
        "recent1": 0,
        "recent3": 0,
        "recent7": 0
    },
    "Brendan": {
        "mi": 40.85061987990137,
        "recent1": 0,
        "recent3": 0,
        "recent7": 0
    },
    "Tyler": {
        "mi": 113.99986578382249,
        "recent1": 0,
        "recent3": 0,
        "recent7": 0
    },
    "_meta": {
        "num_activities": 457,
        "time": "2024-04-15 13:16:43"
    }
}