{
    "Jerome": {
        "mi": 620.880743955301,
        "recent1": 21.12289230891593,
        "recent3": 25.12290722182454,
        "recent7": 93.02268501948619
    },
    "Brib": {
        "mi": 956.2792665831545,
        "recent1": 20.510779547442933,
        "recent3": 144.3867811978048,
        "recent7": 227.37904388371905
    },
    "Justin": {
        "mi": 797.2236513759644,
        "recent1": 20.22327109679472,
        "recent3": 76.60425614411835,
        "recent7": 137.17788117394417
    },
    "Luke": {
        "mi": 123.49926429650837,
        "recent1": 0,
        "recent3": 25.166216793923486,
        "recent7": 56.07912292213473
    },
    "Travis": {
        "mi": 404.7410000596516,
        "recent1": 0,
        "recent3": 11.100050703889286,
        "recent7": 60.10014018134096
    },
    "Tyler": {
        "mi": 100.49989312415494,
        "recent1": 0,
        "recent3": 0,
        "recent7": 12.2999806132188
    },
    "Brendan": {
        "mi": 38.1951279527559,
        "recent1": 0,
        "recent3": 0,
        "recent7": 3.1068559611866697
    },
    "conor": {
        "mi": 7.710843672949971,
        "recent1": 0,
        "recent3": 0,
        "recent7": 0
    },
    "_meta": {
        "num_activities": 221,
        "time": "2024-02-05 21:46:24"
    }
}