{
    "Brib": {
        "mi": 2506.4533747912205,
        "recent1": 20.62442833850314,
        "recent3": 62.649626183090746,
        "recent7": 107.5449375646226
    },
    "Luke": {
        "mi": 179.5075509027281,
        "recent1": 1.081931519923646,
        "recent3": 5.131469716853575,
        "recent7": 7.33218006840054
    },
    "Justin": {
        "mi": 2357.1551514157327,
        "recent1": 0,
        "recent3": 36.518295653384236,
        "recent7": 84.71004334685436
    },
    "Jerome": {
        "mi": 1031.6958959675496,
        "recent1": 0,
        "recent3": 0,
        "recent7": 0
    },
    "Travis": {
        "mi": 808.4417004692593,
        "recent1": 0,
        "recent3": 0,
        "recent7": 0
    },
    "conor": {
        "mi": 25.448381452318454,
        "recent1": 0,
        "recent3": 0,
        "recent7": 0
    },
    "Brendan": {
        "mi": 40.85061987990137,
        "recent1": 0,
        "recent3": 0,
        "recent7": 0
    },
    "Tyler": {
        "mi": 113.99986578382249,
        "recent1": 0,
        "recent3": 0,
        "recent7": 0
    },
    "_meta": {
        "num_activities": 475,
        "time": "2024-04-24 17:30:20"
    }
}