{
    "Botond": {
        "mi": 476.82913037858907,
        "recent1": 1.7425733715103793,
        "recent3": 7.331123737373737,
        "recent7": 28.169303766006518
    },
    "Brib": {
        "mi": 3723.648828342481,
        "recent1": 11.565582001113496,
        "recent3": 14.492178179432115,
        "recent7": 118.72210043346853
    },
    "Justin": {
        "mi": 2863.8468841962936,
        "recent1": 0,
        "recent3": 39.194044281396636,
        "recent7": 39.194044281396636
    },
    "Luke": {
        "mi": 313.535639366102,
        "recent1": 0,
        "recent3": 3.4926031973276066,
        "recent7": 3.4926031973276066
    },
    "Travis": {
        "mi": 989.6744884872344,
        "recent1": 0,
        "recent3": 0,
        "recent7": 0
    },
    "Jerome": {
        "mi": 1031.6958959675496,
        "recent1": 0,
        "recent3": 0,
        "recent7": 0
    },
    "conor": {
        "mi": 25.448381452318454,
        "recent1": 0,
        "recent3": 0,
        "recent7": 0
    },
    "Brendan": {
        "mi": 40.85061987990137,
        "recent1": 0,
        "recent3": 0,
        "recent7": 0
    },
    "Tyler": {
        "mi": 113.99986578382249,
        "recent1": 0,
        "recent3": 0,
        "recent7": 0
    },
    "_meta": {
        "num_activities": 861,
        "time": "2024-07-30 12:16:35"
    }
}