{
    "Justin": {
        "mi": 2459.0274670921817,
        "recent1": 17.75791875447387,
        "recent3": 41.672134733158344,
        "recent7": 101.87231567644952
    },
    "Luke": {
        "mi": 192.0148209456773,
        "recent1": 1.26790791776028,
        "recent3": 5.997164061878628,
        "recent7": 12.507270042949175
    },
    "Brib": {
        "mi": 2527.0047920146358,
        "recent1": 0,
        "recent3": 0,
        "recent7": 20.551417223415257
    },
    "Jerome": {
        "mi": 1031.6958959675496,
        "recent1": 0,
        "recent3": 0,
        "recent7": 0
    },
    "Travis": {
        "mi": 808.4417004692593,
        "recent1": 0,
        "recent3": 0,
        "recent7": 0
    },
    "conor": {
        "mi": 25.448381452318454,
        "recent1": 0,
        "recent3": 0,
        "recent7": 0
    },
    "Brendan": {
        "mi": 40.85061987990137,
        "recent1": 0,
        "recent3": 0,
        "recent7": 0
    },
    "Tyler": {
        "mi": 113.99986578382249,
        "recent1": 0,
        "recent3": 0,
        "recent7": 0
    },
    "_meta": {
        "num_activities": 488,
        "time": "2024-05-01 13:16:40"
    }
}