{
    "Travis": {
        "mi": 635.1413992285056,
        "recent1": 14.500007456454306,
        "recent3": 64.80006760518572,
        "recent7": 72.50009941939075
    },
    "Brib": {
        "mi": 1382.174165374214,
        "recent1": 23.572151137357828,
        "recent3": 126.1334431917601,
        "recent7": 158.6893790264853
    },
    "Justin": {
        "mi": 1479.9584178398156,
        "recent1": 41.085746739043984,
        "recent3": 101.52180018690845,
        "recent7": 215.58436232402767
    },
    "Jerome": {
        "mi": 798.2622111866697,
        "recent1": 0,
        "recent3": 30.27805118110236,
        "recent7": 47.65475870913862
    },
    "conor": {
        "mi": 25.448381452318454,
        "recent1": 0,
        "recent3": 0,
        "recent7": 8.93364004215382
    },
    "Luke": {
        "mi": 151.29742304939157,
        "recent1": 0,
        "recent3": 0,
        "recent7": 12.689642487870834
    },
    "Brendan": {
        "mi": 40.85061987990137,
        "recent1": 0,
        "recent3": 0,
        "recent7": 2.0000074564543064
    },
    "Tyler": {
        "mi": 113.99986578382249,
        "recent1": 0,
        "recent3": 0,
        "recent7": 0
    },
    "_meta": {
        "num_activities": 322,
        "time": "2024-03-01 23:26:21"
    }
}