{
    "Travis": {
        "mi": 219.7405278175455,
        "recent1": 24.000089477451677,
        "recent3": 41.40016056231607,
        "recent7": 73.50025849041596
    },
    "Tyler": {
        "mi": 45.19996967708582,
        "recent1": 1.499990058060924,
        "recent3": 16.500014912908615,
        "recent7": 30.29998558418834
    },
    "Brib": {
        "mi": 394.5515688379861,
        "recent1": 20.581429452000318,
        "recent3": 56.0952785731329,
        "recent7": 204.27646295633497
    },
    "Jerome": {
        "mi": 329.2462643163922,
        "recent1": 0,
        "recent3": 36.68954555396484,
        "recent7": 175.5573699594369
    },
    "Justin": {
        "mi": 355.3797696452716,
        "recent1": 0,
        "recent3": 52.66723584267875,
        "recent7": 178.22883112622284
    },
    "conor": {
        "mi": 7.710843672949971,
        "recent1": 0,
        "recent3": 0,
        "recent7": 0
    },
    "_meta": {
        "num_activities": 106,
        "time": "2024-01-18 02:39:28"
    }
}