{
    "Botond": {
        "mi": 383.7352362204725,
        "recent1": 4.7726899904557385,
        "recent3": 15.007046349319971,
        "recent7": 33.49470343195737
    },
    "Brib": {
        "mi": 3468.1972903245046,
        "recent1": 42.252868249423365,
        "recent3": 77.2901256661099,
        "recent7": 181.80289608685277
    },
    "Luke": {
        "mi": 279.6078402131552,
        "recent1": 2.678979758212041,
        "recent3": 2.678979758212041,
        "recent7": 8.546152966674619
    },
    "Travis": {
        "mi": 968.9475339020119,
        "recent1": 12.614829396325458,
        "recent3": 19.75345233834407,
        "recent7": 19.75345233834407
    },
    "Justin": {
        "mi": 2781.8126516145703,
        "recent1": 0,
        "recent3": 0,
        "recent7": 0
    },
    "Jerome": {
        "mi": 1031.6958959675496,
        "recent1": 0,
        "recent3": 0,
        "recent7": 0
    },
    "conor": {
        "mi": 25.448381452318454,
        "recent1": 0,
        "recent3": 0,
        "recent7": 0
    },
    "Brendan": {
        "mi": 40.85061987990137,
        "recent1": 0,
        "recent3": 0,
        "recent7": 0
    },
    "Tyler": {
        "mi": 113.99986578382249,
        "recent1": 0,
        "recent3": 0,
        "recent7": 0
    },
    "_meta": {
        "num_activities": 782,
        "time": "2024-07-09 21:28:41"
    }
}