{
    "Luke": {
        "mi": 172.17537083432757,
        "recent1": 0.8200856995148332,
        "recent3": 0.8200856995148332,
        "recent7": 0.8200856995148332
    },
    "Brib": {
        "mi": 2275.7899491966928,
        "recent1": 20.510530998966036,
        "recent3": 63.032328700389726,
        "recent7": 105.96895380975106
    },
    "Justin": {
        "mi": 2223.4622927105706,
        "recent1": 16.157639385985842,
        "recent3": 47.658921896126614,
        "recent7": 103.65627236936291
    },
    "Jerome": {
        "mi": 1031.6958959675496,
        "recent1": 0,
        "recent3": 0,
        "recent7": 0
    },
    "Travis": {
        "mi": 808.4417004692593,
        "recent1": 0,
        "recent3": 0,
        "recent7": 0
    },
    "conor": {
        "mi": 25.448381452318454,
        "recent1": 0,
        "recent3": 0,
        "recent7": 0
    },
    "Brendan": {
        "mi": 40.85061987990137,
        "recent1": 0,
        "recent3": 0,
        "recent7": 0
    },
    "Tyler": {
        "mi": 113.99986578382249,
        "recent1": 0,
        "recent3": 0,
        "recent7": 0
    },
    "_meta": {
        "num_activities": 452,
        "time": "2024-04-10 22:46:44"
    }
}