{
    "Brib": {
        "mi": 2629.29535264058,
        "recent1": 20.508356199793205,
        "recent3": 65.10522299769346,
        "recent7": 102.29056062594448
    },
    "Luke": {
        "mi": 203.06087449296112,
        "recent1": 3.641359460749224,
        "recent3": 7.797587091386303,
        "recent7": 12.313961465044141
    },
    "Justin": {
        "mi": 2519.364225423526,
        "recent1": 24.78885806887775,
        "recent3": 43.49679123916329,
        "recent7": 78.0946770858188
    },
    "Botond": {
        "mi": 75.3730712638193,
        "recent1": 5.776080191680585,
        "recent3": 10.220375507038892,
        "recent7": 75.3730712638193
    },
    "Travis": {
        "mi": 865.8437226596673,
        "recent1": 5.401890459715262,
        "recent3": 57.40202219040801,
        "recent7": 57.40202219040801
    },
    "Jerome": {
        "mi": 1031.6958959675496,
        "recent1": 0,
        "recent3": 0,
        "recent7": 0
    },
    "conor": {
        "mi": 25.448381452318454,
        "recent1": 0,
        "recent3": 0,
        "recent7": 0
    },
    "Brendan": {
        "mi": 40.85061987990137,
        "recent1": 0,
        "recent3": 0,
        "recent7": 0
    },
    "Tyler": {
        "mi": 113.99986578382249,
        "recent1": 0,
        "recent3": 0,
        "recent7": 0
    },
    "_meta": {
        "num_activities": 545,
        "time": "2024-05-07 17:28:14"
    }
}