{
    "Luke": {
        "mi": 179.5075509027281,
        "recent1": 2.1359013361966115,
        "recent3": 5.131469716853575,
        "recent7": 7.33218006840054
    },
    "Brib": {
        "mi": 2485.828946452718,
        "recent1": 0,
        "recent3": 42.0251978445876,
        "recent7": 86.92050922611945
    },
    "Justin": {
        "mi": 2357.1551514157327,
        "recent1": 0,
        "recent3": 50.637091883400934,
        "recent7": 84.71004334685436
    },
    "Jerome": {
        "mi": 1031.6958959675496,
        "recent1": 0,
        "recent3": 0,
        "recent7": 0
    },
    "Travis": {
        "mi": 808.4417004692593,
        "recent1": 0,
        "recent3": 0,
        "recent7": 0
    },
    "conor": {
        "mi": 25.448381452318454,
        "recent1": 0,
        "recent3": 0,
        "recent7": 0
    },
    "Brendan": {
        "mi": 40.85061987990137,
        "recent1": 0,
        "recent3": 0,
        "recent7": 0
    },
    "Tyler": {
        "mi": 113.99986578382249,
        "recent1": 0,
        "recent3": 0,
        "recent7": 0
    },
    "_meta": {
        "num_activities": 474,
        "time": "2024-04-24 13:46:46"
    }
}