{
    "Botond": {
        "mi": 451.85914260717414,
        "recent1": 3.199315994591585,
        "recent3": 11.189155332856119,
        "recent7": 30.45197297780959
    },
    "Brib": {
        "mi": 3625.561657420664,
        "recent1": 20.63492951165195,
        "recent3": 52.761249304064265,
        "recent7": 86.34400103396166
    },
    "Luke": {
        "mi": 310.0430361687744,
        "recent1": 0,
        "recent3": 1.5780964169251568,
        "recent7": 14.700586077308516
    },
    "Travis": {
        "mi": 989.6744884872344,
        "recent1": 0,
        "recent3": 0,
        "recent7": 3.506273363556828
    },
    "Justin": {
        "mi": 2824.652839914897,
        "recent1": 0,
        "recent3": 0,
        "recent7": 0
    },
    "Jerome": {
        "mi": 1031.6958959675496,
        "recent1": 0,
        "recent3": 0,
        "recent7": 0
    },
    "conor": {
        "mi": 25.448381452318454,
        "recent1": 0,
        "recent3": 0,
        "recent7": 0
    },
    "Brendan": {
        "mi": 40.85061987990137,
        "recent1": 0,
        "recent3": 0,
        "recent7": 0
    },
    "Tyler": {
        "mi": 113.99986578382249,
        "recent1": 0,
        "recent3": 0,
        "recent7": 0
    },
    "_meta": {
        "num_activities": 840,
        "time": "2024-07-23 20:17:38"
    }
}