{
    "Brib": {
        "mi": 1412.3532942615122,
        "recent1": 53.751280024656005,
        "recent3": 138.2377540165434,
        "recent7": 188.8685079137835
    },
    "Jerome": {
        "mi": 842.3586877634613,
        "recent1": 44.09647657679153,
        "recent3": 74.37452775789389,
        "recent7": 91.75123528593015
    },
    "Justin": {
        "mi": 1500.3702129563353,
        "recent1": 61.49754185556351,
        "recent3": 121.93359530342798,
        "recent7": 235.99615744054722
    },
    "Travis": {
        "mi": 635.1413992285056,
        "recent1": 14.500007456454306,
        "recent3": 40.50004225324107,
        "recent7": 72.50009941939075
    },
    "conor": {
        "mi": 25.448381452318454,
        "recent1": 0,
        "recent3": 0,
        "recent7": 8.93364004215382
    },
    "Luke": {
        "mi": 151.29742304939157,
        "recent1": 0,
        "recent3": 0,
        "recent7": 12.689642487870834
    },
    "Brendan": {
        "mi": 40.85061987990137,
        "recent1": 0,
        "recent3": 0,
        "recent7": 0
    },
    "Tyler": {
        "mi": 113.99986578382249,
        "recent1": 0,
        "recent3": 0,
        "recent7": 0
    },
    "_meta": {
        "num_activities": 325,
        "time": "2024-03-02 01:54:58"
    }
}