{
    "Botond": {
        "mi": 231.56484878310647,
        "recent1": 8.70478903205281,
        "recent3": 20.625173983933824,
        "recent7": 32.65311828919112
    },
    "Brib": {
        "mi": 2968.080037580531,
        "recent1": 21.172229181579574,
        "recent3": 36.22886095204008,
        "recent7": 88.37358575916646
    },
    "Luke": {
        "mi": 257.8762526843236,
        "recent1": 0,
        "recent3": 6.524024695776664,
        "recent7": 17.917611150878866
    },
    "Justin": {
        "mi": 2663.3066019446424,
        "recent1": 0,
        "recent3": 13.812149546647577,
        "recent7": 13.812149546647577
    },
    "Travis": {
        "mi": 912.2929591187462,
        "recent1": 0,
        "recent3": 6.800659150560725,
        "recent7": 6.800659150560725
    },
    "Jerome": {
        "mi": 1031.6958959675496,
        "recent1": 0,
        "recent3": 0,
        "recent7": 0
    },
    "conor": {
        "mi": 25.448381452318454,
        "recent1": 0,
        "recent3": 0,
        "recent7": 0
    },
    "Brendan": {
        "mi": 40.85061987990137,
        "recent1": 0,
        "recent3": 0,
        "recent7": 0
    },
    "Tyler": {
        "mi": 113.99986578382249,
        "recent1": 0,
        "recent3": 0,
        "recent7": 0
    },
    "_meta": {
        "num_activities": 675,
        "time": "2024-06-05 18:21:20"
    }
}