{
    "Jerome": {
        "mi": 558.1935869521992,
        "recent1": 30.335528016384316,
        "recent3": 50.472552791696494,
        "recent7": 146.90755985047323
    },
    "Travis": {
        "mi": 351.2408782708979,
        "recent1": 6.60001839258729,
        "recent3": 21.10008798616082,
        "recent7": 45.700111349717645
    },
    "Brib": {
        "mi": 728.9002226994353,
        "recent1": 21.026455499880697,
        "recent3": 107.17907420663326,
        "recent7": 212.1520942694663
    },
    "Tyler": {
        "mi": 88.19991251093612,
        "recent1": 9.999975145152309,
        "recent3": 9.999975145152309,
        "recent7": 26.99994531933508
    },
    "Justin": {
        "mi": 660.0457702020203,
        "recent1": 0,
        "recent3": 71.3506248508709,
        "recent7": 132.63180525729737
    },
    "Luke": {
        "mi": 67.42014137437364,
        "recent1": 0,
        "recent3": 19.54361528672552,
        "recent7": 27.92249512844985
    },
    "Brendan": {
        "mi": 35.08827199156923,
        "recent1": 0,
        "recent3": 22.79096327447705,
        "recent7": 35.08827199156923
    },
    "conor": {
        "mi": 7.710843672949971,
        "recent1": 0,
        "recent3": 0,
        "recent7": 0
    },
    "_meta": {
        "num_activities": 184,
        "time": "2024-01-30 04:09:10"
    }
}