{
    "Jerome": {
        "mi": 662.3214800564701,
        "recent1": 20.113536944245602,
        "recent3": 62.56362841008509,
        "recent7": 70.56365823590232
    },
    "Brib": {
        "mi": 997.6877535194465,
        "recent1": 20.24657251650362,
        "recent3": 61.91926648373499,
        "recent7": 226.99447725284335
    },
    "Justin": {
        "mi": 842.6897543346854,
        "recent1": 45.466102958721066,
        "recent3": 65.68937405551578,
        "recent7": 162.51193032689093
    },
    "Travis": {
        "mi": 427.74099260319724,
        "recent1": 0,
        "recent3": 22.99999254354569,
        "recent7": 50.10010289906943
    },
    "Tyler": {
        "mi": 103.99989063867017,
        "recent1": 0,
        "recent3": 3.4999975145152304,
        "recent7": 8.79998309870357
    },
    "Luke": {
        "mi": 123.49926429650837,
        "recent1": 0,
        "recent3": 0,
        "recent7": 52.670404835759165
    },
    "Brendan": {
        "mi": 38.1951279527559,
        "recent1": 0,
        "recent3": 0,
        "recent7": 0
    },
    "conor": {
        "mi": 7.710843672949971,
        "recent1": 0,
        "recent3": 0,
        "recent7": 0
    },
    "_meta": {
        "num_activities": 230,
        "time": "2024-02-07 23:14:53"
    }
}