{
    "Brib": {
        "mi": 3240.7722028354406,
        "recent1": 35.025264952676366,
        "recent3": 88.43174610275987,
        "recent7": 88.43174610275987
    },
    "Botond": {
        "mi": 332.8417665831544,
        "recent1": 9.52512328004454,
        "recent3": 17.67701622524457,
        "recent7": 37.04789032052811
    },
    "Luke": {
        "mi": 271.0616872464806,
        "recent1": 0,
        "recent3": 0.9956851984411039,
        "recent7": 3.3632958522230174
    },
    "Travis": {
        "mi": 945.0070960590151,
        "recent1": 0,
        "recent3": 0,
        "recent7": 11.826682176091623
    },
    "Justin": {
        "mi": 2781.8126516145703,
        "recent1": 0,
        "recent3": 0,
        "recent7": 0
    },
    "Jerome": {
        "mi": 1031.6958959675496,
        "recent1": 0,
        "recent3": 0,
        "recent7": 0
    },
    "conor": {
        "mi": 25.448381452318454,
        "recent1": 0,
        "recent3": 0,
        "recent7": 0
    },
    "Brendan": {
        "mi": 40.85061987990137,
        "recent1": 0,
        "recent3": 0,
        "recent7": 0
    },
    "Tyler": {
        "mi": 113.99986578382249,
        "recent1": 0,
        "recent3": 0,
        "recent7": 0
    },
    "_meta": {
        "num_activities": 744,
        "time": "2024-06-26 18:21:33"
    }
}