{
    "Botond": {
        "mi": 193.29950588562784,
        "recent1": 10.226029984888251,
        "recent3": 25.700285333651472,
        "recent7": 47.163689055913466
    },
    "Brib": {
        "mi": 2822.774559075003,
        "recent1": 0,
        "recent3": 0,
        "recent7": 74.29635926191044
    },
    "Justin": {
        "mi": 2630.885503658633,
        "recent1": 0,
        "recent3": 0,
        "recent7": 19.847527936848802
    },
    "Luke": {
        "mi": 235.7029323749304,
        "recent1": 0,
        "recent3": 0,
        "recent7": 8.76736111111111
    },
    "Travis": {
        "mi": 901.3031396643601,
        "recent1": 0,
        "recent3": 0,
        "recent7": 14.184102342320845
    },
    "Jerome": {
        "mi": 1031.6958959675496,
        "recent1": 0,
        "recent3": 0,
        "recent7": 0
    },
    "conor": {
        "mi": 25.448381452318454,
        "recent1": 0,
        "recent3": 0,
        "recent7": 0
    },
    "Brendan": {
        "mi": 40.85061987990137,
        "recent1": 0,
        "recent3": 0,
        "recent7": 0
    },
    "Tyler": {
        "mi": 113.99986578382249,
        "recent1": 0,
        "recent3": 0,
        "recent7": 0
    },
    "_meta": {
        "num_activities": 632,
        "time": "2024-05-27 15:46:33"
    }
}