{
    "Brib": {
        "mi": 3572.8004081165996,
        "recent1": 22.50550534876322,
        "recent3": 33.582751729897396,
        "recent7": 55.178693927463605
    },
    "Botond": {
        "mi": 436.91721595880057,
        "recent1": 6.377132545931758,
        "recent3": 9.343061520719,
        "recent7": 33.67086216495665
    },
    "Luke": {
        "mi": 308.4649397518492,
        "recent1": 5.700956414539091,
        "recent3": 11.949154438081603,
        "recent7": 21.972617414300483
    },
    "Travis": {
        "mi": 989.6744884872344,
        "recent1": 0,
        "recent3": 0,
        "recent7": 10.252003300723773
    },
    "Justin": {
        "mi": 2824.652839914897,
        "recent1": 0,
        "recent3": 0,
        "recent7": 21.430284637715737
    },
    "Jerome": {
        "mi": 1031.6958959675496,
        "recent1": 0,
        "recent3": 0,
        "recent7": 0
    },
    "conor": {
        "mi": 25.448381452318454,
        "recent1": 0,
        "recent3": 0,
        "recent7": 0
    },
    "Brendan": {
        "mi": 40.85061987990137,
        "recent1": 0,
        "recent3": 0,
        "recent7": 0
    },
    "Tyler": {
        "mi": 113.99986578382249,
        "recent1": 0,
        "recent3": 0,
        "recent7": 0
    },
    "_meta": {
        "num_activities": 832,
        "time": "2024-07-20 23:46:50"
    }
}