{
    "Botond": {
        "mi": 196.55089278612888,
        "recent1": 3.251386900501074,
        "recent3": 18.485668694822238,
        "recent7": 44.14631054640897
    },
    "Justin": {
        "mi": 2649.494452397995,
        "recent1": 18.608948739362123,
        "recent3": 18.608948739362123,
        "recent7": 38.456476676210926
    },
    "Travis": {
        "mi": 905.4922999681855,
        "recent1": 4.189160303825658,
        "recent3": 4.189160303825658,
        "recent7": 4.189160303825658
    },
    "Luke": {
        "mi": 237.7644555794162,
        "recent1": 2.0615232044858027,
        "recent3": 2.0615232044858027,
        "recent7": 5.845363079615048
    },
    "Brib": {
        "mi": 2859.0108143442308,
        "recent1": 20.02343812137119,
        "recent3": 36.236255269227705,
        "recent7": 90.25515986638034
    },
    "Jerome": {
        "mi": 1031.6958959675496,
        "recent1": 0,
        "recent3": 0,
        "recent7": 0
    },
    "conor": {
        "mi": 25.448381452318454,
        "recent1": 0,
        "recent3": 0,
        "recent7": 0
    },
    "Brendan": {
        "mi": 40.85061987990137,
        "recent1": 0,
        "recent3": 0,
        "recent7": 0
    },
    "Tyler": {
        "mi": 113.99986578382249,
        "recent1": 0,
        "recent3": 0,
        "recent7": 0
    },
    "_meta": {
        "num_activities": 638,
        "time": "2024-05-29 01:13:56"
    }
}