{
    "Luke": {
        "mi": 251.35222798854687,
        "recent1": 0,
        "recent3": 10.025637775391711,
        "recent7": 15.64929561361648
    },
    "Brib": {
        "mi": 2931.851176628491,
        "recent1": 0,
        "recent3": 31.510913763620454,
        "recent7": 109.07661755348762
    },
    "Botond": {
        "mi": 210.9396747991727,
        "recent1": 0,
        "recent3": 0,
        "recent7": 27.866198898433147
    },
    "Justin": {
        "mi": 2649.494452397995,
        "recent1": 0,
        "recent3": 0,
        "recent7": 18.608948739362123
    },
    "Travis": {
        "mi": 905.4922999681855,
        "recent1": 0,
        "recent3": 0,
        "recent7": 4.189160303825658
    },
    "Jerome": {
        "mi": 1031.6958959675496,
        "recent1": 0,
        "recent3": 0,
        "recent7": 0
    },
    "conor": {
        "mi": 25.448381452318454,
        "recent1": 0,
        "recent3": 0,
        "recent7": 0
    },
    "Brendan": {
        "mi": 40.85061987990137,
        "recent1": 0,
        "recent3": 0,
        "recent7": 0
    },
    "Tyler": {
        "mi": 113.99986578382249,
        "recent1": 0,
        "recent3": 0,
        "recent7": 0
    },
    "_meta": {
        "num_activities": 656,
        "time": "2024-06-01 19:15:33"
    }
}