{
    "Justin": {
        "mi": 1808.61941263024,
        "recent1": 10.077646544181976,
        "recent3": 30.286688240674458,
        "recent7": 175.75204555396482
    },
    "Luke": {
        "mi": 163.15163196929933,
        "recent1": 1.9210311779209415,
        "recent3": 1.9210311779209415,
        "recent7": 1.9210311779209415
    },
    "Travis": {
        "mi": 724.7415717211484,
        "recent1": 10.499992543545691,
        "recent3": 30.500067108088757,
        "recent7": 53.40008102680346
    },
    "Brib": {
        "mi": 1778.2727620695139,
        "recent1": 0,
        "recent3": 35.65608098703571,
        "recent7": 215.69179740316548
    },
    "Jerome": {
        "mi": 941.5000149129085,
        "recent1": 0,
        "recent3": 0,
        "recent7": 52.783245844269466
    },
    "conor": {
        "mi": 25.448381452318454,
        "recent1": 0,
        "recent3": 0,
        "recent7": 0
    },
    "Brendan": {
        "mi": 40.85061987990137,
        "recent1": 0,
        "recent3": 0,
        "recent7": 0
    },
    "Tyler": {
        "mi": 113.99986578382249,
        "recent1": 0,
        "recent3": 0,
        "recent7": 0
    },
    "_meta": {
        "num_activities": 366,
        "time": "2024-03-10 22:29:11"
    }
}