{
    "Brib": {
        "mi": 2233.269145689176,
        "recent1": 20.511525192873616,
        "recent3": 32.25146395052891,
        "recent7": 125.98064801558894
    },
    "Justin": {
        "mi": 2191.5207687107295,
        "recent1": 33.09746082876004,
        "recent3": 51.10796697287839,
        "recent7": 108.06285045335241
    },
    "Luke": {
        "mi": 171.35528513481273,
        "recent1": 0,
        "recent3": 0,
        "recent7": 0.7240838503141652
    },
    "Jerome": {
        "mi": 1031.6958959675496,
        "recent1": 0,
        "recent3": 0,
        "recent7": 16.489389465521352
    },
    "Travis": {
        "mi": 808.4417004692593,
        "recent1": 0,
        "recent3": 0,
        "recent7": 0
    },
    "conor": {
        "mi": 25.448381452318454,
        "recent1": 0,
        "recent3": 0,
        "recent7": 0
    },
    "Brendan": {
        "mi": 40.85061987990137,
        "recent1": 0,
        "recent3": 0,
        "recent7": 0
    },
    "Tyler": {
        "mi": 113.99986578382249,
        "recent1": 0,
        "recent3": 0,
        "recent7": 0
    },
    "_meta": {
        "num_activities": 447,
        "time": "2024-04-08 17:15:10"
    }
}