{
    "Botond": {
        "mi": 443.2737811182693,
        "recent1": 2.603793843951324,
        "recent3": 12.73369770540046,
        "recent7": 28.776197009464724
    },
    "Brib": {
        "mi": 3593.555386542592,
        "recent1": 20.754978425992206,
        "recent3": 43.26048377475543,
        "recent7": 75.9336723534558
    },
    "Luke": {
        "mi": 308.4649397518492,
        "recent1": 0,
        "recent3": 8.452636602242901,
        "recent7": 13.12248966038336
    },
    "Travis": {
        "mi": 989.6744884872344,
        "recent1": 0,
        "recent3": 0,
        "recent7": 10.252003300723773
    },
    "Justin": {
        "mi": 2824.652839914897,
        "recent1": 0,
        "recent3": 0,
        "recent7": 21.430284637715737
    },
    "Jerome": {
        "mi": 1031.6958959675496,
        "recent1": 0,
        "recent3": 0,
        "recent7": 0
    },
    "conor": {
        "mi": 25.448381452318454,
        "recent1": 0,
        "recent3": 0,
        "recent7": 0
    },
    "Brendan": {
        "mi": 40.85061987990137,
        "recent1": 0,
        "recent3": 0,
        "recent7": 0
    },
    "Tyler": {
        "mi": 113.99986578382249,
        "recent1": 0,
        "recent3": 0,
        "recent7": 0
    },
    "_meta": {
        "num_activities": 835,
        "time": "2024-07-22 14:16:42"
    }
}