{
    "Travis": {
        "mi": 393.6409493557623,
        "recent1": 4.500032311301996,
        "recent3": 29.000077050027834,
        "recent7": 73.60017497812773
    },
    "Luke": {
        "mi": 98.33304750258488,
        "recent1": 25.851154259126698,
        "recent3": 29.180958204088125,
        "recent7": 50.456521414936766
    },
    "Brib": {
        "mi": 811.8924853853496,
        "recent1": 21.1280496898115,
        "recent3": 62.7086564463533,
        "recent7": 190.17133689254752
    },
    "Justin": {
        "mi": 720.619395231846,
        "recent1": 20.205127057981386,
        "recent3": 60.57362502982581,
        "recent7": 131.92424988069672
    },
    "Tyler": {
        "mi": 100.49989312415494,
        "recent1": 5.29998558418834,
        "recent3": 12.2999806132188,
        "recent7": 32.29993090352342
    },
    "Jerome": {
        "mi": 595.7578367334764,
        "recent1": 0,
        "recent3": 16.554509166467824,
        "recent7": 88.03680257297384
    },
    "Brendan": {
        "mi": 38.1951279527559,
        "recent1": 0,
        "recent3": 3.1068559611866697,
        "recent7": 25.897819235663718
    },
    "conor": {
        "mi": 7.710843672949971,
        "recent1": 0,
        "recent3": 0,
        "recent7": 0
    },
    "_meta": {
        "num_activities": 208,
        "time": "2024-02-02 22:46:37"
    }
}