{
    "Tyler": {
        "mi": 113.99986578382249,
        "recent1": 9.999975145152309,
        "recent3": 9.999975145152309,
        "recent7": 9.999975145152309
    },
    "Travis": {
        "mi": 547.5412341923169,
        "recent1": 14.300050206792331,
        "recent3": 22.70005666905273,
        "recent7": 50.00012427423844
    },
    "Brib": {
        "mi": 1203.4411536626098,
        "recent1": 20.93567316869482,
        "recent3": 57.44042293008828,
        "recent7": 67.45381969299292
    },
    "Luke": {
        "mi": 138.60778056152074,
        "recent1": 1.3739759802751927,
        "recent3": 3.0380701702059967,
        "recent7": 11.893541716376362
    },
    "Justin": {
        "mi": 1172.421309552215,
        "recent1": 0,
        "recent3": 90.63307782549907,
        "recent7": 217.51844229698557
    },
    "Brendan": {
        "mi": 38.85061242344706,
        "recent1": 0,
        "recent3": 0.6554844706911636,
        "recent7": 0.6554844706911636
    },
    "conor": {
        "mi": 16.514741410164635,
        "recent1": 0,
        "recent3": 0,
        "recent7": 4.626108526206951
    },
    "Jerome": {
        "mi": 735.4902370158276,
        "recent1": 0,
        "recent3": 0,
        "recent7": 0
    },
    "_meta": {
        "num_activities": 281,
        "time": "2024-02-21 04:09:30"
    }
}