{
    "Luke": {
        "mi": 70.82885946074921,
        "recent1": 1.6767701622524456,
        "recent3": 3.4087180863755666,
        "recent7": 31.331213214825418
    },
    "Brib": {
        "mi": 770.6932762666032,
        "recent1": 21.509447327606775,
        "recent3": 92.9140693350831,
        "recent7": 209.41675614411832
    },
    "Jerome": {
        "mi": 591.7578218205679,
        "recent1": 33.56423486836873,
        "recent3": 63.899762884753045,
        "recent7": 148.13681848007633
    },
    "Justin": {
        "mi": 680.1778240077945,
        "recent1": 20.132053805774277,
        "recent3": 71.22517000715818,
        "recent7": 132.40867086216494
    },
    "Tyler": {
        "mi": 95.1999075399666,
        "recent1": 6.999995029030461,
        "recent3": 16.99997017418277,
        "recent7": 26.99994531933508
    },
    "Travis": {
        "mi": 364.64087230573443,
        "recent1": 13.399994034836553,
        "recent3": 20.000012427423844,
        "recent7": 57.10009792809988
    },
    "Brendan": {
        "mi": 35.08827199156923,
        "recent1": 0,
        "recent3": 0,
        "recent7": 30.055165334446826
    },
    "conor": {
        "mi": 7.710843672949971,
        "recent1": 0,
        "recent3": 0,
        "recent7": 0
    },
    "_meta": {
        "num_activities": 194,
        "time": "2024-01-31 19:11:14"
    }
}