{
    "Luke": {
        "mi": 181.74821542193592,
        "recent1": 3.322596039131472,
        "recent3": 7.372134236061401,
        "recent7": 9.572844587608365
    },
    "Brib": {
        "mi": 2506.4533747912205,
        "recent1": 20.62442833850314,
        "recent3": 62.649626183090746,
        "recent7": 107.5449375646226
    },
    "Justin": {
        "mi": 2357.1551514157327,
        "recent1": 0,
        "recent3": 36.518295653384236,
        "recent7": 84.71004334685436
    },
    "Jerome": {
        "mi": 1031.6958959675496,
        "recent1": 0,
        "recent3": 0,
        "recent7": 0
    },
    "Travis": {
        "mi": 808.4417004692593,
        "recent1": 0,
        "recent3": 0,
        "recent7": 0
    },
    "conor": {
        "mi": 25.448381452318454,
        "recent1": 0,
        "recent3": 0,
        "recent7": 0
    },
    "Brendan": {
        "mi": 40.85061987990137,
        "recent1": 0,
        "recent3": 0,
        "recent7": 0
    },
    "Tyler": {
        "mi": 113.99986578382249,
        "recent1": 0,
        "recent3": 0,
        "recent7": 0
    },
    "_meta": {
        "num_activities": 476,
        "time": "2024-04-24 22:30:52"
    }
}