{
    "Brib": {
        "mi": 3686.612309114771,
        "recent1": 21.006944444444443,
        "recent3": 61.050651694106406,
        "recent7": 136.3174063469339
    },
    "Botond": {
        "mi": 466.2821621729102,
        "recent1": 5.790806688936611,
        "recent3": 14.423019565736102,
        "recent7": 35.74207876004136
    },
    "Luke": {
        "mi": 310.0430361687744,
        "recent1": 0,
        "recent3": 0,
        "recent7": 10.030733019168057
    },
    "Travis": {
        "mi": 989.6744884872344,
        "recent1": 0,
        "recent3": 0,
        "recent7": 0
    },
    "Justin": {
        "mi": 2824.652839914897,
        "recent1": 0,
        "recent3": 0,
        "recent7": 0
    },
    "Jerome": {
        "mi": 1031.6958959675496,
        "recent1": 0,
        "recent3": 0,
        "recent7": 0
    },
    "conor": {
        "mi": 25.448381452318454,
        "recent1": 0,
        "recent3": 0,
        "recent7": 0
    },
    "Brendan": {
        "mi": 40.85061987990137,
        "recent1": 0,
        "recent3": 0,
        "recent7": 0
    },
    "Tyler": {
        "mi": 113.99986578382249,
        "recent1": 0,
        "recent3": 0,
        "recent7": 0
    },
    "_meta": {
        "num_activities": 851,
        "time": "2024-07-26 17:14:41"
    }
}