{
    "Jerome": {
        "mi": 329.2462643163922,
        "recent1": 0.0,
        "recent3": 36.68954555396484,
        "recent7": 175.5573699594369
    },
    "Travis": {
        "mi": 221.7405352739998,
        "recent1": 26.000096933905983,
        "recent3": 36.000134216177514,
        "recent7": 75.50026594687026
    },
    "Luke": {
        "mi": 30.695053388212834,
        "recent1": 30.695053388212834,
        "recent3": 30.695053388212834,
        "recent7": 30.695053388212834
    },
    "Brib": {
        "mi": 414.98219150163044,
        "recent1": 40.991049769347015,
        "recent3": 58.50700658156367,
        "recent7": 224.7070856199793
    },
    "Justin": {
        "mi": 375.8997454863597,
        "recent1": 20.51997584108804,
        "recent3": 73.18721168376679,
        "recent7": 198.74880696731088
    },
    "Tyler": {
        "mi": 45.19996967708582,
        "recent1": 1.499990058060924,
        "recent3": 16.500014912908615,
        "recent7": 30.29998558418834
    },
    "conor": {
        "mi": 7.710843672949971,
        "recent1": 0,
        "recent3": 0,
        "recent7": 0
    },
    "_meta": {
        "num_activities": 118,
        "time": "2024-01-18 17:46:45"
    }
}