{
    "Botond": {
        "mi": 61.93728624830987,
        "recent1": 3.223922293804183,
        "recent3": 61.93728624830987,
        "recent7": 61.93728624830987
    },
    "Brib": {
        "mi": 2538.546451224848,
        "recent1": 11.541659210212359,
        "recent3": 11.541659210212359,
        "recent7": 11.541659210212359
    },
    "Justin": {
        "mi": 2475.8674341843634,
        "recent1": 0,
        "recent3": 16.839967092181656,
        "recent7": 78.37143581484132
    },
    "Luke": {
        "mi": 192.0148209456773,
        "recent1": 0,
        "recent3": 0,
        "recent7": 9.113961962141095
    },
    "Jerome": {
        "mi": 1031.6958959675496,
        "recent1": 0,
        "recent3": 0,
        "recent7": 0
    },
    "Travis": {
        "mi": 808.4417004692593,
        "recent1": 0,
        "recent3": 0,
        "recent7": 0
    },
    "conor": {
        "mi": 25.448381452318454,
        "recent1": 0,
        "recent3": 0,
        "recent7": 0
    },
    "Brendan": {
        "mi": 40.85061987990137,
        "recent1": 0,
        "recent3": 0,
        "recent7": 0
    },
    "Tyler": {
        "mi": 113.99986578382249,
        "recent1": 0,
        "recent3": 0,
        "recent7": 0
    },
    "_meta": {
        "num_activities": 518,
        "time": "2024-05-03 18:19:41"
    }
}