{
    "Travis": {
        "mi": 320.0407743776346,
        "recent1": 12.499999999999996,
        "recent3": 25.800077547124783,
        "recent7": 98.30023910363477
    },
    "Jerome": {
        "mi": 487.1235733317427,
        "recent1": 20.324368189771732,
        "recent3": 75.8375462300167,
        "recent7": 172.02040085898352
    },
    "Luke": {
        "mi": 40.80426558896046,
        "recent1": 1.306619343036666,
        "recent3": 1.306619343036666,
        "recent7": 10.109212200747635
    },
    "Brib": {
        "mi": 583.5047075081524,
        "recent1": 22.228187385667702,
        "recent3": 66.7565790781834,
        "recent7": 168.52251600652193
    },
    "Justin": {
        "mi": 567.9849677881172,
        "recent1": 20.21581464248787,
        "recent3": 61.049781774437285,
        "recent7": 192.0852223017577
    },
    "Brendan": {
        "mi": 5.033106657122405,
        "recent1": 0,
        "recent3": 5.033106657122405,
        "recent7": 5.033106657122405
    },
    "Tyler": {
        "mi": 68.1999622206315,
        "recent1": 0,
        "recent3": 18.999977630637076,
        "recent7": 22.999992543545687
    },
    "conor": {
        "mi": 7.710843672949971,
        "recent1": 0,
        "recent3": 0,
        "recent7": 0
    },
    "_meta": {
        "num_activities": 158,
        "time": "2024-01-26 01:06:01"
    }
}