{
    "Jerome": {
        "mi": 996.9826836276146,
        "recent1": 15.112120217927302,
        "recent3": 21.378338006044697,
        "recent7": 55.48266871470611
    },
    "Justin": {
        "mi": 1933.5841187465205,
        "recent1": 20.553094925634294,
        "recent3": 55.17390936928338,
        "recent7": 114.6825041756144
    },
    "Travis": {
        "mi": 778.241693509902,
        "recent1": 0,
        "recent3": 11.100050703889286,
        "recent7": 53.500121788753674
    },
    "Brib": {
        "mi": 1911.6856930525726,
        "recent1": 0,
        "recent3": 31.66861777221029,
        "recent7": 112.892706593494
    },
    "Luke": {
        "mi": 169.00041259047168,
        "recent1": 0,
        "recent3": 0,
        "recent7": 5.848780621172353
    },
    "conor": {
        "mi": 25.448381452318454,
        "recent1": 0,
        "recent3": 0,
        "recent7": 0
    },
    "Brendan": {
        "mi": 40.85061987990137,
        "recent1": 0,
        "recent3": 0,
        "recent7": 0
    },
    "Tyler": {
        "mi": 113.99986578382249,
        "recent1": 0,
        "recent3": 0,
        "recent7": 0
    },
    "_meta": {
        "num_activities": 401,
        "time": "2024-03-18 18:18:22"
    }
}