{
    "Brib": {
        "mi": 2398.908437226598,
        "recent1": 22.57932424640102,
        "recent3": 75.25718553646703,
        "recent7": 123.11848802990536
    },
    "Justin": {
        "mi": 2272.445108068878,
        "recent1": 0,
        "recent3": 30.461231408573926,
        "recent7": 48.98281535830748
    },
    "Luke": {
        "mi": 172.17537083432757,
        "recent1": 0,
        "recent3": 0,
        "recent7": 0.8200856995148332
    },
    "Jerome": {
        "mi": 1031.6958959675496,
        "recent1": 0,
        "recent3": 0,
        "recent7": 0
    },
    "Travis": {
        "mi": 808.4417004692593,
        "recent1": 0,
        "recent3": 0,
        "recent7": 0
    },
    "conor": {
        "mi": 25.448381452318454,
        "recent1": 0,
        "recent3": 0,
        "recent7": 0
    },
    "Brendan": {
        "mi": 40.85061987990137,
        "recent1": 0,
        "recent3": 0,
        "recent7": 0
    },
    "Tyler": {
        "mi": 113.99986578382249,
        "recent1": 0,
        "recent3": 0,
        "recent7": 0
    },
    "_meta": {
        "num_activities": 460,
        "time": "2024-04-17 17:13:12"
    }
}