{
    "Justin": {
        "mi": 2119.806020341208,
        "recent1": 18.00969836156844,
        "recent3": 36.348102083830426,
        "recent7": 57.05306012884753
    },
    "Brib": {
        "mi": 2149.8102332378917,
        "recent1": 20.510530998966036,
        "recent3": 42.52173556430446,
        "recent7": 104.98644168058537
    },
    "Luke": {
        "mi": 171.35528513481273,
        "recent1": 0,
        "recent3": 2.354872544341048,
        "recent7": 2.354872544341048
    },
    "Jerome": {
        "mi": 1031.6958959675496,
        "recent1": 0,
        "recent3": 16.489389465521352,
        "recent7": 16.489389465521352
    },
    "Travis": {
        "mi": 808.4417004692593,
        "recent1": 0,
        "recent3": 0,
        "recent7": 0
    },
    "conor": {
        "mi": 25.448381452318454,
        "recent1": 0,
        "recent3": 0,
        "recent7": 0
    },
    "Brendan": {
        "mi": 40.85061987990137,
        "recent1": 0,
        "recent3": 0,
        "recent7": 0
    },
    "Tyler": {
        "mi": 113.99986578382249,
        "recent1": 0,
        "recent3": 0,
        "recent7": 0
    },
    "_meta": {
        "num_activities": 437,
        "time": "2024-04-03 13:18:29"
    }
}