{
    "Luke": {
        "mi": 257.8762526843236,
        "recent1": 4.755540145549988,
        "recent3": 9.879926230812057,
        "recent7": 22.17332030939314
    },
    "Brib": {
        "mi": 2946.9078083989516,
        "recent1": 15.056631770460509,
        "recent3": 15.056631770460509,
        "recent7": 87.89699405472044
    },
    "Justin": {
        "mi": 2663.3066019446424,
        "recent1": 13.812149546647577,
        "recent3": 13.812149546647577,
        "recent7": 32.4210982860097
    },
    "Botond": {
        "mi": 219.57648582279472,
        "recent1": 5.34509713274477,
        "recent3": 8.636811023622046,
        "recent7": 26.276979937166942
    },
    "Travis": {
        "mi": 912.2929591187462,
        "recent1": 6.800659150560725,
        "recent3": 6.800659150560725,
        "recent7": 10.989819454386383
    },
    "Jerome": {
        "mi": 1031.6958959675496,
        "recent1": 0,
        "recent3": 0,
        "recent7": 0
    },
    "conor": {
        "mi": 25.448381452318454,
        "recent1": 0,
        "recent3": 0,
        "recent7": 0
    },
    "Brendan": {
        "mi": 40.85061987990137,
        "recent1": 0,
        "recent3": 0,
        "recent7": 0
    },
    "Tyler": {
        "mi": 113.99986578382249,
        "recent1": 0,
        "recent3": 0,
        "recent7": 0
    },
    "_meta": {
        "num_activities": 668,
        "time": "2024-06-04 17:46:30"
    }
}