{
    "Botond": {
        "mi": 219.57648582279472,
        "recent1": 8.636811023622046,
        "recent3": 8.636811023622046,
        "recent7": 26.276979937166942
    },
    "Travis": {
        "mi": 912.2929591187462,
        "recent1": 6.800659150560725,
        "recent3": 6.800659150560725,
        "recent7": 10.989819454386383
    },
    "Luke": {
        "mi": 255.55499632148255,
        "recent1": 2.434283782708979,
        "recent3": 7.558669867971048,
        "recent7": 19.852063946552132
    },
    "Brib": {
        "mi": 2931.851176628491,
        "recent1": 0,
        "recent3": 0,
        "recent7": 92.86380040563111
    },
    "Justin": {
        "mi": 2649.494452397995,
        "recent1": 0,
        "recent3": 0,
        "recent7": 18.608948739362123
    },
    "Jerome": {
        "mi": 1031.6958959675496,
        "recent1": 0,
        "recent3": 0,
        "recent7": 0
    },
    "conor": {
        "mi": 25.448381452318454,
        "recent1": 0,
        "recent3": 0,
        "recent7": 0
    },
    "Brendan": {
        "mi": 40.85061987990137,
        "recent1": 0,
        "recent3": 0,
        "recent7": 0
    },
    "Tyler": {
        "mi": 113.99986578382249,
        "recent1": 0,
        "recent3": 0,
        "recent7": 0
    },
    "_meta": {
        "num_activities": 664,
        "time": "2024-06-04 12:15:52"
    }
}