{
    "Brib": {
        "mi": 3093.595713532968,
        "recent1": 26.660614511254273,
        "recent3": 74.90722928099896,
        "recent7": 112.28811242344706
    },
    "Justin": {
        "mi": 2754.6233744929605,
        "recent1": 17.57728614889048,
        "recent3": 35.1143695816432,
        "recent7": 73.89159806728703
    },
    "Botond": {
        "mi": 268.74956504016535,
        "recent1": 4.398624532728864,
        "recent3": 12.203108844349,
        "recent7": 34.09190328481667
    },
    "Travis": {
        "mi": 928.1632143283225,
        "recent1": 0,
        "recent3": 11.307775093454227,
        "recent7": 15.870255209576076
    },
    "Luke": {
        "mi": 267.69839139425756,
        "recent1": 0,
        "recent3": 0,
        "recent7": 7.175656665075956
    },
    "Jerome": {
        "mi": 1031.6958959675496,
        "recent1": 0,
        "recent3": 0,
        "recent7": 0
    },
    "conor": {
        "mi": 25.448381452318454,
        "recent1": 0,
        "recent3": 0,
        "recent7": 0
    },
    "Brendan": {
        "mi": 40.85061987990137,
        "recent1": 0,
        "recent3": 0,
        "recent7": 0
    },
    "Tyler": {
        "mi": 113.99986578382249,
        "recent1": 0,
        "recent3": 0,
        "recent7": 0
    },
    "_meta": {
        "num_activities": 709,
        "time": "2024-06-13 17:46:28"
    }
}