{
    "Brib": {
        "mi": 1358.6020142368563,
        "recent1": 68.97512278294758,
        "recent3": 135.11722788912746,
        "recent7": 135.11722788912746
    },
    "Jerome": {
        "mi": 798.2622111866697,
        "recent1": 15.12007376918794,
        "recent3": 47.65475870913862,
        "recent7": 47.65475870913862
    },
    "Travis": {
        "mi": 620.6413917720513,
        "recent1": 12.900038773562395,
        "recent3": 50.300060148731404,
        "recent7": 58.000091962936445
    },
    "Justin": {
        "mi": 1438.8726711007714,
        "recent1": 35.105235425117314,
        "recent3": 91.07406496062991,
        "recent7": 174.49861558498367
    },
    "conor": {
        "mi": 25.448381452318454,
        "recent1": 0,
        "recent3": 0,
        "recent7": 8.93364004215382
    },
    "Luke": {
        "mi": 151.29742304939157,
        "recent1": 0,
        "recent3": 0,
        "recent7": 12.689642487870834
    },
    "Brendan": {
        "mi": 40.85061987990137,
        "recent1": 0,
        "recent3": 0,
        "recent7": 2.0000074564543064
    },
    "Tyler": {
        "mi": 113.99986578382249,
        "recent1": 0,
        "recent3": 0,
        "recent7": 0
    },
    "_meta": {
        "num_activities": 319,
        "time": "2024-02-29 23:15:03"
    }
}