{
    "Luke": {
        "mi": 39.49764624592379,
        "recent1": 7.265444802354251,
        "recent3": 11.1582110474827,
        "recent7": 33.78562942416289
    },
    "Brib": {
        "mi": 474.0061167780163,
        "recent1": 42.497688499164866,
        "recent3": 79.45454794003021,
        "recent7": 151.9680689771733
    },
    "Justin": {
        "mi": 451.33638302314483,
        "recent1": 25.25588065696333,
        "recent3": 75.43663753678517,
        "recent7": 148.62384922055196
    },
    "Travis": {
        "mi": 284.1406809234074,
        "recent1": 2.2000268432355043,
        "recent3": 62.40014564940746,
        "recent7": 103.80030621172354
    },
    "Jerome": {
        "mi": 386.10607800445405,
        "recent1": 0,
        "recent3": 71.00290553169489,
        "recent7": 107.69245108565973
    },
    "Tyler": {
        "mi": 45.19996967708582,
        "recent1": 0,
        "recent3": 0,
        "recent7": 16.500014912908615
    },
    "conor": {
        "mi": 7.710843672949971,
        "recent1": 0,
        "recent3": 0,
        "recent7": 0
    },
    "_meta": {
        "num_activities": 129,
        "time": "2024-01-20 22:14:11"
    }
}