{
    "Jerome": {
        "mi": 374.45754294917685,
        "recent1": 45.211278632784534,
        "recent3": 60.45084208223972,
        "recent7": 220.76864859222144
    },
    "Travis": {
        "mi": 231.84055118110234,
        "recent1": 10.10001590710252,
        "recent3": 44.10014266682573,
        "recent7": 83.60027439751849
    },
    "Luke": {
        "mi": 30.695053388212834,
        "recent1": 2.3556181897717328,
        "recent3": 7.9860489739918865,
        "recent7": 30.695053388212834
    },
    "Brib": {
        "mi": 414.98219150163044,
        "recent1": 20.430622663644318,
        "recent3": 58.50700658156367,
        "recent7": 224.7070856199793
    },
    "Justin": {
        "mi": 375.8997454863597,
        "recent1": 20.51997584108804,
        "recent3": 73.18721168376679,
        "recent7": 198.74880696731088
    },
    "Tyler": {
        "mi": 45.19996967708582,
        "recent1": 0,
        "recent3": 16.500014912908615,
        "recent7": 30.29998558418834
    },
    "conor": {
        "mi": 7.710843672949971,
        "recent1": 0,
        "recent3": 0,
        "recent7": 0
    },
    "_meta": {
        "num_activities": 120,
        "time": "2024-01-19 02:07:40"
    }
}