{
    "Botond": {
        "mi": 371.93521086852786,
        "recent1": 3.2070209973753276,
        "recent3": 9.892042969060684,
        "recent7": 27.915660045335237
    },
    "Brib": {
        "mi": 3413.4158390002385,
        "recent1": 22.50867434184363,
        "recent3": 84.59241778016383,
        "recent7": 127.02144476258647
    },
    "Travis": {
        "mi": 956.3327045056865,
        "recent1": 7.1386229420186105,
        "recent3": 7.1386229420186105,
        "recent7": 7.1386229420186105
    },
    "Luke": {
        "mi": 276.92886045494316,
        "recent1": 0,
        "recent3": 2.4401246719160103,
        "recent7": 5.867173208462578
    },
    "Justin": {
        "mi": 2781.8126516145703,
        "recent1": 0,
        "recent3": 0,
        "recent7": 0
    },
    "Jerome": {
        "mi": 1031.6958959675496,
        "recent1": 0,
        "recent3": 0,
        "recent7": 0
    },
    "conor": {
        "mi": 25.448381452318454,
        "recent1": 0,
        "recent3": 0,
        "recent7": 0
    },
    "Brendan": {
        "mi": 40.85061987990137,
        "recent1": 0,
        "recent3": 0,
        "recent7": 0
    },
    "Tyler": {
        "mi": 113.99986578382249,
        "recent1": 0,
        "recent3": 0,
        "recent7": 0
    },
    "_meta": {
        "num_activities": 772,
        "time": "2024-07-08 01:15:33"
    }
}