{
    "Justin": {
        "mi": 924.748468941382,
        "recent1": 61.69563499164876,
        "recent3": 82.05871460669687,
        "recent7": 169.94421329436088
    },
    "conor": {
        "mi": 11.888632883957685,
        "recent1": 4.177789211007714,
        "recent3": 4.177789211007714,
        "recent7": 4.177789211007714
    },
    "Jerome": {
        "mi": 714.357154219359,
        "recent1": 19.009733158355203,
        "recent3": 52.035674162888725,
        "recent7": 114.59930257297384
    },
    "Travis": {
        "mi": 469.4410269028871,
        "recent1": 10.400013918714706,
        "recent3": 31.5000397677563,
        "recent7": 64.70002684323549
    },
    "Brib": {
        "mi": 1090.7644356955377,
        "recent1": 50.51064284578064,
        "recent3": 93.07668217609161,
        "recent7": 175.67642467986954
    },
    "Tyler": {
        "mi": 103.99989063867017,
        "recent1": 0,
        "recent3": 0,
        "recent7": 3.4999975145152304
    },
    "Luke": {
        "mi": 123.49926429650837,
        "recent1": 0,
        "recent3": 0,
        "recent7": 4.253285810864551
    },
    "Brendan": {
        "mi": 38.1951279527559,
        "recent1": 0,
        "recent3": 0,
        "recent7": 0
    },
    "_meta": {
        "num_activities": 243,
        "time": "2024-02-11 08:09:04"
    }
}