{
    "Botond": {
        "mi": 428.1661347729261,
        "recent1": 5.203548775153106,
        "recent3": 13.668550664121527,
        "recent7": 32.05032609560168
    },
    "Luke": {
        "mi": 298.21691322675576,
        "recent1": 2.874463135289907,
        "recent3": 2.874463135289907,
        "recent7": 18.609073013600568
    },
    "Brib": {
        "mi": 3550.2949027678364,
        "recent1": 11.077246381134174,
        "recent3": 22.567207508152386,
        "recent7": 53.355528712320044
    },
    "Travis": {
        "mi": 989.6744884872344,
        "recent1": 3.506273363556828,
        "recent3": 10.252003300723773,
        "recent7": 14.467696154457965
    },
    "Justin": {
        "mi": 2824.652839914897,
        "recent1": 0,
        "recent3": 21.430284637715737,
        "recent7": 21.430284637715737
    },
    "Jerome": {
        "mi": 1031.6958959675496,
        "recent1": 0,
        "recent3": 0,
        "recent7": 0
    },
    "conor": {
        "mi": 25.448381452318454,
        "recent1": 0,
        "recent3": 0,
        "recent7": 0
    },
    "Brendan": {
        "mi": 40.85061987990137,
        "recent1": 0,
        "recent3": 0,
        "recent7": 0
    },
    "Tyler": {
        "mi": 113.99986578382249,
        "recent1": 0,
        "recent3": 0,
        "recent7": 0
    },
    "_meta": {
        "num_activities": 824,
        "time": "2024-07-18 21:46:52"
    }
}