{
    "Luke": {
        "mi": 279.6078402131552,
        "recent1": 2.678979758212041,
        "recent3": 2.678979758212041,
        "recent7": 8.546152966674619
    },
    "Travis": {
        "mi": 968.9475339020119,
        "recent1": 12.614829396325458,
        "recent3": 19.75345233834407,
        "recent7": 19.75345233834407
    },
    "Brib": {
        "mi": 3447.3479256144115,
        "recent1": 33.93208661417322,
        "recent3": 96.95863656247514,
        "recent7": 160.9535313767597
    },
    "Botond": {
        "mi": 378.9625462300167,
        "recent1": 7.027335361488904,
        "recent3": 10.23435635886423,
        "recent7": 28.722013441501627
    },
    "Justin": {
        "mi": 2781.8126516145703,
        "recent1": 0,
        "recent3": 0,
        "recent7": 0
    },
    "Jerome": {
        "mi": 1031.6958959675496,
        "recent1": 0,
        "recent3": 0,
        "recent7": 0
    },
    "conor": {
        "mi": 25.448381452318454,
        "recent1": 0,
        "recent3": 0,
        "recent7": 0
    },
    "Brendan": {
        "mi": 40.85061987990137,
        "recent1": 0,
        "recent3": 0,
        "recent7": 0
    },
    "Tyler": {
        "mi": 113.99986578382249,
        "recent1": 0,
        "recent3": 0,
        "recent7": 0
    },
    "_meta": {
        "num_activities": 779,
        "time": "2024-07-09 01:14:38"
    }
}