{
    "Brib": {
        "mi": 322.0380478008431,
        "recent1": 93.58850562713752,
        "recent3": 157.22704406267397,
        "recent7": 261.3958855285135
    },
    "Travis": {
        "mi": 178.34036725522944,
        "recent1": 2.3999840928974785,
        "recent3": 53.600162550703885,
        "recent7": 110.20030521752962
    },
    "Justin": {
        "mi": 277.52177284657597,
        "recent1": 44.03614143402529,
        "recent3": 121.14252763859062,
        "recent7": 216.95871112701818
    },
    "Jerome": {
        "mi": 256.886843334924,
        "recent1": 62.80714378032291,
        "recent3": 134.62709029269067,
        "recent7": 207.6022901256661
    },
    "Tyler": {
        "mi": 16.3999741509584,
        "recent1": 0,
        "recent3": 1.499990058060924,
        "recent7": 12.599978624830985
    },
    "conor": {
        "mi": 7.710843672949971,
        "recent1": 0,
        "recent3": 0,
        "recent7": 0
    },
    "_meta": {
        "num_activities": 84,
        "time": "2024-01-13 22:29:41"
    }
}