{
    "Brib": {
        "mi": 1692.6018303109843,
        "recent1": 69.42400133221983,
        "recent3": 210.5448555436252,
        "recent7": 436.5611081285294
    },
    "Justin": {
        "mi": 1778.3327243895658,
        "recent1": 100.17249264296508,
        "recent3": 237.75028831623317,
        "recent7": 399.8961067366579
    },
    "Travis": {
        "mi": 673.5415175375806,
        "recent1": 2.2000268432355043,
        "recent3": 18.300065119700946,
        "recent7": 103.2001859142607
    },
    "Jerome": {
        "mi": 903.9959138630396,
        "recent1": 15.2791447944007,
        "recent3": 61.637226099578456,
        "recent7": 153.38846138550863
    },
    "Luke": {
        "mi": 161.23060079137838,
        "recent1": 0,
        "recent3": 0,
        "recent7": 9.933177741986796
    },
    "conor": {
        "mi": 25.448381452318454,
        "recent1": 0,
        "recent3": 0,
        "recent7": 0
    },
    "Brendan": {
        "mi": 40.85061987990137,
        "recent1": 0,
        "recent3": 0,
        "recent7": 0
    },
    "Tyler": {
        "mi": 113.99986578382249,
        "recent1": 0,
        "recent3": 0,
        "recent7": 0
    },
    "_meta": {
        "num_activities": 349,
        "time": "2024-03-05 18:18:17"
    }
}