{
    "Botond": {
        "mi": 422.96258599777303,
        "recent1": 1.555416368408494,
        "recent3": 15.538505130040562,
        "recent7": 29.937415493517854
    },
    "Brib": {
        "mi": 3539.217656386702,
        "recent1": 11.489961127018212,
        "recent3": 21.59594219756621,
        "recent7": 71.02036606219677
    },
    "Justin": {
        "mi": 2824.652839914897,
        "recent1": 21.430284637715737,
        "recent3": 21.430284637715737,
        "recent7": 21.430284637715737
    },
    "Travis": {
        "mi": 986.1682151236776,
        "recent1": 6.745729937166945,
        "recent3": 6.745729937166945,
        "recent7": 14.219458363159148
    },
    "Luke": {
        "mi": 295.3424500914658,
        "recent1": 0,
        "recent3": 1.1819101447546327,
        "recent7": 15.734609878310664
    },
    "Jerome": {
        "mi": 1031.6958959675496,
        "recent1": 0,
        "recent3": 0,
        "recent7": 0
    },
    "conor": {
        "mi": 25.448381452318454,
        "recent1": 0,
        "recent3": 0,
        "recent7": 0
    },
    "Brendan": {
        "mi": 40.85061987990137,
        "recent1": 0,
        "recent3": 0,
        "recent7": 0
    },
    "Tyler": {
        "mi": 113.99986578382249,
        "recent1": 0,
        "recent3": 0,
        "recent7": 0
    },
    "_meta": {
        "num_activities": 816,
        "time": "2024-07-17 21:27:33"
    }
}