{
    "Travis": {
        "mi": 877.9022384275827,
        "recent1": 10.008052970651395,
        "recent3": 10.008052970651395,
        "recent7": 12.058515767915374
    },
    "Botond": {
        "mi": 105.62539767756304,
        "recent1": 5.476392865664518,
        "recent3": 13.374455678835599,
        "recent7": 27.169268969219754
    },
    "Brib": {
        "mi": 2734.316218285215,
        "recent1": 5.063243159945915,
        "recent3": 67.74679621013281,
        "recent7": 105.02086564463532
    },
    "Luke": {
        "mi": 217.81141881412552,
        "recent1": 3.6255766324663963,
        "recent3": 7.829463433548079,
        "recent7": 14.750544321164398
    },
    "Justin": {
        "mi": 2575.102277698242,
        "recent1": 0,
        "recent3": 0,
        "recent7": 55.738052274715656
    },
    "Jerome": {
        "mi": 1031.6958959675496,
        "recent1": 0,
        "recent3": 0,
        "recent7": 0
    },
    "conor": {
        "mi": 25.448381452318454,
        "recent1": 0,
        "recent3": 0,
        "recent7": 0
    },
    "Brendan": {
        "mi": 40.85061987990137,
        "recent1": 0,
        "recent3": 0,
        "recent7": 0
    },
    "Tyler": {
        "mi": 113.99986578382249,
        "recent1": 0,
        "recent3": 0,
        "recent7": 0
    },
    "_meta": {
        "num_activities": 576,
        "time": "2024-05-14 23:14:52"
    }
}