{
    "Brib": {
        "mi": 600.0909687425435,
        "recent1": 38.814448620058855,
        "recent3": 83.34284031257455,
        "recent7": 185.10877724091307
    },
    "Justin": {
        "mi": 588.6951453511492,
        "recent1": 20.710177563031895,
        "recent3": 61.281180406426465,
        "recent7": 212.7953998647896
    },
    "Travis": {
        "mi": 320.0407743776346,
        "recent1": 10.499992543545691,
        "recent3": 14.500007456454302,
        "recent7": 88.20022319653225
    },
    "Jerome": {
        "mi": 487.1235733317427,
        "recent1": 20.324368189771732,
        "recent3": 75.8375462300167,
        "recent7": 126.809122226199
    },
    "Luke": {
        "mi": 40.80426558896046,
        "recent1": 1.306619343036666,
        "recent3": 1.306619343036666,
        "recent7": 10.109212200747635
    },
    "Brendan": {
        "mi": 5.033106657122405,
        "recent1": 0,
        "recent3": 5.033106657122405,
        "recent7": 5.033106657122405
    },
    "Tyler": {
        "mi": 68.1999622206315,
        "recent1": 0,
        "recent3": 6.999995029030461,
        "recent7": 22.999992543545687
    },
    "conor": {
        "mi": 7.710843672949971,
        "recent1": 0,
        "recent3": 0,
        "recent7": 0
    },
    "_meta": {
        "num_activities": 160,
        "time": "2024-01-26 13:27:36"
    }
}