{
    "Jerome": {
        "mi": 527.8580589358149,
        "recent1": 20.137024775312177,
        "recent3": 69.18955798138869,
        "recent7": 141.75198093136083
    },
    "Brendan": {
        "mi": 33.483705161854765,
        "recent1": 21.186396444762583,
        "recent3": 28.45059850473236,
        "recent7": 33.483705161854765
    },
    "Luke": {
        "mi": 64.9194330112145,
        "recent1": 17.04290692356637,
        "recent3": 25.4217867652907,
        "recent7": 25.4217867652907
    },
    "Brib": {
        "mi": 677.77920693152,
        "recent1": 56.05805843871788,
        "recent3": 116.50268680903523,
        "recent7": 203.77309015350352
    },
    "Justin": {
        "mi": 608.9526540006362,
        "recent1": 20.257508649486994,
        "recent3": 61.183500855006756,
        "recent7": 157.61627097749144
    },
    "Tyler": {
        "mi": 78.19993736578381,
        "recent1": 9.999975145152309,
        "recent3": 9.999975145152309,
        "recent7": 32.999967688698
    },
    "Travis": {
        "mi": 330.1407902847371,
        "recent1": 10.10001590710252,
        "recent3": 22.600015907102517,
        "recent7": 46.000109361329834
    },
    "conor": {
        "mi": 7.710843672949971,
        "recent1": 0,
        "recent3": 0,
        "recent7": 0
    },
    "_meta": {
        "num_activities": 173,
        "time": "2024-01-27 22:27:10"
    }
}