{
    "Jerome": {
        "mi": 1015.206506502028,
        "recent1": 2.999980116121848,
        "recent3": 2.999980116121848,
        "recent7": 33.33594309234073
    },
    "Brib": {
        "mi": 2004.2762765449772,
        "recent1": 21.00271912033723,
        "recent3": 61.81928785890399,
        "recent7": 92.59058349240435
    },
    "Justin": {
        "mi": 1995.1261507794482,
        "recent1": 23.81777916964925,
        "recent3": 23.81777916964925,
        "recent7": 94.46277489461545
    },
    "Travis": {
        "mi": 808.4417004692593,
        "recent1": 0,
        "recent3": 10.10001590710252,
        "recent7": 30.200006959357346
    },
    "Luke": {
        "mi": 169.00041259047168,
        "recent1": 0,
        "recent3": 0,
        "recent7": 0
    },
    "conor": {
        "mi": 25.448381452318454,
        "recent1": 0,
        "recent3": 0,
        "recent7": 0
    },
    "Brendan": {
        "mi": 40.85061987990137,
        "recent1": 0,
        "recent3": 0,
        "recent7": 0
    },
    "Tyler": {
        "mi": 113.99986578382249,
        "recent1": 0,
        "recent3": 0,
        "recent7": 0
    },
    "_meta": {
        "num_activities": 417,
        "time": "2024-03-24 15:13:33"
    }
}