{
    "Travis": {
        "mi": 867.8941854569314,
        "recent1": 2.0504627972639784,
        "recent3": 59.45248498767199,
        "recent7": 59.45248498767199
    },
    "Botond": {
        "mi": 82.86699425355923,
        "recent1": 4.410865545215938,
        "recent3": 14.735320726954583,
        "recent7": 82.86699425355923
    },
    "Brib": {
        "mi": 2644.972858506324,
        "recent1": 15.677505865744054,
        "recent3": 56.44424063469339,
        "recent7": 117.96806649168853
    },
    "Justin": {
        "mi": 2535.994541875447,
        "recent1": 16.63031645192078,
        "recent3": 41.419174520798535,
        "recent7": 76.96707478326572
    },
    "Luke": {
        "mi": 203.06087449296112,
        "recent1": 0,
        "recent3": 5.1046886184681455,
        "recent7": 11.046053547283861
    },
    "Jerome": {
        "mi": 1031.6958959675496,
        "recent1": 0,
        "recent3": 0,
        "recent7": 0
    },
    "conor": {
        "mi": 25.448381452318454,
        "recent1": 0,
        "recent3": 0,
        "recent7": 0
    },
    "Brendan": {
        "mi": 40.85061987990137,
        "recent1": 0,
        "recent3": 0,
        "recent7": 0
    },
    "Tyler": {
        "mi": 113.99986578382249,
        "recent1": 0,
        "recent3": 0,
        "recent7": 0
    },
    "_meta": {
        "num_activities": 551,
        "time": "2024-05-08 22:29:30"
    }
}