{
    "Justin": {
        "mi": 2272.445108068878,
        "recent1": 15.10690069991251,
        "recent3": 48.98281535830748,
        "recent7": 65.14045474429332
    },
    "Brib": {
        "mi": 2376.329112980197,
        "recent1": 21.667027061958162,
        "recent3": 52.677861290066005,
        "recent7": 143.05996729102043
    },
    "Luke": {
        "mi": 172.17537083432757,
        "recent1": 0,
        "recent3": 0,
        "recent7": 0.8200856995148332
    },
    "Jerome": {
        "mi": 1031.6958959675496,
        "recent1": 0,
        "recent3": 0,
        "recent7": 0
    },
    "Travis": {
        "mi": 808.4417004692593,
        "recent1": 0,
        "recent3": 0,
        "recent7": 0
    },
    "conor": {
        "mi": 25.448381452318454,
        "recent1": 0,
        "recent3": 0,
        "recent7": 0
    },
    "Brendan": {
        "mi": 40.85061987990137,
        "recent1": 0,
        "recent3": 0,
        "recent7": 0
    },
    "Tyler": {
        "mi": 113.99986578382249,
        "recent1": 0,
        "recent3": 0,
        "recent7": 0
    },
    "_meta": {
        "num_activities": 459,
        "time": "2024-04-16 13:46:56"
    }
}