{
    "Luke": {
        "mi": 294.1605399467112,
        "recent1": 13.874659488586651,
        "recent3": 14.55269973355603,
        "recent7": 17.231679491768073
    },
    "Brib": {
        "mi": 3517.6217141891357,
        "recent1": 0,
        "recent3": 35.700260478803784,
        "recent7": 126.71454953074047
    },
    "Botond": {
        "mi": 403.246353793844,
        "recent1": 0,
        "recent3": 8.684905153901216,
        "recent7": 34.51816392269148
    },
    "Travis": {
        "mi": 979.4224851865106,
        "recent1": 0,
        "recent3": 4.215692853734192,
        "recent7": 23.089780680823985
    },
    "Justin": {
        "mi": 2803.222555277181,
        "recent1": 0,
        "recent3": 0,
        "recent7": 21.409903662610354
    },
    "Jerome": {
        "mi": 1031.6958959675496,
        "recent1": 0,
        "recent3": 0,
        "recent7": 0
    },
    "conor": {
        "mi": 25.448381452318454,
        "recent1": 0,
        "recent3": 0,
        "recent7": 0
    },
    "Brendan": {
        "mi": 40.85061987990137,
        "recent1": 0,
        "recent3": 0,
        "recent7": 0
    },
    "Tyler": {
        "mi": 113.99986578382249,
        "recent1": 0,
        "recent3": 0,
        "recent7": 0
    },
    "_meta": {
        "num_activities": 803,
        "time": "2024-07-14 16:55:41"
    }
}