{
    "Brib": {
        "mi": 1203.4411536626098,
        "recent1": 57.44042293008828,
        "recent3": 57.44042293008828,
        "recent7": 67.45381969299292
    },
    "Luke": {
        "mi": 138.60778056152074,
        "recent1": 1.3739759802751927,
        "recent3": 3.0380701702059967,
        "recent7": 11.893541716376362
    },
    "Justin": {
        "mi": 1172.421309552215,
        "recent1": 25.263274974150956,
        "recent3": 90.63307782549907,
        "recent7": 217.51844229698557
    },
    "Travis": {
        "mi": 533.2411839855243,
        "recent1": 0,
        "recent3": 8.400006462260398,
        "recent7": 35.70007406744611
    },
    "Brendan": {
        "mi": 38.85061242344706,
        "recent1": 0,
        "recent3": 0.6554844706911636,
        "recent7": 0.6554844706911636
    },
    "conor": {
        "mi": 16.514741410164635,
        "recent1": 0,
        "recent3": 0,
        "recent7": 4.626108526206951
    },
    "Jerome": {
        "mi": 735.4902370158276,
        "recent1": 0,
        "recent3": 0,
        "recent7": 0
    },
    "Tyler": {
        "mi": 103.99989063867017,
        "recent1": 0,
        "recent3": 0,
        "recent7": 0
    },
    "_meta": {
        "num_activities": 279,
        "time": "2024-02-20 18:20:25"
    }
}