{
    "Botond": {
        "mi": 118.52164608685281,
        "recent1": 3.2886070349160894,
        "recent3": 18.372641274954265,
        "recent7": 34.85581702855325
    },
    "Luke": {
        "mi": 219.20360097033327,
        "recent1": 1.3921821562077465,
        "recent3": 7.223688658235902,
        "recent7": 14.646464646464645
    },
    "Travis": {
        "mi": 882.963679611071,
        "recent1": 5.061441183488427,
        "recent3": 15.069494154139822,
        "recent7": 15.069494154139822
    },
    "Brib": {
        "mi": 2748.4781998130925,
        "recent1": 0,
        "recent3": 19.22522468782311,
        "recent7": 103.50534130676846
    },
    "Justin": {
        "mi": 2594.204098067287,
        "recent1": 0,
        "recent3": 19.101820369044777,
        "recent7": 38.93275769506084
    },
    "Jerome": {
        "mi": 1031.6958959675496,
        "recent1": 0,
        "recent3": 0,
        "recent7": 0
    },
    "conor": {
        "mi": 25.448381452318454,
        "recent1": 0,
        "recent3": 0,
        "recent7": 0
    },
    "Brendan": {
        "mi": 40.85061987990137,
        "recent1": 0,
        "recent3": 0,
        "recent7": 0
    },
    "Tyler": {
        "mi": 113.99986578382249,
        "recent1": 0,
        "recent3": 0,
        "recent7": 0
    },
    "_meta": {
        "num_activities": 586,
        "time": "2024-05-16 21:15:46"
    }
}