{
    "Justin": {
        "mi": 2191.5207687107295,
        "recent1": 33.09746082876004,
        "recent3": 51.10796697287839,
        "recent7": 108.06285045335241
    },
    "Brib": {
        "mi": 2212.757620496303,
        "recent1": 0,
        "recent3": 11.739938757655292,
        "recent7": 105.46912282271532
    },
    "Luke": {
        "mi": 171.35528513481273,
        "recent1": 0,
        "recent3": 0,
        "recent7": 0.7240838503141652
    },
    "Jerome": {
        "mi": 1031.6958959675496,
        "recent1": 0,
        "recent3": 0,
        "recent7": 16.489389465521352
    },
    "Travis": {
        "mi": 808.4417004692593,
        "recent1": 0,
        "recent3": 0,
        "recent7": 0
    },
    "conor": {
        "mi": 25.448381452318454,
        "recent1": 0,
        "recent3": 0,
        "recent7": 0
    },
    "Brendan": {
        "mi": 40.85061987990137,
        "recent1": 0,
        "recent3": 0,
        "recent7": 0
    },
    "Tyler": {
        "mi": 113.99986578382249,
        "recent1": 0,
        "recent3": 0,
        "recent7": 0
    },
    "_meta": {
        "num_activities": 446,
        "time": "2024-04-08 13:16:50"
    }
}