{
    "Travis": {
        "mi": 459.04101298417237,
        "recent1": 21.100025849041593,
        "recent3": 31.3000203809751,
        "recent7": 65.40006362841007
    },
    "Brib": {
        "mi": 1040.2537928497572,
        "recent1": 21.085423626024017,
        "recent3": 62.8126118468146,
        "recent7": 228.36130746440784
    },
    "Justin": {
        "mi": 863.0528339497334,
        "recent1": 20.363079615048115,
        "recent3": 65.82918257376917,
        "recent7": 142.43343871788753
    },
    "Jerome": {
        "mi": 662.3214800564701,
        "recent1": 0,
        "recent3": 20.113536944245602,
        "recent7": 66.5636433229937
    },
    "Tyler": {
        "mi": 103.99989063867017,
        "recent1": 0,
        "recent3": 0,
        "recent7": 3.4999975145152304
    },
    "Luke": {
        "mi": 123.49926429650837,
        "recent1": 0,
        "recent3": 0,
        "recent7": 25.166216793923486
    },
    "Brendan": {
        "mi": 38.1951279527559,
        "recent1": 0,
        "recent3": 0,
        "recent7": 0
    },
    "conor": {
        "mi": 7.710843672949971,
        "recent1": 0,
        "recent3": 0,
        "recent7": 0
    },
    "_meta": {
        "num_activities": 236,
        "time": "2024-02-09 21:13:28"
    }
}