{
    "Brib": {
        "mi": 2688.077688797424,
        "recent1": 21.50826672234152,
        "recent3": 43.10483029109997,
        "recent7": 123.88755915453748
    },
    "Botond": {
        "mi": 92.25094199872747,
        "recent1": 3.181544778493597,
        "recent3": 8.5851129404279,
        "recent7": 24.1192684721228
    },
    "Luke": {
        "mi": 209.98195538057746,
        "recent1": 0,
        "recent3": 6.92108088761632,
        "recent7": 12.025769506084465
    },
    "Justin": {
        "mi": 2575.102277698242,
        "recent1": 0,
        "recent3": 19.830937326016063,
        "recent7": 80.52691034359341
    },
    "Travis": {
        "mi": 867.8941854569314,
        "recent1": 0,
        "recent3": 0,
        "recent7": 59.45248498767199
    },
    "Jerome": {
        "mi": 1031.6958959675496,
        "recent1": 0,
        "recent3": 0,
        "recent7": 0
    },
    "conor": {
        "mi": 25.448381452318454,
        "recent1": 0,
        "recent3": 0,
        "recent7": 0
    },
    "Brendan": {
        "mi": 40.85061987990137,
        "recent1": 0,
        "recent3": 0,
        "recent7": 0
    },
    "Tyler": {
        "mi": 113.99986578382249,
        "recent1": 0,
        "recent3": 0,
        "recent7": 0
    },
    "_meta": {
        "num_activities": 562,
        "time": "2024-05-12 02:07:36"
    }
}