{
    "Luke": {
        "mi": 37.592522170524134,
        "recent1": 5.360320726954585,
        "recent3": 9.253086972083034,
        "recent7": 31.88050534876322
    },
    "Brib": {
        "mi": 451.94793655054474,
        "recent1": 20.439508271693306,
        "recent3": 57.39636771255866,
        "recent7": 182.38903553249023
    },
    "Justin": {
        "mi": 451.33638302314483,
        "recent1": 54.708937306132185,
        "recent3": 95.95661337787321,
        "recent7": 173.8146101765688
    },
    "Travis": {
        "mi": 284.1406809234074,
        "recent1": 52.30012974230494,
        "recent3": 86.40023512685914,
        "recent7": 103.80030621172354
    },
    "Jerome": {
        "mi": 386.10607800445405,
        "recent1": 25.791626898910362,
        "recent3": 71.00290553169489,
        "recent7": 143.3623265131631
    },
    "Tyler": {
        "mi": 45.19996967708582,
        "recent1": 0,
        "recent3": 1.499990058060924,
        "recent7": 28.799995526127418
    },
    "conor": {
        "mi": 7.710843672949971,
        "recent1": 0,
        "recent3": 0,
        "recent7": 0
    },
    "_meta": {
        "num_activities": 127,
        "time": "2024-01-20 18:30:21"
    }
}