{
    "Brib": {
        "mi": 2859.0108143442308,
        "recent1": 36.236255269227705,
        "recent3": 36.236255269227705,
        "recent7": 90.25515986638034
    },
    "Botond": {
        "mi": 193.29950588562784,
        "recent1": 0,
        "recent3": 17.617861687743577,
        "recent7": 42.39205539648453
    },
    "Justin": {
        "mi": 2630.885503658633,
        "recent1": 0,
        "recent3": 0,
        "recent7": 19.847527936848802
    },
    "Luke": {
        "mi": 235.7029323749304,
        "recent1": 0,
        "recent3": 0,
        "recent7": 6.131939473474906
    },
    "Travis": {
        "mi": 901.3031396643601,
        "recent1": 0,
        "recent3": 0,
        "recent7": 10.000534379225323
    },
    "Jerome": {
        "mi": 1031.6958959675496,
        "recent1": 0,
        "recent3": 0,
        "recent7": 0
    },
    "conor": {
        "mi": 25.448381452318454,
        "recent1": 0,
        "recent3": 0,
        "recent7": 0
    },
    "Brendan": {
        "mi": 40.85061987990137,
        "recent1": 0,
        "recent3": 0,
        "recent7": 0
    },
    "Tyler": {
        "mi": 113.99986578382249,
        "recent1": 0,
        "recent3": 0,
        "recent7": 0
    },
    "_meta": {
        "num_activities": 634,
        "time": "2024-05-28 17:14:56"
    }
}