{
    "Luke": {
        "mi": 260.5227347291816,
        "recent1": 2.646482044858029,
        "recent3": 9.170506740634693,
        "recent7": 19.196144516026404
    },
    "Botond": {
        "mi": 233.11647478724234,
        "recent1": 4.773994869959436,
        "recent3": 22.17679998806967,
        "recent7": 31.15517875606458
    },
    "Brib": {
        "mi": 2968.080037580531,
        "recent1": 21.172229181579574,
        "recent3": 36.22886095204008,
        "recent7": 88.37358575916646
    },
    "Justin": {
        "mi": 2663.3066019446424,
        "recent1": 0,
        "recent3": 13.812149546647577,
        "recent7": 13.812149546647577
    },
    "Travis": {
        "mi": 912.2929591187462,
        "recent1": 0,
        "recent3": 6.800659150560725,
        "recent7": 6.800659150560725
    },
    "Jerome": {
        "mi": 1031.6958959675496,
        "recent1": 0,
        "recent3": 0,
        "recent7": 0
    },
    "conor": {
        "mi": 25.448381452318454,
        "recent1": 0,
        "recent3": 0,
        "recent7": 0
    },
    "Brendan": {
        "mi": 40.85061987990137,
        "recent1": 0,
        "recent3": 0,
        "recent7": 0
    },
    "Tyler": {
        "mi": 113.99986578382249,
        "recent1": 0,
        "recent3": 0,
        "recent7": 0
    },
    "_meta": {
        "num_activities": 677,
        "time": "2024-06-05 22:15:50"
    }
}