{
    "Botond": {
        "mi": 396.1158086773244,
        "recent1": 3.0906381730692756,
        "recent3": 18.66704694583632,
        "recent7": 34.072640777857316
    },
    "Brib": {
        "mi": 3496.939374055516,
        "recent1": 28.742083731010894,
        "recent3": 70.99495198043425,
        "recent7": 168.115952835441
    },
    "Travis": {
        "mi": 975.2067923327763,
        "recent1": 3.258035572258013,
        "recent3": 18.874087827089795,
        "recent7": 26.012710769108406
    },
    "Justin": {
        "mi": 2803.222555277181,
        "recent1": 0,
        "recent3": 21.409903662610354,
        "recent7": 21.409903662610354
    },
    "Luke": {
        "mi": 279.6078402131552,
        "recent1": 0,
        "recent3": 2.678979758212041,
        "recent7": 5.1191044301280515
    },
    "Jerome": {
        "mi": 1031.6958959675496,
        "recent1": 0,
        "recent3": 0,
        "recent7": 0
    },
    "conor": {
        "mi": 25.448381452318454,
        "recent1": 0,
        "recent3": 0,
        "recent7": 0
    },
    "Brendan": {
        "mi": 40.85061987990137,
        "recent1": 0,
        "recent3": 0,
        "recent7": 0
    },
    "Tyler": {
        "mi": 113.99986578382249,
        "recent1": 0,
        "recent3": 0,
        "recent7": 0
    },
    "_meta": {
        "num_activities": 794,
        "time": "2024-07-11 21:29:15"
    }
}