{
    "Brib": {
        "mi": 2169.8209953869414,
        "recent1": 40.52129314801559,
        "recent3": 62.532497713354005,
        "recent7": 124.99720382963493
    },
    "Justin": {
        "mi": 2119.806020341208,
        "recent1": 18.00969836156844,
        "recent3": 36.348102083830426,
        "recent7": 57.05306012884753
    },
    "Luke": {
        "mi": 171.35528513481273,
        "recent1": 0,
        "recent3": 2.354872544341048,
        "recent7": 2.354872544341048
    },
    "Jerome": {
        "mi": 1031.6958959675496,
        "recent1": 0,
        "recent3": 16.489389465521352,
        "recent7": 16.489389465521352
    },
    "Travis": {
        "mi": 808.4417004692593,
        "recent1": 0,
        "recent3": 0,
        "recent7": 0
    },
    "conor": {
        "mi": 25.448381452318454,
        "recent1": 0,
        "recent3": 0,
        "recent7": 0
    },
    "Brendan": {
        "mi": 40.85061987990137,
        "recent1": 0,
        "recent3": 0,
        "recent7": 0
    },
    "Tyler": {
        "mi": 113.99986578382249,
        "recent1": 0,
        "recent3": 0,
        "recent7": 0
    },
    "_meta": {
        "num_activities": 438,
        "time": "2024-04-03 17:13:31"
    }
}