{
    "Brib": {
        "mi": 2024.810171100771,
        "recent1": 20.53389455579416,
        "recent3": 64.8275322118826,
        "recent7": 113.1244780481985
    },
    "Justin": {
        "mi": 2031.2339686232406,
        "recent1": 15.849874234470692,
        "recent3": 59.925597013441504,
        "recent7": 97.64984987671997
    },
    "Jerome": {
        "mi": 1015.206506502028,
        "recent1": 0,
        "recent3": 2.999980116121848,
        "recent7": 18.223822874413422
    },
    "Travis": {
        "mi": 808.4417004692593,
        "recent1": 0,
        "recent3": 10.10001590710252,
        "recent7": 25.200019386781193
    },
    "Luke": {
        "mi": 169.00041259047168,
        "recent1": 0,
        "recent3": 0,
        "recent7": 0
    },
    "conor": {
        "mi": 25.448381452318454,
        "recent1": 0,
        "recent3": 0,
        "recent7": 0
    },
    "Brendan": {
        "mi": 40.85061987990137,
        "recent1": 0,
        "recent3": 0,
        "recent7": 0
    },
    "Tyler": {
        "mi": 113.99986578382249,
        "recent1": 0,
        "recent3": 0,
        "recent7": 0
    },
    "_meta": {
        "num_activities": 420,
        "time": "2024-03-25 23:27:37"
    }
}