{
    "Botond": {
        "mi": 368.72818987115255,
        "recent1": 2.50021126620536,
        "recent3": 12.316198401336194,
        "recent7": 24.70863904795991
    },
    "Luke": {
        "mi": 276.92886045494316,
        "recent1": 2.4401246719160103,
        "recent3": 5.867173208462578,
        "recent7": 5.867173208462578
    },
    "Brib": {
        "mi": 3350.389289051937,
        "recent1": 21.565867831861926,
        "recent3": 42.571569533921895,
        "recent7": 63.99489481428458
    },
    "Travis": {
        "mi": 949.1940815636681,
        "recent1": 0,
        "recent3": 0,
        "recent7": 0
    },
    "Justin": {
        "mi": 2781.8126516145703,
        "recent1": 0,
        "recent3": 0,
        "recent7": 0
    },
    "Jerome": {
        "mi": 1031.6958959675496,
        "recent1": 0,
        "recent3": 0,
        "recent7": 0
    },
    "conor": {
        "mi": 25.448381452318454,
        "recent1": 0,
        "recent3": 0,
        "recent7": 0
    },
    "Brendan": {
        "mi": 40.85061987990137,
        "recent1": 0,
        "recent3": 0,
        "recent7": 0
    },
    "Tyler": {
        "mi": 113.99986578382249,
        "recent1": 0,
        "recent3": 0,
        "recent7": 0
    },
    "_meta": {
        "num_activities": 768,
        "time": "2024-07-06 01:11:42"
    }
}