{
    "Justin": {
        "mi": 1798.5417660860583,
        "recent1": 20.20904169649248,
        "recent3": 20.20904169649248,
        "recent7": 207.76670494313208
    },
    "Brib": {
        "mi": 1778.2727620695139,
        "recent1": 10.519192913385826,
        "recent3": 85.67093175853017,
        "recent7": 296.2157873021554
    },
    "Travis": {
        "mi": 704.2415418953312,
        "recent1": 10.000037282271533,
        "recent3": 10.000037282271533,
        "recent7": 49.00008947745168
    },
    "Jerome": {
        "mi": 941.5000149129085,
        "recent1": 0,
        "recent3": 2.0000074564543064,
        "recent7": 73.95280312972241
    },
    "Luke": {
        "mi": 161.23060079137838,
        "recent1": 0,
        "recent3": 0,
        "recent7": 0
    },
    "conor": {
        "mi": 25.448381452318454,
        "recent1": 0,
        "recent3": 0,
        "recent7": 0
    },
    "Brendan": {
        "mi": 40.85061987990137,
        "recent1": 0,
        "recent3": 0,
        "recent7": 0
    },
    "Tyler": {
        "mi": 113.99986578382249,
        "recent1": 0,
        "recent3": 0,
        "recent7": 0
    },
    "_meta": {
        "num_activities": 362,
        "time": "2024-03-09 21:14:36"
    }
}