{
    "Brib": {
        "mi": 1174.9455678835593,
        "recent1": 28.944837151037937,
        "recent3": 28.944837151037937,
        "recent7": 63.97712359818658
    },
    "Travis": {
        "mi": 533.2411839855243,
        "recent1": 6.300020380975105,
        "recent3": 19.60003579098067,
        "recent7": 37.900100910681616
    },
    "Justin": {
        "mi": 1147.158034578064,
        "recent1": 32.12072745168218,
        "recent3": 116.38381849996023,
        "recent7": 192.2551673228346
    },
    "Luke": {
        "mi": 137.23380458124555,
        "recent1": 0,
        "recent3": 5.734137636204565,
        "recent7": 10.519565736101168
    },
    "Brendan": {
        "mi": 38.85061242344706,
        "recent1": 0,
        "recent3": 0.6554844706911636,
        "recent7": 0.6554844706911636
    },
    "conor": {
        "mi": 16.514741410164635,
        "recent1": 0,
        "recent3": 0,
        "recent7": 4.626108526206951
    },
    "Jerome": {
        "mi": 735.4902370158276,
        "recent1": 0,
        "recent3": 0,
        "recent7": 0
    },
    "Tyler": {
        "mi": 103.99989063867017,
        "recent1": 0,
        "recent3": 0,
        "recent7": 0
    },
    "_meta": {
        "num_activities": 273,
        "time": "2024-02-20 02:20:46"
    }
}