{
    "Tyler": {
        "mi": 100.49989312415494,
        "recent1": 5.29998558418834,
        "recent3": 12.2999806132188,
        "recent7": 32.29993090352342
    },
    "Travis": {
        "mi": 389.1409170444603,
        "recent1": 11.500027340332457,
        "recent3": 37.90003877356239,
        "recent7": 69.10014266682573
    },
    "Jerome": {
        "mi": 595.7578367334764,
        "recent1": 4.000014912908613,
        "recent3": 37.56424978127734,
        "recent7": 108.63426340173388
    },
    "Brib": {
        "mi": 790.764435695538,
        "recent1": 20.07115942893502,
        "recent3": 61.86421299610276,
        "recent7": 207.25972818738563
    },
    "Luke": {
        "mi": 72.4818932434582,
        "recent1": 1.6530337827089796,
        "recent3": 5.061751869084546,
        "recent7": 31.67762765449773
    },
    "Justin": {
        "mi": 700.4142681738647,
        "recent1": 20.23644416607015,
        "recent3": 40.36849797184443,
        "recent7": 111.71912282271533
    },
    "Brendan": {
        "mi": 38.1951279527559,
        "recent1": 0,
        "recent3": 3.1068559611866697,
        "recent7": 33.162021295633494
    },
    "conor": {
        "mi": 7.710843672949971,
        "recent1": 0,
        "recent3": 0,
        "recent7": 0
    },
    "_meta": {
        "num_activities": 203,
        "time": "2024-02-02 01:04:40"
    }
}