{
    "Botond": {
        "mi": 167.5992205519764,
        "recent1": 5.190748528593016,
        "recent3": 16.691770062833054,
        "recent7": 46.68939642487871
    },
    "Brib": {
        "mi": 2822.774559075003,
        "recent1": 15.512096854370474,
        "recent3": 54.01890459715263,
        "recent7": 74.29635926191044
    },
    "Justin": {
        "mi": 2630.885503658633,
        "recent1": 19.847527936848802,
        "recent3": 19.847527936848802,
        "recent7": 36.68140559134653
    },
    "Luke": {
        "mi": 235.7029323749304,
        "recent1": 0.9279557384872346,
        "recent3": 6.131939473474906,
        "recent7": 13.989737433389006
    },
    "Travis": {
        "mi": 901.3031396643601,
        "recent1": 0,
        "recent3": 10.000534379225323,
        "recent7": 14.184102342320845
    },
    "Jerome": {
        "mi": 1031.6958959675496,
        "recent1": 0,
        "recent3": 0,
        "recent7": 0
    },
    "conor": {
        "mi": 25.448381452318454,
        "recent1": 0,
        "recent3": 0,
        "recent7": 0
    },
    "Brendan": {
        "mi": 40.85061987990137,
        "recent1": 0,
        "recent3": 0,
        "recent7": 0
    },
    "Tyler": {
        "mi": 113.99986578382249,
        "recent1": 0,
        "recent3": 0,
        "recent7": 0
    },
    "_meta": {
        "num_activities": 626,
        "time": "2024-05-24 20:28:18"
    }
}