{
    "Brib": {
        "mi": 2129.2997022389254,
        "recent1": 22.01120456533842,
        "recent3": 22.01120456533842,
        "recent7": 125.02342569394735
    },
    "Luke": {
        "mi": 170.63120128449856,
        "recent1": 1.630788694026883,
        "recent3": 1.630788694026883,
        "recent7": 1.630788694026883
    },
    "Justin": {
        "mi": 2083.457918257377,
        "recent1": 0,
        "recent3": 20.7049580450171,
        "recent7": 52.223949634136645
    },
    "Jerome": {
        "mi": 1015.206506502028,
        "recent1": 0,
        "recent3": 0,
        "recent7": 0
    },
    "Travis": {
        "mi": 808.4417004692593,
        "recent1": 0,
        "recent3": 0,
        "recent7": 0
    },
    "conor": {
        "mi": 25.448381452318454,
        "recent1": 0,
        "recent3": 0,
        "recent7": 0
    },
    "Brendan": {
        "mi": 40.85061987990137,
        "recent1": 0,
        "recent3": 0,
        "recent7": 0
    },
    "Tyler": {
        "mi": 113.99986578382249,
        "recent1": 0,
        "recent3": 0,
        "recent7": 0
    },
    "_meta": {
        "num_activities": 430,
        "time": "2024-04-01 17:16:43"
    }
}