{
    "Botond": {
        "mi": 430.54008341286885,
        "recent1": 2.9659289747872424,
        "recent3": 16.042499304064265,
        "recent7": 27.293729619024894
    },
    "Luke": {
        "mi": 300.01230314960634,
        "recent1": 3.4965178358387017,
        "recent3": 4.669853058140459,
        "recent7": 20.40446293645112
    },
    "Brib": {
        "mi": 3550.2949027678364,
        "recent1": 0,
        "recent3": 22.567207508152386,
        "recent7": 32.67318857870038
    },
    "Travis": {
        "mi": 989.6744884872344,
        "recent1": 0,
        "recent3": 10.252003300723773,
        "recent7": 10.252003300723773
    },
    "Justin": {
        "mi": 2824.652839914897,
        "recent1": 0,
        "recent3": 21.430284637715737,
        "recent7": 21.430284637715737
    },
    "Jerome": {
        "mi": 1031.6958959675496,
        "recent1": 0,
        "recent3": 0,
        "recent7": 0
    },
    "conor": {
        "mi": 25.448381452318454,
        "recent1": 0,
        "recent3": 0,
        "recent7": 0
    },
    "Brendan": {
        "mi": 40.85061987990137,
        "recent1": 0,
        "recent3": 0,
        "recent7": 0
    },
    "Tyler": {
        "mi": 113.99986578382249,
        "recent1": 0,
        "recent3": 0,
        "recent7": 0
    },
    "_meta": {
        "num_activities": 826,
        "time": "2024-07-19 14:16:49"
    }
}