{
    "Botond": {
        "mi": 448.6598266125825,
        "recent1": 7.9898393382645345,
        "recent3": 18.11974319971367,
        "recent7": 34.16224250377793
    },
    "Brib": {
        "mi": 3604.926727909012,
        "recent1": 11.371341366420106,
        "recent3": 54.631825141175526,
        "recent7": 77.1990326493279
    },
    "Luke": {
        "mi": 308.4649397518492,
        "recent1": 0,
        "recent3": 8.452636602242901,
        "recent7": 13.12248966038336
    },
    "Travis": {
        "mi": 989.6744884872344,
        "recent1": 0,
        "recent3": 0,
        "recent7": 10.252003300723773
    },
    "Justin": {
        "mi": 2824.652839914897,
        "recent1": 0,
        "recent3": 0,
        "recent7": 21.430284637715737
    },
    "Jerome": {
        "mi": 1031.6958959675496,
        "recent1": 0,
        "recent3": 0,
        "recent7": 0
    },
    "conor": {
        "mi": 25.448381452318454,
        "recent1": 0,
        "recent3": 0,
        "recent7": 0
    },
    "Brendan": {
        "mi": 40.85061987990137,
        "recent1": 0,
        "recent3": 0,
        "recent7": 0
    },
    "Tyler": {
        "mi": 113.99986578382249,
        "recent1": 0,
        "recent3": 0,
        "recent7": 0
    },
    "_meta": {
        "num_activities": 837,
        "time": "2024-07-22 22:15:51"
    }
}