{
    "Justin": {
        "mi": 2494.5753673546487,
        "recent1": 18.707933170285532,
        "recent3": 18.707933170285532,
        "recent7": 77.22003499562554
    },
    "Luke": {
        "mi": 196.8042879583234,
        "recent1": 4.789467012646146,
        "recent3": 4.789467012646146,
        "recent7": 12.344532927702218
    },
    "Brib": {
        "mi": 2564.1901296428864,
        "recent1": 25.643678418038654,
        "recent3": 37.18533762825101,
        "recent7": 37.18533762825101
    },
    "Botond": {
        "mi": 65.1526957567804,
        "recent1": 3.2154095084705316,
        "recent3": 65.1526957567804,
        "recent7": 65.1526957567804
    },
    "Jerome": {
        "mi": 1031.6958959675496,
        "recent1": 0,
        "recent3": 0,
        "recent7": 0
    },
    "Travis": {
        "mi": 808.4417004692593,
        "recent1": 0,
        "recent3": 0,
        "recent7": 0
    },
    "conor": {
        "mi": 25.448381452318454,
        "recent1": 0,
        "recent3": 0,
        "recent7": 0
    },
    "Brendan": {
        "mi": 40.85061987990137,
        "recent1": 0,
        "recent3": 0,
        "recent7": 0
    },
    "Tyler": {
        "mi": 113.99986578382249,
        "recent1": 0,
        "recent3": 0,
        "recent7": 0
    },
    "_meta": {
        "num_activities": 523,
        "time": "2024-05-05 13:16:01"
    }
}