{
    "Luke": {
        "mi": 221.71319494154142,
        "recent1": 2.5095939712081443,
        "recent3": 5.43097063151197,
        "recent7": 15.348862642169728
    },
    "Botond": {
        "mi": 120.90982412709776,
        "recent1": 4.1469070627535185,
        "recent3": 18.382645351149286,
        "recent7": 33.39646464646464
    },
    "Travis": {
        "mi": 887.119037322039,
        "recent1": 4.155357710967946,
        "recent3": 19.22485186510777,
        "recent7": 19.22485186510777
    },
    "Brib": {
        "mi": 2748.4781998130925,
        "recent1": 0,
        "recent3": 19.22522468782311,
        "recent7": 81.90877773801
    },
    "Justin": {
        "mi": 2594.204098067287,
        "recent1": 0,
        "recent3": 19.101820369044777,
        "recent7": 38.93275769506084
    },
    "Jerome": {
        "mi": 1031.6958959675496,
        "recent1": 0,
        "recent3": 0,
        "recent7": 0
    },
    "conor": {
        "mi": 25.448381452318454,
        "recent1": 0,
        "recent3": 0,
        "recent7": 0
    },
    "Brendan": {
        "mi": 40.85061987990137,
        "recent1": 0,
        "recent3": 0,
        "recent7": 0
    },
    "Tyler": {
        "mi": 113.99986578382249,
        "recent1": 0,
        "recent3": 0,
        "recent7": 0
    },
    "_meta": {
        "num_activities": 589,
        "time": "2024-05-17 17:29:12"
    }
}