{
    "Brib": {
        "mi": 3172.360415175376,
        "recent1": 20.019958442694662,
        "recent3": 20.019958442694662,
        "recent7": 78.76470164240833
    },
    "Botond": {
        "mi": 318.23500755587366,
        "recent1": 6.711305973116996,
        "recent3": 19.218576016066173,
        "recent7": 29.61243835997773
    },
    "Travis": {
        "mi": 945.0070960590151,
        "recent1": 0,
        "recent3": 1.682300365863358,
        "recent7": 16.84388173069275
    },
    "Luke": {
        "mi": 270.0660020480395,
        "recent1": 0,
        "recent3": 2.3676106537819135,
        "recent7": 2.3676106537819135
    },
    "Justin": {
        "mi": 2781.8126516145703,
        "recent1": 0,
        "recent3": 0,
        "recent7": 0
    },
    "Jerome": {
        "mi": 1031.6958959675496,
        "recent1": 0,
        "recent3": 0,
        "recent7": 0
    },
    "conor": {
        "mi": 25.448381452318454,
        "recent1": 0,
        "recent3": 0,
        "recent7": 0
    },
    "Brendan": {
        "mi": 40.85061987990137,
        "recent1": 0,
        "recent3": 0,
        "recent7": 0
    },
    "Tyler": {
        "mi": 113.99986578382249,
        "recent1": 0,
        "recent3": 0,
        "recent7": 0
    },
    "_meta": {
        "num_activities": 735,
        "time": "2024-06-24 17:14:51"
    }
}