{
    "Justin": {
        "mi": 990.2580181738645,
        "recent1": 35.35515091863517,
        "recent3": 35.35515091863517,
        "recent7": 147.5682638391792
    },
    "Brib": {
        "mi": 1146.0007307325216,
        "recent1": 10.013396762904636,
        "recent3": 55.23629503698401,
        "recent7": 148.3129772130756
    },
    "Luke": {
        "mi": 129.56098882526047,
        "recent1": 2.8467499801161216,
        "recent3": 2.8467499801161216,
        "recent7": 6.061724528752087
    },
    "Travis": {
        "mi": 497.54110991807835,
        "recent1": 0,
        "recent3": 26.500052195180146,
        "recent7": 69.80011731488109
    },
    "Jerome": {
        "mi": 735.4902370158276,
        "recent1": 0,
        "recent3": 21.13308279646862,
        "recent7": 93.28229390360295
    },
    "conor": {
        "mi": 11.888632883957685,
        "recent1": 0,
        "recent3": 0,
        "recent7": 4.177789211007714
    },
    "Tyler": {
        "mi": 103.99989063867017,
        "recent1": 0,
        "recent3": 0,
        "recent7": 0
    },
    "Brendan": {
        "mi": 38.1951279527559,
        "recent1": 0,
        "recent3": 0,
        "recent7": 0
    },
    "_meta": {
        "num_activities": 254,
        "time": "2024-02-14 22:28:48"
    }
}