{
    "Luke": {
        "mi": 229.5709929014555,
        "recent1": 4.448644913703968,
        "recent3": 6.761202079853653,
        "recent7": 13.28876859142607
    },
    "Brib": {
        "mi": 2768.7556544778504,
        "recent1": 20.277454664757812,
        "recent3": 20.277454664757812,
        "recent7": 39.50267935258092
    },
    "Botond": {
        "mi": 147.644878907182,
        "recent1": 7.013665195259684,
        "recent3": 25.94554054322755,
        "recent7": 45.11770013123359
    },
    "Travis": {
        "mi": 891.3026052851346,
        "recent1": 4.183567963095522,
        "recent3": 4.183567963095522,
        "recent7": 23.40841982820329
    },
    "Justin": {
        "mi": 2611.0379757217843,
        "recent1": 0,
        "recent3": 0,
        "recent7": 35.935698023542514
    },
    "Jerome": {
        "mi": 1031.6958959675496,
        "recent1": 0,
        "recent3": 0,
        "recent7": 0
    },
    "conor": {
        "mi": 25.448381452318454,
        "recent1": 0,
        "recent3": 0,
        "recent7": 0
    },
    "Brendan": {
        "mi": 40.85061987990137,
        "recent1": 0,
        "recent3": 0,
        "recent7": 0
    },
    "Tyler": {
        "mi": 113.99986578382249,
        "recent1": 0,
        "recent3": 0,
        "recent7": 0
    },
    "_meta": {
        "num_activities": 606,
        "time": "2024-05-21 18:20:40"
    }
}