{
    "Luke": {
        "mi": 182.90085898353618,
        "recent1": 1.1526435616002544,
        "recent3": 6.934316094010975,
        "recent7": 10.72548814920862
    },
    "Brib": {
        "mi": 2527.0047920146358,
        "recent1": 20.551417223415257,
        "recent3": 63.18027718126143,
        "recent7": 106.3699246401018
    },
    "Justin": {
        "mi": 2379.5135160661744,
        "recent1": 22.358364650441423,
        "recent3": 39.351499741509585,
        "recent7": 107.06840799729578
    },
    "Jerome": {
        "mi": 1031.6958959675496,
        "recent1": 0,
        "recent3": 0,
        "recent7": 0
    },
    "Travis": {
        "mi": 808.4417004692593,
        "recent1": 0,
        "recent3": 0,
        "recent7": 0
    },
    "conor": {
        "mi": 25.448381452318454,
        "recent1": 0,
        "recent3": 0,
        "recent7": 0
    },
    "Brendan": {
        "mi": 40.85061987990137,
        "recent1": 0,
        "recent3": 0,
        "recent7": 0
    },
    "Tyler": {
        "mi": 113.99986578382249,
        "recent1": 0,
        "recent3": 0,
        "recent7": 0
    },
    "_meta": {
        "num_activities": 479,
        "time": "2024-04-25 22:46:54"
    }
}