{
    "Brib": {
        "mi": 1453.8743115207187,
        "recent1": 95.27229728386223,
        "recent3": 179.75877127574958,
        "recent7": 230.3895251729897
    },
    "Justin": {
        "mi": 1540.5824360733325,
        "recent1": 60.62401823351627,
        "recent3": 136.81500039767758,
        "recent7": 255.0439806529866
    },
    "Jerome": {
        "mi": 842.3586877634613,
        "recent1": 44.09647657679153,
        "recent3": 74.37452775789389,
        "recent7": 91.75123528593015
    },
    "Travis": {
        "mi": 635.1413992285056,
        "recent1": 14.500007456454306,
        "recent3": 40.50004225324107,
        "recent7": 72.50009941939075
    },
    "conor": {
        "mi": 25.448381452318454,
        "recent1": 0,
        "recent3": 0,
        "recent7": 8.93364004215382
    },
    "Luke": {
        "mi": 151.29742304939157,
        "recent1": 0,
        "recent3": 0,
        "recent7": 12.689642487870834
    },
    "Brendan": {
        "mi": 40.85061987990137,
        "recent1": 0,
        "recent3": 0,
        "recent7": 0
    },
    "Tyler": {
        "mi": 113.99986578382249,
        "recent1": 0,
        "recent3": 0,
        "recent7": 0
    },
    "_meta": {
        "num_activities": 328,
        "time": "2024-03-02 15:13:27"
    }
}