{
    "Brib": {
        "mi": 1110.968444285373,
        "recent1": 20.20400858983536,
        "recent3": 70.71465143561599,
        "recent7": 154.689177702219
    },
    "Justin": {
        "mi": 954.9028672552292,
        "recent1": 30.154398313847132,
        "recent3": 91.85003330549588,
        "recent7": 157.6792158792651
    },
    "Luke": {
        "mi": 126.71423884514432,
        "recent1": 0,
        "recent3": 3.2149745486359658,
        "recent7": 3.2149745486359658
    },
    "Travis": {
        "mi": 471.0410577228982,
        "recent1": 0,
        "recent3": 12.00004473872584,
        "recent7": 66.30005766324663
    },
    "conor": {
        "mi": 11.888632883957685,
        "recent1": 0,
        "recent3": 4.177789211007714,
        "recent7": 4.177789211007714
    },
    "Jerome": {
        "mi": 714.357154219359,
        "recent1": 0,
        "recent3": 52.035674162888725,
        "recent7": 93.4764102640579
    },
    "Tyler": {
        "mi": 103.99989063867017,
        "recent1": 0,
        "recent3": 0,
        "recent7": 3.4999975145152304
    },
    "Brendan": {
        "mi": 38.1951279527559,
        "recent1": 0,
        "recent3": 0,
        "recent7": 0
    },
    "_meta": {
        "num_activities": 247,
        "time": "2024-02-12 18:17:44"
    }
}