{
    "Travis": {
        "mi": 912.2929591187462,
        "recent1": 6.800659150560725,
        "recent3": 6.800659150560725,
        "recent7": 10.989819454386383
    },
    "Botond": {
        "mi": 217.29785552374122,
        "recent1": 6.35818072456852,
        "recent3": 6.35818072456852,
        "recent7": 23.998349638113417
    },
    "Luke": {
        "mi": 255.55499632148255,
        "recent1": 4.202768332935655,
        "recent3": 9.525371828521433,
        "recent7": 19.852063946552132
    },
    "Brib": {
        "mi": 2931.851176628491,
        "recent1": 0,
        "recent3": 0,
        "recent7": 109.07661755348762
    },
    "Justin": {
        "mi": 2649.494452397995,
        "recent1": 0,
        "recent3": 0,
        "recent7": 18.608948739362123
    },
    "Jerome": {
        "mi": 1031.6958959675496,
        "recent1": 0,
        "recent3": 0,
        "recent7": 0
    },
    "conor": {
        "mi": 25.448381452318454,
        "recent1": 0,
        "recent3": 0,
        "recent7": 0
    },
    "Brendan": {
        "mi": 40.85061987990137,
        "recent1": 0,
        "recent3": 0,
        "recent7": 0
    },
    "Tyler": {
        "mi": 113.99986578382249,
        "recent1": 0,
        "recent3": 0,
        "recent7": 0
    },
    "_meta": {
        "num_activities": 663,
        "time": "2024-06-03 23:17:18"
    }
}