{
    "Botond": {
        "mi": 262.81261184681455,
        "recent1": 9.474667939234868,
        "recent3": 15.259323053368327,
        "recent7": 43.23612602401972
    },
    "Justin": {
        "mi": 2737.04608834407,
        "recent1": 17.537083432752723,
        "recent3": 35.50042750338026,
        "recent7": 73.73948639942734
    },
    "Travis": {
        "mi": 923.5970059850472,
        "recent1": 6.741566750178954,
        "recent3": 6.741566750178954,
        "recent7": 11.304046866300801
    },
    "Brib": {
        "mi": 3018.6884842519694,
        "recent1": 0,
        "recent3": 15.11920384951881,
        "recent7": 71.78067585301837
    },
    "Luke": {
        "mi": 267.69839139425756,
        "recent1": 0,
        "recent3": 0,
        "recent7": 10.656018849916487
    },
    "Jerome": {
        "mi": 1031.6958959675496,
        "recent1": 0,
        "recent3": 0,
        "recent7": 0
    },
    "conor": {
        "mi": 25.448381452318454,
        "recent1": 0,
        "recent3": 0,
        "recent7": 0
    },
    "Brendan": {
        "mi": 40.85061987990137,
        "recent1": 0,
        "recent3": 0,
        "recent7": 0
    },
    "Tyler": {
        "mi": 113.99986578382249,
        "recent1": 0,
        "recent3": 0,
        "recent7": 0
    },
    "_meta": {
        "num_activities": 700,
        "time": "2024-06-11 17:15:57"
    }
}