{
    "Jerome": {
        "mi": 225.29204446035155,
        "recent1": 71.60315010339616,
        "recent3": 135.11598514674301,
        "recent7": 186.28820190089877
    },
    "Brib": {
        "mi": 269.55890101805454,
        "recent1": 79.2837951364034,
        "recent3": 132.86624860812853,
        "recent7": 229.84389912908614
    },
    "Travis": {
        "mi": 175.94038316233198,
        "recent1": 29.700113835202416,
        "recent3": 61.30019436490892,
        "recent7": 119.00035045335241
    },
    "Justin": {
        "mi": 233.48563141255062,
        "recent1": 56.33469289350194,
        "recent3": 97.34562654100054,
        "recent7": 194.17203531376754
    },
    "Tyler": {
        "mi": 16.3999741509584,
        "recent1": 1.499990058060924,
        "recent3": 10.799990555157876,
        "recent7": 16.3999741509584
    },
    "conor": {
        "mi": 7.710843672949971,
        "recent1": 0,
        "recent3": 0,
        "recent7": 7.710843672949971
    },
    "_meta": {
        "num_activities": 76,
        "time": "2024-01-13 04:09:54"
    }
}