{
    "Botond": {
        "mi": 335.9331504016544,
        "recent1": 1.5448530581404594,
        "recent3": 12.6165070985445,
        "recent7": 36.91671886184681
    },
    "Travis": {
        "mi": 949.1940815636681,
        "recent1": 4.186985504652827,
        "recent3": 4.186985504652827,
        "recent7": 5.869285870516185
    },
    "Brib": {
        "mi": 3262.35671180307,
        "recent1": 21.584508967629045,
        "recent3": 89.99629662769426,
        "recent7": 110.01625507038892
    },
    "Luke": {
        "mi": 271.0616872464806,
        "recent1": 0,
        "recent3": 0,
        "recent7": 3.3632958522230174
    },
    "Justin": {
        "mi": 2781.8126516145703,
        "recent1": 0,
        "recent3": 0,
        "recent7": 0
    },
    "Jerome": {
        "mi": 1031.6958959675496,
        "recent1": 0,
        "recent3": 0,
        "recent7": 0
    },
    "conor": {
        "mi": 25.448381452318454,
        "recent1": 0,
        "recent3": 0,
        "recent7": 0
    },
    "Brendan": {
        "mi": 40.85061987990137,
        "recent1": 0,
        "recent3": 0,
        "recent7": 0
    },
    "Tyler": {
        "mi": 113.99986578382249,
        "recent1": 0,
        "recent3": 0,
        "recent7": 0
    },
    "_meta": {
        "num_activities": 748,
        "time": "2024-06-28 14:15:19"
    }
}