{
    "Brib": {
        "mi": 2734.316218285215,
        "recent1": 5.063243159945915,
        "recent3": 67.74679621013281,
        "recent7": 105.02086564463532
    },
    "Luke": {
        "mi": 217.81141881412552,
        "recent1": 5.831506502028155,
        "recent3": 7.829463433548079,
        "recent7": 14.750544321164398
    },
    "Botond": {
        "mi": 104.09011373578302,
        "recent1": 6.873918814125506,
        "recent3": 11.839171737055594,
        "recent7": 28.717042471963726
    },
    "Justin": {
        "mi": 2575.102277698242,
        "recent1": 0,
        "recent3": 0,
        "recent7": 55.738052274715656
    },
    "Travis": {
        "mi": 867.8941854569314,
        "recent1": 0,
        "recent3": 0,
        "recent7": 2.0504627972639784
    },
    "Jerome": {
        "mi": 1031.6958959675496,
        "recent1": 0,
        "recent3": 0,
        "recent7": 0
    },
    "conor": {
        "mi": 25.448381452318454,
        "recent1": 0,
        "recent3": 0,
        "recent7": 0
    },
    "Brendan": {
        "mi": 40.85061987990137,
        "recent1": 0,
        "recent3": 0,
        "recent7": 0
    },
    "Tyler": {
        "mi": 113.99986578382249,
        "recent1": 0,
        "recent3": 0,
        "recent7": 0
    },
    "_meta": {
        "num_activities": 574,
        "time": "2024-05-14 20:46:54"
    }
}