{
    "Travis": {
        "mi": 469.4410269028871,
        "recent1": 20.500029825817226,
        "recent3": 41.700034299689804,
        "recent7": 64.70002684323549
    },
    "Brib": {
        "mi": 1090.7644356955377,
        "recent1": 50.51064284578064,
        "recent3": 93.07668217609161,
        "recent7": 275.78988705957204
    },
    "Jerome": {
        "mi": 695.3474210610036,
        "recent1": 33.02594100453352,
        "recent3": 53.139477948779124,
        "recent7": 95.58956941461862
    },
    "Justin": {
        "mi": 863.0528339497334,
        "recent1": 0,
        "recent3": 20.363079615048115,
        "recent7": 142.43343871788753
    },
    "Tyler": {
        "mi": 103.99989063867017,
        "recent1": 0,
        "recent3": 0,
        "recent7": 3.4999975145152304
    },
    "Luke": {
        "mi": 123.49926429650837,
        "recent1": 0,
        "recent3": 0,
        "recent7": 25.166216793923486
    },
    "Brendan": {
        "mi": 38.1951279527559,
        "recent1": 0,
        "recent3": 0,
        "recent7": 0
    },
    "conor": {
        "mi": 7.710843672949971,
        "recent1": 0,
        "recent3": 0,
        "recent7": 0
    },
    "_meta": {
        "num_activities": 239,
        "time": "2024-02-10 18:17:15"
    }
}