{
    "Justin": {
        "mi": 2223.4622927105706,
        "recent1": 16.157639385985842,
        "recent3": 65.03898482860096,
        "recent7": 103.65627236936291
    },
    "Brib": {
        "mi": 2255.279418197727,
        "recent1": 22.010272508550067,
        "recent3": 42.52179770142368,
        "recent7": 105.46918495983456
    },
    "Luke": {
        "mi": 171.35528513481273,
        "recent1": 0,
        "recent3": 0,
        "recent7": 0
    },
    "Jerome": {
        "mi": 1031.6958959675496,
        "recent1": 0,
        "recent3": 0,
        "recent7": 0
    },
    "Travis": {
        "mi": 808.4417004692593,
        "recent1": 0,
        "recent3": 0,
        "recent7": 0
    },
    "conor": {
        "mi": 25.448381452318454,
        "recent1": 0,
        "recent3": 0,
        "recent7": 0
    },
    "Brendan": {
        "mi": 40.85061987990137,
        "recent1": 0,
        "recent3": 0,
        "recent7": 0
    },
    "Tyler": {
        "mi": 113.99986578382249,
        "recent1": 0,
        "recent3": 0,
        "recent7": 0
    },
    "_meta": {
        "num_activities": 450,
        "time": "2024-04-10 13:17:10"
    }
}