{
    "Brib": {
        "mi": 1135.9873339696169,
        "recent1": 25.018889684244012,
        "recent3": 45.22289827407937,
        "recent7": 158.5461529666746
    },
    "Jerome": {
        "mi": 735.4902370158276,
        "recent1": 21.13308279646862,
        "recent3": 40.142815954823824,
        "recent7": 114.60949306052652
    },
    "Travis": {
        "mi": 495.3410830748428,
        "recent1": 24.30002535194464,
        "recent3": 25.900056171955775,
        "recent7": 67.60009047164559
    },
    "Justin": {
        "mi": 954.9028672552292,
        "recent1": 0,
        "recent3": 91.85003330549588,
        "recent7": 157.6792158792651
    },
    "Luke": {
        "mi": 126.71423884514432,
        "recent1": 0,
        "recent3": 3.2149745486359658,
        "recent7": 3.2149745486359658
    },
    "conor": {
        "mi": 11.888632883957685,
        "recent1": 0,
        "recent3": 4.177789211007714,
        "recent7": 4.177789211007714
    },
    "Tyler": {
        "mi": 103.99989063867017,
        "recent1": 0,
        "recent3": 0,
        "recent7": 0
    },
    "Brendan": {
        "mi": 38.1951279527559,
        "recent1": 0,
        "recent3": 0,
        "recent7": 0
    },
    "_meta": {
        "num_activities": 250,
        "time": "2024-02-13 18:19:23"
    }
}