{
    "Botond": {
        "mi": 400.0257247673586,
        "recent1": 5.46427612741589,
        "recent3": 21.06317853734192,
        "recent7": 37.98255686789151
    },
    "Travis": {
        "mi": 979.4224851865106,
        "recent1": 4.215692853734192,
        "recent3": 10.474951284498527,
        "recent7": 30.228403622842595
    },
    "Brib": {
        "mi": 3496.939374055516,
        "recent1": 15.017920345184123,
        "recent3": 49.59144844110395,
        "recent7": 168.115952835441
    },
    "Justin": {
        "mi": 2803.222555277181,
        "recent1": 0,
        "recent3": 21.409903662610354,
        "recent7": 21.409903662610354
    },
    "Luke": {
        "mi": 279.6078402131552,
        "recent1": 0,
        "recent3": 0,
        "recent7": 5.1191044301280515
    },
    "Jerome": {
        "mi": 1031.6958959675496,
        "recent1": 0,
        "recent3": 0,
        "recent7": 0
    },
    "conor": {
        "mi": 25.448381452318454,
        "recent1": 0,
        "recent3": 0,
        "recent7": 0
    },
    "Brendan": {
        "mi": 40.85061987990137,
        "recent1": 0,
        "recent3": 0,
        "recent7": 0
    },
    "Tyler": {
        "mi": 113.99986578382249,
        "recent1": 0,
        "recent3": 0,
        "recent7": 0
    },
    "_meta": {
        "num_activities": 797,
        "time": "2024-07-12 01:13:52"
    }
}