{
    "Botond": {
        "mi": 83.66582905829954,
        "recent1": 5.209700349956255,
        "recent3": 14.068837986160819,
        "recent7": 83.66582905829954
    },
    "Justin": {
        "mi": 2555.271340372226,
        "recent1": 19.27679849677881,
        "recent3": 60.69597301757734,
        "recent7": 79.40390618786287
    },
    "Travis": {
        "mi": 867.8941854569314,
        "recent1": 2.0504627972639784,
        "recent3": 7.45235325697924,
        "recent7": 59.45248498767199
    },
    "Brib": {
        "mi": 2644.972858506324,
        "recent1": 0,
        "recent3": 36.18586206553726,
        "recent7": 117.96806649168853
    },
    "Luke": {
        "mi": 203.06087449296112,
        "recent1": 0,
        "recent3": 3.641359460749224,
        "recent7": 11.046053547283861
    },
    "Jerome": {
        "mi": 1031.6958959675496,
        "recent1": 0,
        "recent3": 0,
        "recent7": 0
    },
    "conor": {
        "mi": 25.448381452318454,
        "recent1": 0,
        "recent3": 0,
        "recent7": 0
    },
    "Brendan": {
        "mi": 40.85061987990137,
        "recent1": 0,
        "recent3": 0,
        "recent7": 0
    },
    "Tyler": {
        "mi": 113.99986578382249,
        "recent1": 0,
        "recent3": 0,
        "recent7": 0
    },
    "_meta": {
        "num_activities": 553,
        "time": "2024-05-09 13:46:44"
    }
}