{
    "Justin": {
        "mi": 2289.999652032133,
        "recent1": 17.55454396325459,
        "recent3": 17.55454396325459,
        "recent7": 66.53735932156206
    },
    "Brib": {
        "mi": 2420.6348673745338,
        "recent1": 21.726430147936053,
        "recent3": 44.30575439433707,
        "recent7": 118.52096257854132
    },
    "Luke": {
        "mi": 172.17537083432757,
        "recent1": 0,
        "recent3": 0,
        "recent7": 0
    },
    "Jerome": {
        "mi": 1031.6958959675496,
        "recent1": 0,
        "recent3": 0,
        "recent7": 0
    },
    "Travis": {
        "mi": 808.4417004692593,
        "recent1": 0,
        "recent3": 0,
        "recent7": 0
    },
    "conor": {
        "mi": 25.448381452318454,
        "recent1": 0,
        "recent3": 0,
        "recent7": 0
    },
    "Brendan": {
        "mi": 40.85061987990137,
        "recent1": 0,
        "recent3": 0,
        "recent7": 0
    },
    "Tyler": {
        "mi": 113.99986578382249,
        "recent1": 0,
        "recent3": 0,
        "recent7": 0
    },
    "_meta": {
        "num_activities": 462,
        "time": "2024-04-19 13:17:50"
    }
}