{
    "Botond": {
        "mi": 253.33794390757961,
        "recent1": 5.78465511413346,
        "recent3": 18.68028215223097,
        "recent7": 42.39826910840689
    },
    "Luke": {
        "mi": 267.69839139425756,
        "recent1": 0,
        "recent3": 5.546234987671995,
        "recent7": 16.34616340571065
    },
    "Justin": {
        "mi": 2701.5456608406894,
        "recent1": 0,
        "recent3": 20.8138844150163,
        "recent7": 52.05120844269465
    },
    "Brib": {
        "mi": 3003.5692804024507,
        "recent1": 0,
        "recent3": 22.26167929292929,
        "recent7": 71.71810377396007
    },
    "Travis": {
        "mi": 916.8554392348681,
        "recent1": 0,
        "recent3": 4.562480116121848,
        "recent7": 11.363139266682573
    },
    "Jerome": {
        "mi": 1031.6958959675496,
        "recent1": 0,
        "recent3": 0,
        "recent7": 0
    },
    "conor": {
        "mi": 25.448381452318454,
        "recent1": 0,
        "recent3": 0,
        "recent7": 0
    },
    "Brendan": {
        "mi": 40.85061987990137,
        "recent1": 0,
        "recent3": 0,
        "recent7": 0
    },
    "Tyler": {
        "mi": 113.99986578382249,
        "recent1": 0,
        "recent3": 0,
        "recent7": 0
    },
    "_meta": {
        "num_activities": 692,
        "time": "2024-06-09 20:19:04"
    }
}