{
    "Justin": {
        "mi": 2397.4959983695226,
        "recent1": 17.982482303348444,
        "recent3": 40.340846953789864,
        "recent7": 107.49634633738964
    },
    "Luke": {
        "mi": 182.90085898353618,
        "recent1": 1.1526435616002544,
        "recent3": 4.475239600731726,
        "recent7": 10.72548814920862
    },
    "Brib": {
        "mi": 2527.0047920146358,
        "recent1": 0,
        "recent3": 41.17584556191839,
        "recent7": 83.201043406506
    },
    "Jerome": {
        "mi": 1031.6958959675496,
        "recent1": 0,
        "recent3": 0,
        "recent7": 0
    },
    "Travis": {
        "mi": 808.4417004692593,
        "recent1": 0,
        "recent3": 0,
        "recent7": 0
    },
    "conor": {
        "mi": 25.448381452318454,
        "recent1": 0,
        "recent3": 0,
        "recent7": 0
    },
    "Brendan": {
        "mi": 40.85061987990137,
        "recent1": 0,
        "recent3": 0,
        "recent7": 0
    },
    "Tyler": {
        "mi": 113.99986578382249,
        "recent1": 0,
        "recent3": 0,
        "recent7": 0
    },
    "_meta": {
        "num_activities": 480,
        "time": "2024-04-26 20:46:40"
    }
}