{
    "Travis": {
        "mi": 724.7415717211484,
        "recent1": 20.500029825817222,
        "recent3": 30.500067108088757,
        "recent7": 69.5001193032689
    },
    "Justin": {
        "mi": 1798.5417660860583,
        "recent1": 20.20904169649248,
        "recent3": 20.20904169649248,
        "recent7": 165.67439900978286
    },
    "Brib": {
        "mi": 1778.2727620695139,
        "recent1": 10.519192913385826,
        "recent3": 60.66391026405789,
        "recent7": 246.19901027996497
    },
    "Jerome": {
        "mi": 941.5000149129085,
        "recent1": 0,
        "recent3": 2.0000074564543064,
        "recent7": 73.95280312972241
    },
    "Luke": {
        "mi": 161.23060079137838,
        "recent1": 0,
        "recent3": 0,
        "recent7": 0
    },
    "conor": {
        "mi": 25.448381452318454,
        "recent1": 0,
        "recent3": 0,
        "recent7": 0
    },
    "Brendan": {
        "mi": 40.85061987990137,
        "recent1": 0,
        "recent3": 0,
        "recent7": 0
    },
    "Tyler": {
        "mi": 113.99986578382249,
        "recent1": 0,
        "recent3": 0,
        "recent7": 0
    },
    "_meta": {
        "num_activities": 364,
        "time": "2024-03-10 16:31:19"
    }
}