{
    "Brib": {
        "mi": 2255.279418197727,
        "recent1": 42.52179770142368,
        "recent3": 42.52179770142368,
        "recent7": 125.9797159588006
    },
    "Justin": {
        "mi": 2207.3046533245847,
        "recent1": 15.783884613855085,
        "recent3": 48.88134544261513,
        "recent7": 105.50833134494552
    },
    "Luke": {
        "mi": 171.35528513481273,
        "recent1": 0,
        "recent3": 0,
        "recent7": 0
    },
    "Jerome": {
        "mi": 1031.6958959675496,
        "recent1": 0,
        "recent3": 0,
        "recent7": 0
    },
    "Travis": {
        "mi": 808.4417004692593,
        "recent1": 0,
        "recent3": 0,
        "recent7": 0
    },
    "conor": {
        "mi": 25.448381452318454,
        "recent1": 0,
        "recent3": 0,
        "recent7": 0
    },
    "Brendan": {
        "mi": 40.85061987990137,
        "recent1": 0,
        "recent3": 0,
        "recent7": 0
    },
    "Tyler": {
        "mi": 113.99986578382249,
        "recent1": 0,
        "recent3": 0,
        "recent7": 0
    },
    "_meta": {
        "num_activities": 449,
        "time": "2024-04-09 17:13:33"
    }
}