{
    "Botond": {
        "mi": 393.0251705042552,
        "recent1": 10.839571900103396,
        "recent3": 24.296980633102677,
        "recent7": 38.11981776425674
    },
    "Justin": {
        "mi": 2803.222555277181,
        "recent1": 21.409903662610354,
        "recent3": 21.409903662610354,
        "recent7": 21.409903662610354
    },
    "Travis": {
        "mi": 971.9487567605183,
        "recent1": 3.0012228585063228,
        "recent3": 15.61605225483178,
        "recent7": 22.754675196850393
    },
    "Brib": {
        "mi": 3468.1972903245046,
        "recent1": 0,
        "recent3": 77.2901256661099,
        "recent7": 160.37957080649008
    },
    "Luke": {
        "mi": 279.6078402131552,
        "recent1": 0,
        "recent3": 2.678979758212041,
        "recent7": 8.546152966674619
    },
    "Jerome": {
        "mi": 1031.6958959675496,
        "recent1": 0,
        "recent3": 0,
        "recent7": 0
    },
    "conor": {
        "mi": 25.448381452318454,
        "recent1": 0,
        "recent3": 0,
        "recent7": 0
    },
    "Brendan": {
        "mi": 40.85061987990137,
        "recent1": 0,
        "recent3": 0,
        "recent7": 0
    },
    "Tyler": {
        "mi": 113.99986578382249,
        "recent1": 0,
        "recent3": 0,
        "recent7": 0
    },
    "_meta": {
        "num_activities": 789,
        "time": "2024-07-10 21:27:09"
    }
}