{
    "Botond": {
        "mi": 266.3575344985285,
        "recent1": 3.54492265171399,
        "recent3": 13.019590590948857,
        "recent7": 34.79268571542193
    },
    "Brib": {
        "mi": 3066.935099021714,
        "recent1": 21.646583949733557,
        "recent3": 63.3658186192635,
        "recent7": 98.8550614411835
    },
    "Travis": {
        "mi": 928.1632143283225,
        "recent1": 4.566208343275273,
        "recent3": 11.307775093454227,
        "recent7": 15.870255209576076
    },
    "Justin": {
        "mi": 2737.04608834407,
        "recent1": 0,
        "recent3": 35.50042750338026,
        "recent7": 73.73948639942734
    },
    "Luke": {
        "mi": 267.69839139425756,
        "recent1": 0,
        "recent3": 0,
        "recent7": 9.822138709933984
    },
    "Jerome": {
        "mi": 1031.6958959675496,
        "recent1": 0,
        "recent3": 0,
        "recent7": 0
    },
    "conor": {
        "mi": 25.448381452318454,
        "recent1": 0,
        "recent3": 0,
        "recent7": 0
    },
    "Brendan": {
        "mi": 40.85061987990137,
        "recent1": 0,
        "recent3": 0,
        "recent7": 0
    },
    "Tyler": {
        "mi": 113.99986578382249,
        "recent1": 0,
        "recent3": 0,
        "recent7": 0
    },
    "_meta": {
        "num_activities": 705,
        "time": "2024-06-12 19:14:02"
    }
}