{
    "Jerome": {
        "mi": 783.1421374174818,
        "recent1": 15.15797741191442,
        "recent3": 32.53468493995069,
        "recent7": 32.53468493995069
    },
    "Travis": {
        "mi": 607.7413529984888,
        "recent1": 37.40002137516901,
        "recent3": 40.90001888968424,
        "recent7": 50.200081523900415
    },
    "Brib": {
        "mi": 1289.6268914539085,
        "recent1": 33.5861692714547,
        "recent3": 66.14210510617991,
        "recent7": 66.14210510617991
    },
    "Justin": {
        "mi": 1403.767435675654,
        "recent1": 25.330818022747156,
        "recent3": 76.36925355921417,
        "recent7": 196.1582483297542
    },
    "conor": {
        "mi": 25.448381452318454,
        "recent1": 0,
        "recent3": 0,
        "recent7": 8.93364004215382
    },
    "Luke": {
        "mi": 151.29742304939157,
        "recent1": 0,
        "recent3": 0,
        "recent7": 12.689642487870834
    },
    "Brendan": {
        "mi": 40.85061987990137,
        "recent1": 0,
        "recent3": 0,
        "recent7": 2.0000074564543064
    },
    "Tyler": {
        "mi": 113.99986578382249,
        "recent1": 0,
        "recent3": 0,
        "recent7": 0
    },
    "_meta": {
        "num_activities": 310,
        "time": "2024-02-28 21:13:13"
    }
}