{
    "Brib": {
        "mi": 1433.3628484649641,
        "recent1": 74.76083422810785,
        "recent3": 159.24730821999523,
        "recent7": 209.87806211723534
    },
    "Jerome": {
        "mi": 842.3586877634613,
        "recent1": 44.09647657679153,
        "recent3": 74.37452775789389,
        "recent7": 91.75123528593015
    },
    "Justin": {
        "mi": 1500.3702129563353,
        "recent1": 61.49754185556351,
        "recent3": 96.60277728068083,
        "recent7": 235.99615744054722
    },
    "Travis": {
        "mi": 635.1413992285056,
        "recent1": 14.500007456454306,
        "recent3": 40.50004225324107,
        "recent7": 72.50009941939075
    },
    "conor": {
        "mi": 25.448381452318454,
        "recent1": 0,
        "recent3": 0,
        "recent7": 8.93364004215382
    },
    "Luke": {
        "mi": 151.29742304939157,
        "recent1": 0,
        "recent3": 0,
        "recent7": 12.689642487870834
    },
    "Brendan": {
        "mi": 40.85061987990137,
        "recent1": 0,
        "recent3": 0,
        "recent7": 0
    },
    "Tyler": {
        "mi": 113.99986578382249,
        "recent1": 0,
        "recent3": 0,
        "recent7": 0
    },
    "_meta": {
        "num_activities": 326,
        "time": "2024-03-02 02:46:43"
    }
}