{
    "Justin": {
        "mi": 2475.8674341843634,
        "recent1": 16.839967092181656,
        "recent3": 58.51210182534001,
        "recent7": 96.35391811818977
    },
    "Luke": {
        "mi": 192.0148209456773,
        "recent1": 0,
        "recent3": 1.26790791776028,
        "recent7": 10.26660552374135
    },
    "Brib": {
        "mi": 2527.0047920146358,
        "recent1": 0,
        "recent3": 0,
        "recent7": 20.551417223415257
    },
    "Jerome": {
        "mi": 1031.6958959675496,
        "recent1": 0,
        "recent3": 0,
        "recent7": 0
    },
    "Travis": {
        "mi": 808.4417004692593,
        "recent1": 0,
        "recent3": 0,
        "recent7": 0
    },
    "conor": {
        "mi": 25.448381452318454,
        "recent1": 0,
        "recent3": 0,
        "recent7": 0
    },
    "Brendan": {
        "mi": 40.85061987990137,
        "recent1": 0,
        "recent3": 0,
        "recent7": 0
    },
    "Tyler": {
        "mi": 113.99986578382249,
        "recent1": 0,
        "recent3": 0,
        "recent7": 0
    },
    "_meta": {
        "num_activities": 489,
        "time": "2024-05-02 13:16:03"
    }
}