{
    "Justin": {
        "mi": 1479.9584178398156,
        "recent1": 41.085746739043984,
        "recent3": 132.1598116996739,
        "recent7": 215.58436232402767
    },
    "Brib": {
        "mi": 1358.6020142368563,
        "recent1": 45.2816178517458,
        "recent3": 115.0781312137119,
        "recent7": 135.11722788912746
    },
    "Jerome": {
        "mi": 798.2622111866697,
        "recent1": 15.12007376918794,
        "recent3": 47.65475870913862,
        "recent7": 47.65475870913862
    },
    "Travis": {
        "mi": 620.6413917720513,
        "recent1": 12.900038773562395,
        "recent3": 50.300060148731404,
        "recent7": 58.000091962936445
    },
    "conor": {
        "mi": 25.448381452318454,
        "recent1": 0,
        "recent3": 0,
        "recent7": 8.93364004215382
    },
    "Luke": {
        "mi": 151.29742304939157,
        "recent1": 0,
        "recent3": 0,
        "recent7": 12.689642487870834
    },
    "Brendan": {
        "mi": 40.85061987990137,
        "recent1": 0,
        "recent3": 0,
        "recent7": 2.0000074564543064
    },
    "Tyler": {
        "mi": 113.99986578382249,
        "recent1": 0,
        "recent3": 0,
        "recent7": 0
    },
    "_meta": {
        "num_activities": 320,
        "time": "2024-03-01 13:46:53"
    }
}