{
    "Botond": {
        "mi": 89.06939722023385,
        "recent1": 5.403568161934303,
        "recent3": 10.613268511890558,
        "recent7": 27.132110971923964
    },
    "Luke": {
        "mi": 209.98195538057746,
        "recent1": 3.617623081205758,
        "recent3": 6.92108088761632,
        "recent7": 17.96713443490018
    },
    "Justin": {
        "mi": 2575.102277698242,
        "recent1": 19.830937326016063,
        "recent3": 39.10773582279487,
        "recent7": 99.23484351387894
    },
    "Brib": {
        "mi": 2666.5694220750825,
        "recent1": 0,
        "recent3": 37.27406943450251,
        "recent7": 128.02297085023463
    },
    "Travis": {
        "mi": 867.8941854569314,
        "recent1": 0,
        "recent3": 2.0504627972639784,
        "recent7": 59.45248498767199
    },
    "Jerome": {
        "mi": 1031.6958959675496,
        "recent1": 0,
        "recent3": 0,
        "recent7": 0
    },
    "conor": {
        "mi": 25.448381452318454,
        "recent1": 0,
        "recent3": 0,
        "recent7": 0
    },
    "Brendan": {
        "mi": 40.85061987990137,
        "recent1": 0,
        "recent3": 0,
        "recent7": 0
    },
    "Tyler": {
        "mi": 113.99986578382249,
        "recent1": 0,
        "recent3": 0,
        "recent7": 0
    },
    "_meta": {
        "num_activities": 560,
        "time": "2024-05-11 16:18:41"
    }
}