{
    "Justin": {
        "mi": 2101.7963219796393,
        "recent1": 18.338403722261987,
        "recent3": 39.04336176727909,
        "recent7": 53.99075648214428
    },
    "Luke": {
        "mi": 171.35528513481273,
        "recent1": 0.7240838503141652,
        "recent3": 2.354872544341048,
        "recent7": 2.354872544341048
    },
    "Jerome": {
        "mi": 1031.6958959675496,
        "recent1": 16.489389465521352,
        "recent3": 16.489389465521352,
        "recent7": 16.489389465521352
    },
    "Brib": {
        "mi": 2129.2997022389254,
        "recent1": 22.01120456533842,
        "recent3": 22.01120456533842,
        "recent7": 104.48953113815318
    },
    "Travis": {
        "mi": 808.4417004692593,
        "recent1": 0,
        "recent3": 0,
        "recent7": 0
    },
    "conor": {
        "mi": 25.448381452318454,
        "recent1": 0,
        "recent3": 0,
        "recent7": 0
    },
    "Brendan": {
        "mi": 40.85061987990137,
        "recent1": 0,
        "recent3": 0,
        "recent7": 0
    },
    "Tyler": {
        "mi": 113.99986578382249,
        "recent1": 0,
        "recent3": 0,
        "recent7": 0
    },
    "_meta": {
        "num_activities": 435,
        "time": "2024-04-02 13:16:29"
    }
}