{
    "Botond": {
        "mi": 87.51335948063313,
        "recent1": 3.8475304223335716,
        "recent3": 9.057230772289827,
        "recent7": 25.576073232323232
    },
    "Brib": {
        "mi": 2666.5694220750825,
        "recent1": 21.59656356875845,
        "recent3": 37.27406943450251,
        "recent7": 128.02297085023463
    },
    "Luke": {
        "mi": 206.36433229937168,
        "recent1": 1.807195975503062,
        "recent3": 3.303457806410562,
        "recent7": 14.349511353694425
    },
    "Justin": {
        "mi": 2555.271340372226,
        "recent1": 0,
        "recent3": 19.27679849677881,
        "recent7": 79.40390618786287
    },
    "Travis": {
        "mi": 867.8941854569314,
        "recent1": 0,
        "recent3": 2.0504627972639784,
        "recent7": 59.45248498767199
    },
    "Jerome": {
        "mi": 1031.6958959675496,
        "recent1": 0,
        "recent3": 0,
        "recent7": 0
    },
    "conor": {
        "mi": 25.448381452318454,
        "recent1": 0,
        "recent3": 0,
        "recent7": 0
    },
    "Brendan": {
        "mi": 40.85061987990137,
        "recent1": 0,
        "recent3": 0,
        "recent7": 0
    },
    "Tyler": {
        "mi": 113.99986578382249,
        "recent1": 0,
        "recent3": 0,
        "recent7": 0
    },
    "_meta": {
        "num_activities": 557,
        "time": "2024-05-10 20:15:50"
    }
}