{
    "Brib": {
        "mi": 3517.6217141891357,
        "recent1": 20.68234013361966,
        "recent3": 49.424423864630555,
        "recent7": 188.79829296906067
    },
    "Botond": {
        "mi": 403.246353793844,
        "recent1": 7.130545116519525,
        "recent3": 19.511117573371507,
        "recent7": 37.01837518889684
    },
    "Travis": {
        "mi": 979.4224851865106,
        "recent1": 4.215692853734192,
        "recent3": 10.474951284498527,
        "recent7": 30.228403622842595
    },
    "Justin": {
        "mi": 2803.222555277181,
        "recent1": 0,
        "recent3": 21.409903662610354,
        "recent7": 21.409903662610354
    },
    "Luke": {
        "mi": 279.6078402131552,
        "recent1": 0,
        "recent3": 0,
        "recent7": 5.1191044301280515
    },
    "Jerome": {
        "mi": 1031.6958959675496,
        "recent1": 0,
        "recent3": 0,
        "recent7": 0
    },
    "conor": {
        "mi": 25.448381452318454,
        "recent1": 0,
        "recent3": 0,
        "recent7": 0
    },
    "Brendan": {
        "mi": 40.85061987990137,
        "recent1": 0,
        "recent3": 0,
        "recent7": 0
    },
    "Tyler": {
        "mi": 113.99986578382249,
        "recent1": 0,
        "recent3": 0,
        "recent7": 0
    },
    "_meta": {
        "num_activities": 799,
        "time": "2024-07-12 17:30:23"
    }
}