{
    "Jerome": {
        "mi": 591.7578218205679,
        "recent1": 33.56423486836873,
        "recent3": 63.899762884753045,
        "recent7": 148.13681848007633
    },
    "Justin": {
        "mi": 680.1778240077945,
        "recent1": 20.132053805774277,
        "recent3": 71.22517000715818,
        "recent7": 132.40867086216494
    },
    "Tyler": {
        "mi": 95.1999075399666,
        "recent1": 6.999995029030461,
        "recent3": 16.99997017418277,
        "recent7": 26.99994531933508
    },
    "Travis": {
        "mi": 364.64087230573443,
        "recent1": 13.399994034836553,
        "recent3": 33.500047224210604,
        "recent7": 57.10009792809988
    },
    "Luke": {
        "mi": 69.15208929849678,
        "recent1": 1.731947924123121,
        "recent3": 4.232656287282271,
        "recent7": 29.654443052572972
    },
    "Brib": {
        "mi": 749.1838289389963,
        "recent1": 20.28360623956096,
        "recent3": 71.40462200747633,
        "recent7": 211.13509603913144
    },
    "Brendan": {
        "mi": 35.08827199156923,
        "recent1": 0,
        "recent3": 0,
        "recent7": 31.705154398313844
    },
    "conor": {
        "mi": 7.710843672949971,
        "recent1": 0,
        "recent3": 0,
        "recent7": 0
    },
    "_meta": {
        "num_activities": 192,
        "time": "2024-01-31 17:46:28"
    }
}