{
    "Jerome": {
        "mi": 329.2462643163922,
        "recent1": 0.0,
        "recent3": 36.68954555396484,
        "recent7": 175.5573699594369
    },
    "Travis": {
        "mi": 221.7405352739998,
        "recent1": 24.000089477451677,
        "recent3": 34.00012675972321,
        "recent7": 73.50025849041596
    },
    "Luke": {
        "mi": 30.695053388212834,
        "recent1": 2.3556181897717328,
        "recent3": 7.9860489739918865,
        "recent7": 30.695053388212834
    },
    "Brib": {
        "mi": 414.98219150163044,
        "recent1": 20.430622663644318,
        "recent3": 58.50700658156367,
        "recent7": 224.7070856199793
    },
    "Justin": {
        "mi": 375.8997454863597,
        "recent1": 20.51997584108804,
        "recent3": 73.18721168376679,
        "recent7": 198.74880696731088
    },
    "Tyler": {
        "mi": 45.19996967708582,
        "recent1": 1.499990058060924,
        "recent3": 16.500014912908615,
        "recent7": 30.29998558418834
    },
    "conor": {
        "mi": 7.710843672949971,
        "recent1": 0,
        "recent3": 0,
        "recent7": 0
    },
    "_meta": {
        "num_activities": 118,
        "time": "2024-01-18 17:46:45"
    }
}