{
    "Jerome": {
        "mi": 474.04849429332705,
        "recent1": 30.427490952835438,
        "recent3": 87.94241628887298,
        "recent7": 158.94532182056787
    },
    "Brib": {
        "mi": 583.5047075081524,
        "recent1": 22.228187385667702,
        "recent3": 66.7565790781834,
        "recent7": 168.52251600652193
    },
    "Justin": {
        "mi": 567.9849677881172,
        "recent1": 20.21581464248787,
        "recent3": 61.049781774437285,
        "recent7": 192.0852223017577
    },
    "Travis": {
        "mi": 309.540781834089,
        "recent1": 2.0000074564543064,
        "recent3": 15.300085003579095,
        "recent7": 87.80024656008908
    },
    "Brendan": {
        "mi": 5.033106657122405,
        "recent1": 1.6499890638670165,
        "recent3": 5.033106657122405,
        "recent7": 5.033106657122405
    },
    "Tyler": {
        "mi": 68.1999622206315,
        "recent1": 0,
        "recent3": 22.999992543545687,
        "recent7": 22.999992543545687
    },
    "Luke": {
        "mi": 39.49764624592379,
        "recent1": 0,
        "recent3": 0,
        "recent7": 8.802592857710968
    },
    "conor": {
        "mi": 7.710843672949971,
        "recent1": 0,
        "recent3": 0,
        "recent7": 0
    },
    "_meta": {
        "num_activities": 155,
        "time": "2024-01-25 21:12:41"
    }
}