{
    "Luke": {
        "mi": 199.4195150322119,
        "recent1": 1.4633291577189214,
        "recent3": 7.4046940865346365,
        "recent7": 8.672602004294916
    },
    "Brib": {
        "mi": 2608.786996440787,
        "recent1": 44.59686679790026,
        "recent3": 70.24054521593891,
        "recent7": 81.78220442615127
    },
    "Botond": {
        "mi": 68.13167352660464,
        "recent1": 0,
        "recent3": 6.194387278294758,
        "recent7": 68.13167352660464
    },
    "Justin": {
        "mi": 2494.5753673546487,
        "recent1": 0,
        "recent3": 18.707933170285532,
        "recent7": 77.22003499562554
    },
    "Jerome": {
        "mi": 1031.6958959675496,
        "recent1": 0,
        "recent3": 0,
        "recent7": 0
    },
    "Travis": {
        "mi": 808.4417004692593,
        "recent1": 0,
        "recent3": 0,
        "recent7": 0
    },
    "conor": {
        "mi": 25.448381452318454,
        "recent1": 0,
        "recent3": 0,
        "recent7": 0
    },
    "Brendan": {
        "mi": 40.85061987990137,
        "recent1": 0,
        "recent3": 0,
        "recent7": 0
    },
    "Tyler": {
        "mi": 113.99986578382249,
        "recent1": 0,
        "recent3": 0,
        "recent7": 0
    },
    "_meta": {
        "num_activities": 529,
        "time": "2024-05-06 18:46:54"
    }
}