{
    "Brib": {
        "mi": 814.974548635966,
        "recent1": 3.0820632506164003,
        "recent3": 44.281272369362924,
        "recent7": 137.19534170444604
    },
    "Travis": {
        "mi": 404.7410000596516,
        "recent1": 15.60008301519128,
        "recent3": 40.10012775391712,
        "recent7": 74.60020977491449
    },
    "Jerome": {
        "mi": 599.7578516463851,
        "recent1": 4.000014912908613,
        "recent3": 8.000029825817226,
        "recent7": 92.03681748588244
    },
    "Luke": {
        "mi": 98.33304750258488,
        "recent1": 1.8295653384236061,
        "recent3": 27.50418804183568,
        "recent7": 50.456521414936766
    },
    "Justin": {
        "mi": 720.619395231846,
        "recent1": 0,
        "recent3": 40.441571224051536,
        "recent7": 111.66674123120973
    },
    "Tyler": {
        "mi": 100.49989312415494,
        "recent1": 0,
        "recent3": 5.29998558418834,
        "recent7": 22.29995575837111
    },
    "Brendan": {
        "mi": 38.1951279527559,
        "recent1": 0,
        "recent3": 3.1068559611866697,
        "recent7": 25.897819235663718
    },
    "conor": {
        "mi": 7.710843672949971,
        "recent1": 0,
        "recent3": 0,
        "recent7": 0
    },
    "_meta": {
        "num_activities": 211,
        "time": "2024-02-03 15:46:48"
    }
}