{
    "Brib": {
        "mi": 3328.823421220075,
        "recent1": 21.00570170205997,
        "recent3": 42.42902698242265,
        "recent7": 66.4667094170047
    },
    "Luke": {
        "mi": 274.48873578302715,
        "recent1": 3.4270485365465677,
        "recent3": 3.4270485365465677,
        "recent7": 3.4270485365465677
    },
    "Botond": {
        "mi": 362.0431678994672,
        "recent1": 0,
        "recent3": 11.802635110952039,
        "recent7": 24.58796876242742
    },
    "Travis": {
        "mi": 949.1940815636681,
        "recent1": 0,
        "recent3": 0,
        "recent7": 0
    },
    "Justin": {
        "mi": 2781.8126516145703,
        "recent1": 0,
        "recent3": 0,
        "recent7": 0
    },
    "Jerome": {
        "mi": 1031.6958959675496,
        "recent1": 0,
        "recent3": 0,
        "recent7": 0
    },
    "conor": {
        "mi": 25.448381452318454,
        "recent1": 0,
        "recent3": 0,
        "recent7": 0
    },
    "Brendan": {
        "mi": 40.85061987990137,
        "recent1": 0,
        "recent3": 0,
        "recent7": 0
    },
    "Tyler": {
        "mi": 113.99986578382249,
        "recent1": 0,
        "recent3": 0,
        "recent7": 0
    },
    "_meta": {
        "num_activities": 764,
        "time": "2024-07-04 20:16:56"
    }
}