{
    "Travis": {
        "mi": 673.5415175375806,
        "recent1": 2.2000268432355043,
        "recent3": 52.9001257655293,
        "recent7": 106.70018342877593
    },
    "Jerome": {
        "mi": 903.9959138630396,
        "recent1": 15.2791447944007,
        "recent3": 105.73370267636999,
        "recent7": 153.38846138550863
    },
    "Brib": {
        "mi": 1623.1778289787642,
        "recent1": 60.59686431241549,
        "recent3": 241.00366360454944,
        "recent7": 399.69304263103487
    },
    "Justin": {
        "mi": 1678.1602317466006,
        "recent1": 45.2928646703253,
        "recent3": 198.20181390678437,
        "recent7": 330.3616256064583
    },
    "Luke": {
        "mi": 161.23060079137838,
        "recent1": 0,
        "recent3": 9.933177741986796,
        "recent7": 9.933177741986796
    },
    "conor": {
        "mi": 25.448381452318454,
        "recent1": 0,
        "recent3": 0,
        "recent7": 0
    },
    "Brendan": {
        "mi": 40.85061987990137,
        "recent1": 0,
        "recent3": 0,
        "recent7": 0
    },
    "Tyler": {
        "mi": 113.99986578382249,
        "recent1": 0,
        "recent3": 0,
        "recent7": 0
    },
    "_meta": {
        "num_activities": 345,
        "time": "2024-03-04 22:13:14"
    }
}