{
    "Luke": {
        "mi": 255.55499632148255,
        "recent1": 4.202768332935655,
        "recent3": 9.525371828521433,
        "recent7": 19.852063946552132
    },
    "Botond": {
        "mi": 215.7835117911396,
        "recent1": 4.843836991966913,
        "recent3": 4.843836991966913,
        "recent7": 22.48400590551181
    },
    "Brib": {
        "mi": 2931.851176628491,
        "recent1": 0,
        "recent3": 31.510913763620454,
        "recent7": 109.07661755348762
    },
    "Justin": {
        "mi": 2649.494452397995,
        "recent1": 0,
        "recent3": 0,
        "recent7": 18.608948739362123
    },
    "Travis": {
        "mi": 905.4922999681855,
        "recent1": 0,
        "recent3": 0,
        "recent7": 4.189160303825658
    },
    "Jerome": {
        "mi": 1031.6958959675496,
        "recent1": 0,
        "recent3": 0,
        "recent7": 0
    },
    "conor": {
        "mi": 25.448381452318454,
        "recent1": 0,
        "recent3": 0,
        "recent7": 0
    },
    "Brendan": {
        "mi": 40.85061987990137,
        "recent1": 0,
        "recent3": 0,
        "recent7": 0
    },
    "Tyler": {
        "mi": 113.99986578382249,
        "recent1": 0,
        "recent3": 0,
        "recent7": 0
    },
    "_meta": {
        "num_activities": 661,
        "time": "2024-06-03 22:16:19"
    }
}