{
    "Luke": {
        "mi": 316.0085102998489,
        "recent1": 2.4728709337469175,
        "recent3": 2.4728709337469175,
        "recent7": 5.965474131074524
    },
    "Brib": {
        "mi": 3764.667653404121,
        "recent1": 21.008125049709694,
        "recent3": 52.58440706275351,
        "recent7": 119.07795971526285
    },
    "Botond": {
        "mi": 476.82913037858907,
        "recent1": 0,
        "recent3": 1.7425733715103793,
        "recent7": 18.689043486041513
    },
    "Justin": {
        "mi": 2863.8468841962936,
        "recent1": 0,
        "recent3": 0,
        "recent7": 39.194044281396636
    },
    "Travis": {
        "mi": 989.6744884872344,
        "recent1": 0,
        "recent3": 0,
        "recent7": 0
    },
    "Jerome": {
        "mi": 1031.6958959675496,
        "recent1": 0,
        "recent3": 0,
        "recent7": 0
    },
    "conor": {
        "mi": 25.448381452318454,
        "recent1": 0,
        "recent3": 0,
        "recent7": 0
    },
    "Brendan": {
        "mi": 40.85061987990137,
        "recent1": 0,
        "recent3": 0,
        "recent7": 0
    },
    "Tyler": {
        "mi": 113.99986578382249,
        "recent1": 0,
        "recent3": 0,
        "recent7": 0
    },
    "_meta": {
        "num_activities": 864,
        "time": "2024-08-01 01:22:01"
    }
}