{
    "Travis": {
        "mi": 497.54110991807835,
        "recent1": 2.2000268432355043,
        "recent3": 28.10008301519128,
        "recent7": 69.80011731488109
    },
    "Brib": {
        "mi": 1135.9873339696169,
        "recent1": 25.018889684244012,
        "recent3": 45.22289827407937,
        "recent7": 158.5461529666746
    },
    "Jerome": {
        "mi": 735.4902370158276,
        "recent1": 21.13308279646862,
        "recent3": 21.13308279646862,
        "recent7": 93.28229390360295
    },
    "Justin": {
        "mi": 954.9028672552292,
        "recent1": 0,
        "recent3": 50.42079257138312,
        "recent7": 157.6792158792651
    },
    "Luke": {
        "mi": 126.71423884514432,
        "recent1": 0,
        "recent3": 3.2149745486359658,
        "recent7": 3.2149745486359658
    },
    "conor": {
        "mi": 11.888632883957685,
        "recent1": 0,
        "recent3": 4.177789211007714,
        "recent7": 4.177789211007714
    },
    "Tyler": {
        "mi": 103.99989063867017,
        "recent1": 0,
        "recent3": 0,
        "recent7": 0
    },
    "Brendan": {
        "mi": 38.1951279527559,
        "recent1": 0,
        "recent3": 0,
        "recent7": 0
    },
    "_meta": {
        "num_activities": 251,
        "time": "2024-02-13 21:26:21"
    }
}