{
    "Travis": {
        "mi": 891.3026052851346,
        "recent1": 4.183567963095522,
        "recent3": 4.183567963095522,
        "recent7": 23.40841982820329
    },
    "Botond": {
        "mi": 146.13581682971446,
        "recent1": 8.714793108247832,
        "recent3": 25.22599270261672,
        "recent7": 48.91962190805694
    },
    "Luke": {
        "mi": 226.9355712638193,
        "recent1": 3.403374294122325,
        "recent3": 4.125780442217449,
        "recent7": 14.955658951721942
    },
    "Justin": {
        "mi": 2611.0379757217843,
        "recent1": 0,
        "recent3": 16.833877654497734,
        "recent7": 35.935698023542514
    },
    "Brib": {
        "mi": 2748.4781998130925,
        "recent1": 0,
        "recent3": 0,
        "recent7": 19.22522468782311
    },
    "Jerome": {
        "mi": 1031.6958959675496,
        "recent1": 0,
        "recent3": 0,
        "recent7": 0
    },
    "conor": {
        "mi": 25.448381452318454,
        "recent1": 0,
        "recent3": 0,
        "recent7": 0
    },
    "Brendan": {
        "mi": 40.85061987990137,
        "recent1": 0,
        "recent3": 0,
        "recent7": 0
    },
    "Tyler": {
        "mi": 113.99986578382249,
        "recent1": 0,
        "recent3": 0,
        "recent7": 0
    },
    "_meta": {
        "num_activities": 602,
        "time": "2024-05-20 22:30:00"
    }
}