{
    "Justin": {
        "mi": 863.0528339497334,
        "recent1": 20.363079615048115,
        "recent3": 65.82918257376917,
        "recent7": 142.43343871788753
    },
    "Travis": {
        "mi": 448.9409970770698,
        "recent1": 11.000009941939075,
        "recent3": 29.399991549351782,
        "recent7": 59.80008003260955
    },
    "Brib": {
        "mi": 1019.1683692237334,
        "recent1": 21.48061570428696,
        "recent3": 62.88910264057901,
        "recent7": 228.40393352819532
    },
    "Jerome": {
        "mi": 662.3214800564701,
        "recent1": 0,
        "recent3": 41.440736101169165,
        "recent7": 66.5636433229937
    },
    "Tyler": {
        "mi": 103.99989063867017,
        "recent1": 0,
        "recent3": 0,
        "recent7": 3.4999975145152304
    },
    "Luke": {
        "mi": 123.49926429650837,
        "recent1": 0,
        "recent3": 0,
        "recent7": 51.017371053050184
    },
    "Brendan": {
        "mi": 38.1951279527559,
        "recent1": 0,
        "recent3": 0,
        "recent7": 0
    },
    "conor": {
        "mi": 7.710843672949971,
        "recent1": 0,
        "recent3": 0,
        "recent7": 0
    },
    "_meta": {
        "num_activities": 234,
        "time": "2024-02-09 13:15:22"
    }
}